,accuracy_score(train),precision_score(train),recall_score(train),f1_score(train),accuracy_score(test),precision_score(test),recall_score(test),f1_score(test)
AVG,0.980640548,0.99460473,0.958937273,0.976434144,0.651200608,0.609520419,0.444340659,0.513701248
0,0.979459871,0.995265152,0.955454545,0.974953618,0.635258359,0.582089552,0.428571429,0.493670886
1,0.979459871,0.996204934,0.954545455,0.974930362,0.642857143,0.59223301,0.446886447,0.509394572
2,0.979079498,0.995260664,0.954545455,0.974477958,0.67781155,0.658031088,0.465201465,0.545064378
3,0.974515025,0.991436727,0.947272727,0.968851697,0.667173252,0.639175258,0.454212454,0.531049251
4,0.982502853,0.996233522,0.961818182,0.978723404,0.626139818,0.574585635,0.380952381,0.45814978
5,0.980220616,0.991557223,0.960909091,0.975992613,0.639817629,0.595744681,0.41025641,0.485900217
6,0.978699125,0.994318182,0.954545455,0.974025974,0.639817629,0.583333333,0.461538462,0.515337423
7,0.983643971,0.999055713,0.961818182,0.980083372,0.627659574,0.576086957,0.388278388,0.463894967
8,0.980220616,0.993408663,0.959090909,0.975948196,0.671732523,0.650793651,0.450549451,0.532467532
9,0.974134652,0.987712665,0.95,0.968489342,0.64893617,0.607142857,0.435897436,0.507462687
10,0.982883226,0.993451824,0.965454545,0.979253112,0.661094225,0.620192308,0.472527473,0.536382536
11,0.97793838,0.990583804,0.956363636,0.973172988,0.659574468,0.626943005,0.443223443,0.519313305
12,0.984785089,0.994402985,0.969090909,0.981583794,0.653495441,0.610837438,0.454212454,0.521008403
13,0.977558007,0.995242626,0.950909091,0.972570897,0.658054711,0.627659574,0.432234432,0.511930586
14,0.978318752,0.994312796,0.953636364,0.973549884,0.659574468,0.623115578,0.454212454,0.525423729
15,0.978318752,0.994312796,0.953636364,0.973549884,0.658054711,0.62371134,0.443223443,0.518201285
16,0.977558007,0.989651929,0.956363636,0.97272307,0.647416413,0.603015075,0.43956044,0.508474576
17,0.98212248,0.997167139,0.96,0.978230662,0.667173252,0.635,0.465201465,0.536997886
18,0.979079498,0.995260664,0.954545455,0.974477958,0.64893617,0.610526316,0.424908425,0.501079914
19,0.981361734,0.999050332,0.956363636,0.977241059,0.650455927,0.606965174,0.446886447,0.514767932
20,0.985545835,0.994413408,0.970909091,0.982520699,0.645896657,0.604166667,0.424908425,0.498924731
21,0.977558007,0.994301994,0.951818182,0.972596377,0.661094225,0.62755102,0.450549451,0.524520256
22,0.984024344,0.998116761,0.963636364,0.980573543,0.670212766,0.647368421,0.450549451,0.531317495
23,0.982883226,0.996237065,0.962727273,0.979195562,0.6443769,0.590697674,0.465201465,0.520491803
24,0.980600989,0.996215705,0.957272727,0.97635605,0.6443769,0.602094241,0.421245421,0.495689655
25,0.982502853,0.998109641,0.96,0.978683967,0.664133739,0.626213592,0.472527473,0.538622129
26,0.984024344,0.998116761,0.963636364,0.980573543,0.653495441,0.625698324,0.41025641,0.495575221
27,0.980220616,0.995274102,0.957272727,0.975903614,0.627659574,0.570707071,0.413919414,0.479830149
28,0.979459871,0.992467043,0.958181818,0.975023127,0.635258359,0.579710145,0.43956044,0.5
29,0.983643971,0.994387278,0.966363636,0.980175196,0.647416413,0.598086124,0.457875458,0.518672199
30,0.986686953,0.99719888,0.970909091,0.983878397,0.629179331,0.572139303,0.421245421,0.485232068
31,0.979459871,0.994328922,0.956363636,0.97497683,0.653495441,0.608695652,0.461538462,0.525
32,0.97793838,0.991509434,0.955454545,0.973148148,0.639817629,0.588235294,0.43956044,0.503144654
33,0.976797261,0.993352327,0.950909091,0.971667441,0.662613982,0.625615764,0.465201465,0.533613445
34,0.983263598,0.997175141,0.962727273,0.979648474,0.639817629,0.581818182,0.468864469,0.519269777
35,0.980981362,0.995283019,0.959090909,0.976851852,0.635258359,0.584615385,0.417582418,0.487179487
36,0.981742107,0.995291902,0.960909091,0.977798335,0.655015198,0.60952381,0.468864469,0.530020704
37,0.978318752,0.991517436,0.956363636,0.973623323,0.650455927,0.606965174,0.446886447,0.514767932
38,0.979079498,0.997145576,0.952727273,0.974430497,0.642857143,0.597938144,0.424908425,0.496788009
39,0.983263598,0.995309568,0.964545455,0.979686057,0.655015198,0.617346939,0.443223443,0.515991471
40,0.981742107,0.996226415,0.96,0.977777778,0.639817629,0.587378641,0.443223443,0.505219207
41,0.981361734,0.994355597,0.960909091,0.977346278,0.651975684,0.603773585,0.468864469,0.527835052
42,0.97793838,0.9943074,0.952727273,0.973073352,0.647416413,0.603015075,0.43956044,0.508474576
43,0.980600989,0.992488263,0.960909091,0.976443418,0.67781155,0.647342995,0.490842491,0.558333333
44,0.980981362,0.99249531,0.961818182,0.976915974,0.6443769,0.6,0.428571429,0.5
45,0.98212248,0.995296331,0.961818182,0.97827092,0.668693009,0.638190955,0.465201465,0.538135593
46,0.984785089,0.998120301,0.965454545,0.981515712,0.661094225,0.631578947,0.43956044,0.518358531
47,0.983263598,0.993457944,0.966363636,0.979723502,0.676291793,0.653061224,0.468864469,0.545842217
48,0.980981362,0.996219282,0.958181818,0.976830399,0.647416413,0.609625668,0.417582418,0.495652174
49,0.97793838,0.9943074,0.952727273,0.973073352,0.668693009,0.63681592,0.468864469,0.540084388
50,0.979840243,0.996208531,0.955454545,0.975406032,0.645896657,0.6,0.43956044,0.507399577
51,0.980981362,0.996219282,0.958181818,0.976830399,0.671732523,0.63507109,0.490842491,0.553719008
52,0.983643971,0.999055713,0.961818182,0.980083372,0.662613982,0.625615764,0.465201465,0.533613445
53,0.979079498,0.994323557,0.955454545,0.974501623,0.639817629,0.585714286,0.450549451,0.50931677
54,0.980981362,0.994350282,0.96,0.976873265,0.655015198,0.60952381,0.468864469,0.530020704
55,0.979840243,0.993402451,0.958181818,0.975474317,0.659574468,0.608888889,0.501831502,0.550200803
56,0.98630658,1,0.967272727,0.98336414,0.635258359,0.579710145,0.43956044,0.5
57,0.983263598,0.997175141,0.962727273,0.979648474,0.645896657,0.596153846,0.454212454,0.515592516
58,0.977177634,0.992424242,0.952727273,0.972170686,0.641337386,0.592039801,0.435897436,0.502109705
59,0.985926208,0.996265173,0.97,0.982957163,0.659574468,0.619512195,0.465201465,0.531380753
60,0.981361734,0.99342723,0.961818182,0.977367206,0.639817629,0.59375,0.417582418,0.490322581
61,0.983643971,0.995313964,0.965454545,0.980156899,0.642857143,0.609195402,0.388278388,0.474272931
62,0.978699125,0.991525424,0.957272727,0.974098057,0.647416413,0.604060914,0.435897436,0.506382979
63,0.979840243,0.999046711,0.952727273,0.975337366,0.638297872,0.592592593,0.41025641,0.484848485
64,0.97793838,0.997137405,0.95,0.972998138,0.653495441,0.610837438,0.454212454,0.521008403
65,0.981361734,0.995287465,0.96,0.977325312,0.642857143,0.587962963,0.465201465,0.519427403
66,0.979079498,0.995260664,0.954545455,0.974477958,0.6443769,0.605405405,0.41025641,0.489082969
67,0.983643971,0.996244131,0.964545455,0.980138568,0.633738602,0.58,0.424908425,0.490486258
68,0.981361734,0.99342723,0.961818182,0.977367206,0.659574468,0.620689655,0.461538462,0.529411765
69,0.982883226,0.993451824,0.965454545,0.979253112,0.6443769,0.592417062,0.457875458,0.516528926
70,0.979079498,0.99620133,0.953636364,0.97445425,0.659574468,0.620689655,0.461538462,0.529411765
71,0.982502853,0.991604478,0.966363636,0.978821363,0.633738602,0.578431373,0.432234432,0.49475891
72,0.983263598,0.996240602,0.963636364,0.979667283,0.635258359,0.582089552,0.428571429,0.493670886
73,0.979079498,0.994323557,0.955454545,0.974501623,0.651975684,0.607843137,0.454212454,0.519916143
74,0.97793838,0.995247148,0.951818182,0.973048327,0.653495441,0.619047619,0.428571429,0.506493506
75,0.983263598,0.993457944,0.966363636,0.979723502,0.647416413,0.608465608,0.421245421,0.497835498
76,0.978699125,0.993383743,0.955454545,0.974050046,0.636778116,0.584158416,0.432234432,0.496842105
77,0.978699125,0.994318182,0.954545455,0.974025974,0.656534954,0.61928934,0.446886447,0.519148936
78,0.976036516,0.993339676,0.949090909,0.970711297,0.636778116,0.581730769,0.443223443,0.503118503
79,0.982502853,0.998109641,0.96,0.978683967,0.665653495,0.633165829,0.461538462,0.533898305
80,0.978699125,0.994318182,0.954545455,0.974025974,0.64893617,0.605,0.443223443,0.511627907
81,0.979840243,0.996208531,0.955454545,0.975406032,0.641337386,0.594871795,0.424908425,0.495726496
82,0.981742107,0.991588785,0.964545455,0.977880184,0.64893617,0.607142857,0.435897436,0.507462687
83,0.974134652,0.993307839,0.944545455,0.968313141,0.627659574,0.573684211,0.399267399,0.470842333
84,0.98212248,0.995296331,0.961818182,0.97827092,0.633738602,0.58,0.424908425,0.490486258
85,0.977558007,0.995242626,0.950909091,0.972570897,0.641337386,0.594871795,0.424908425,0.495726496
86,0.982502853,0.991604478,0.966363636,0.978821363,0.639817629,0.586538462,0.446886447,0.507276507
87,0.979459871,0.995265152,0.955454545,0.974953618,0.664133739,0.62745098,0.468864469,0.536687631
88,0.984785089,0.997185741,0.966363636,0.981532779,0.647416413,0.613259669,0.406593407,0.488986784
89,0.981742107,0.996226415,0.96,0.977777778,0.638297872,0.583732057,0.446886447,0.506224066
90,0.975656143,0.993333333,0.948181818,0.970232558,0.641337386,0.592039801,0.435897436,0.502109705
91,0.978318752,0.992445703,0.955454545,0.973598888,0.632218845,0.572769953,0.446886447,0.502057613
92,0.983643971,0.997177799,0.963636364,0.980120203,0.658054711,0.604347826,0.509157509,0.552683897
93,0.979459871,0.997148289,0.953636364,0.974907063,0.661094225,0.62254902,0.465201465,0.532494759
94,0.978318752,0.994312796,0.953636364,0.973549884,0.653495441,0.611940299,0.450549451,0.518987342
95,0.979459871,0.995265152,0.955454545,0.974953618,0.647416413,0.600985222,0.446886447,0.512605042
96,0.982502853,0.994371482,0.963636364,0.978762696,0.645896657,0.603092784,0.428571429,0.501070664
97,0.983643971,0.999055713,0.961818182,0.980083372,0.633738602,0.587912088,0.391941392,0.47032967
98,0.980600989,0.998100665,0.955454545,0.976312123,0.653495441,0.619047619,0.428571429,0.506493506
99,0.979459871,0.994328922,0.956363636,0.97497683,0.632218845,0.574879227,0.435897436,0.495833333
100,0.982502853,0.994371482,0.963636364,0.978762696,0.671732523,0.644670051,0.465201465,0.540425532
101,0.981361734,0.99342723,0.961818182,0.977367206,0.635258359,0.582914573,0.424908425,0.491525424
102,0.981742107,0.998106061,0.958181818,0.977736549,0.670212766,0.64,0.468864469,0.541226216
103,0.984404717,0.997183099,0.965454545,0.981062356,0.659574468,0.616113744,0.476190476,0.537190083
104,0.976036516,0.993339676,0.949090909,0.970711297,0.655015198,0.623655914,0.424908425,0.505446623
105,0.977558007,0.994301994,0.951818182,0.972596377,0.661094225,0.617924528,0.47985348,0.540206186
106,0.982502853,0.995300752,0.962727273,0.978743068,0.680851064,0.666666667,0.461538462,0.545454545
107,0.97793838,0.9943074,0.952727273,0.973073352,0.645896657,0.605263158,0.421245421,0.496760259
108,0.984404717,0.995322732,0.967272727,0.98109728,0.645896657,0.591743119,0.472527473,0.525458248
109,0.981361734,0.995287465,0.96,0.977325312,0.638297872,0.590673575,0.417582418,0.489270386
110,0.981361734,0.996222852,0.959090909,0.977304308,0.639817629,0.582568807,0.465201465,0.517311609
111,0.985165462,0.999059266,0.965454545,0.981969487,0.659574468,0.635359116,0.421245421,0.50660793
112,0.980981362,0.995283019,0.959090909,0.976851852,0.662613982,0.623188406,0.472527473,0.5375
113,0.979459871,0.995265152,0.955454545,0.974953618,0.639817629,0.597826087,0.402930403,0.481400438
114,0.979840243,0.991549296,0.96,0.97551963,0.651975684,0.613402062,0.435897436,0.509635974
115,0.973754279,0.998067633,0.939090909,0.967681499,0.662613982,0.637837838,0.432234432,0.515283843
116,0.980981362,0.993421053,0.960909091,0.97689464,0.639817629,0.583333333,0.461538462,0.515337423
117,0.982502853,0.990689013,0.967272727,0.978840846,0.638297872,0.588832487,0.424908425,0.493617021
118,0.977558007,0.99243141,0.953636364,0.972647195,0.656534954,0.615763547,0.457875458,0.525210084
119,0.97793838,0.993371212,0.953636364,0.97309833,0.661094225,0.623762376,0.461538462,0.530526316
120,0.974515025,0.992373689,0.946363636,0.968822708,0.650455927,0.611398964,0.432234432,0.506437768
121,0.983263598,0.992537313,0.967272727,0.979742173,0.64893617,0.6,0.461538462,0.52173913
122,0.979459871,0.994328922,0.956363636,0.97497683,0.61550152,0.548076923,0.417582418,0.474012474
123,0.983643971,0.995313964,0.965454545,0.980156899,0.665653495,0.629268293,0.472527473,0.539748954
124,0.984404717,0.997183099,0.965454545,0.981062356,0.670212766,0.644329897,0.457875458,0.535331906
125,0.980600989,0.995278565,0.958181818,0.976377953,0.659574468,0.628272251,0.43956044,0.517241379
126,0.982883226,0.999053926,0.96,0.979137691,0.658054711,0.612149533,0.47985348,0.53798768
127,0.985545835,0.996261682,0.969090909,0.982488479,0.64893617,0.599056604,0.465201465,0.52371134
128,0.984404717,0.995322732,0.967272727,0.98109728,0.664133739,0.634020619,0.450549451,0.526766595
129,0.980220616,0.993408663,0.959090909,0.975948196,0.636778116,0.579439252,0.454212454,0.509240246
130,0.98212248,0.998107852,0.959090909,0.978210478,0.658054711,0.62,0.454212454,0.524312896
131,0.984404717,0.997183099,0.965454545,0.981062356,0.656534954,0.616915423,0.454212454,0.523206751
132,0.981361734,0.995287465,0.96,0.977325312,0.650455927,0.61878453,0.41025641,0.49339207
133,0.976416889,0.993346008,0.95,0.971189591,0.62006079,0.553488372,0.435897436,0.487704918
134,0.983263598,0.993457944,0.966363636,0.979723502,0.647416413,0.604060914,0.435897436,0.506382979
135,0.979840243,0.994334278,0.957272727,0.975451598,0.650455927,0.617486339,0.413919414,0.495614035
136,0.978318752,0.995251662,0.952727273,0.973525314,0.645896657,0.605263158,0.421245421,0.496760259
137,0.977558007,0.991501416,0.954545455,0.972672534,0.656534954,0.612440191,0.468864469,0.531120332
138,0.978699125,0.993383743,0.955454545,0.974050046,0.638297872,0.592592593,0.41025641,0.484848485
139,0.982883226,0.992530345,0.966363636,0.979272225,0.661094225,0.628865979,0.446886447,0.52248394
140,0.979079498,0.99620133,0.953636364,0.97445425,0.655015198,0.617346939,0.443223443,0.515991471
141,0.978318752,0.990592662,0.957272727,0.973647712,0.656534954,0.625668449,0.428571429,0.508695652
142,0.978699125,0.993383743,0.955454545,0.974050046,0.617021277,0.554404145,0.391941392,0.459227468
143,0.981742107,0.990671642,0.965454545,0.977900552,0.645896657,0.596153846,0.454212454,0.515592516
144,0.980600989,0.992488263,0.960909091,0.976443418,0.686930091,0.661835749,0.501831502,0.570833333
145,0.982502853,0.988868275,0.969090909,0.978879706,0.641337386,0.6,0.406593407,0.484716157
146,0.984024344,0.991635688,0.97,0.980698529,0.636778116,0.583333333,0.435897436,0.498951782
147,0.976036516,0.987770461,0.954545455,0.970873786,0.656534954,0.618090452,0.450549451,0.521186441
148,0.981742107,0.993433396,0.962727273,0.977839335,0.639817629,0.591836735,0.424908425,0.49466951
149,0.983643971,0.993464052,0.967272727,0.980193459,0.641337386,0.590243902,0.443223443,0.506276151
150,0.978318752,0.994312796,0.953636364,0.973549884,0.658054711,0.621212121,0.450549451,0.522292994
151,0.982502853,0.994371482,0.963636364,0.978762696,0.651975684,0.614583333,0.432234432,0.507526882
152,0.980220616,0.994339623,0.958181818,0.975925926,0.641337386,0.585253456,0.465201465,0.518367347
153,0.97793838,0.9943074,0.952727273,0.973073352,0.645896657,0.597087379,0.450549451,0.513569937
154,0.979840243,0.997150997,0.954545455,0.975383186,0.664133739,0.634020619,0.450549451,0.526766595
155,0.984404717,0.993476235,0.969090909,0.981132075,0.633738602,0.574766355,0.450549451,0.50513347
156,0.984024344,0.996247655,0.965454545,0.980609418,0.638297872,0.585365854,0.43956044,0.50209205
157,0.979079498,0.992459943,0.957272727,0.97454882,0.665653495,0.631840796,0.465201465,0.535864979
158,0.980220616,0.993408663,0.959090909,0.975948196,0.645896657,0.596153846,0.454212454,0.515592516
159,0.976416889,0.994285714,0.949090909,0.971162791,0.64893617,0.610526316,0.424908425,0.501079914
160,0.985165462,0.995331466,0.969090909,0.982035928,0.621580547,0.558823529,0.417582418,0.477987421
161,0.983263598,0.994382022,0.965454545,0.979704797,0.647416413,0.599033816,0.454212454,0.516666667
162,0.981742107,0.996226415,0.96,0.977777778,0.667173252,0.643617021,0.443223443,0.52494577
163,0.980600989,0.989729225,0.963636364,0.976508521,0.664133739,0.632653061,0.454212454,0.528784648
164,0.981742107,0.994360902,0.961818182,0.977818854,0.636778116,0.583333333,0.435897436,0.498951782
165,0.983643971,0.996244131,0.964545455,0.980138568,0.661094225,0.630208333,0.443223443,0.520430108
166,0.984785089,0.994402985,0.969090909,0.981583794,0.658054711,0.607142857,0.498168498,0.547283702
167,0.984024344,0.995318352,0.966363636,0.980627306,0.642857143,0.593137255,0.443223443,0.507337526
168,0.982883226,0.995305164,0.963636364,0.979214781,0.651975684,0.605769231,0.461538462,0.523908524
169,0.976797261,0.995233556,0.949090909,0.971614705,0.659574468,0.625641026,0.446886447,0.521367521
170,0.980220616,0.995274102,0.957272727,0.975903614,0.665653495,0.625592417,0.483516484,0.545454545
171,0.977177634,0.995238095,0.95,0.972093023,0.664133739,0.62745098,0.468864469,0.536687631
172,0.979079498,0.991533396,0.958181818,0.974572353,0.650455927,0.606965174,0.446886447,0.514767932
173,0.980981362,0.990654206,0.963636364,0.976958525,0.656534954,0.621761658,0.43956044,0.515021459
174,0.980981362,0.997159091,0.957272727,0.976808905,0.67325228,0.668604651,0.421245421,0.516853933
175,0.980981362,0.996219282,0.958181818,0.976830399,0.6443769,0.589861751,0.468864469,0.52244898
176,0.978318752,0.996194101,0.951818182,0.973500697,0.653495441,0.619047619,0.428571429,0.506493506
177,0.982502853,0.997169811,0.960909091,0.978703704,0.651975684,0.607843137,0.454212454,0.519916143
178,0.977558007,0.996186845,0.95,0.97254537,0.668693009,0.634146341,0.476190476,0.543933054
179,0.98212248,0.994366197,0.962727273,0.978290993,0.653495441,0.620320856,0.424908425,0.504347826
180,0.985926208,0.996265173,0.97,0.982957163,0.651975684,0.608910891,0.450549451,0.517894737
181,0.97793838,0.991509434,0.955454545,0.973148148,0.641337386,0.596858639,0.417582418,0.49137931
182,0.981361734,0.991580917,0.963636364,0.977408944,0.659574468,0.621890547,0.457875458,0.52742616
183,0.980981362,0.990654206,0.963636364,0.976958525,0.655015198,0.612745098,0.457875458,0.524109015
184,0.979079498,0.994323557,0.955454545,0.974501623,0.656534954,0.624338624,0.432234432,0.510822511
185,0.979079498,0.997145576,0.952727273,0.974430497,0.651975684,0.606796117,0.457875458,0.521920668
186,0.980220616,0.992481203,0.96,0.975970425,0.641337386,0.592964824,0.432234432,0.5
187,0.973373906,0.994241843,0.941818182,0.967320261,0.671732523,0.640394089,0.476190476,0.546218487
188,0.984404717,0.994397759,0.968181818,0.981114694,0.62006079,0.556650246,0.413919414,0.474789916
189,0.984785089,0.993482309,0.97,0.981600736,0.651975684,0.612244898,0.43956044,0.511727079
190,0.980220616,0.998098859,0.954545455,0.975836431,0.655015198,0.622340426,0.428571429,0.507592191
191,0.982883226,0.998111426,0.960909091,0.979157017,0.665653495,0.635897436,0.454212454,0.52991453
192,0.981361734,0.992502343,0.962727273,0.977388094,0.656534954,0.623036649,0.435897436,0.512931034
193,0.981361734,0.994355597,0.960909091,0.977346278,0.638297872,0.581395349,0.457875458,0.512295082
194,0.978318752,0.993377483,0.954545455,0.973574409,0.630699088,0.572115385,0.435897436,0.494802495
195,0.977558007,0.99243141,0.953636364,0.972647195,0.6443769,0.594202899,0.450549451,0.5125
196,0.976797261,0.994291151,0.95,0.971641097,0.661094225,0.626262626,0.454212454,0.526539278
197,0.982502853,0.993445693,0.964545455,0.978782288,0.629179331,0.570731707,0.428571429,0.489539749
198,0.980981362,0.997159091,0.957272727,0.976808905,0.642857143,0.602150538,0.41025641,0.488017429
199,0.980600989,0.996215705,0.957272727,0.97635605,0.662613982,0.623188406,0.472527473,0.5375
200,0.982502853,0.995300752,0.962727273,0.978743068,0.664133739,0.638297872,0.43956044,0.520607375
201,0.985926208,0.995340168,0.970909091,0.982972849,0.664133739,0.639784946,0.435897436,0.518518519
202,0.979459871,0.996204934,0.954545455,0.974930362,0.645896657,0.6,0.43956044,0.507399577
203,0.980600989,0.998100665,0.955454545,0.976312123,0.662613982,0.626865672,0.461538462,0.53164557
204,0.980981362,0.99249531,0.961818182,0.976915974,0.680851064,0.668449198,0.457875458,0.543478261
205,0.982883226,0.996237065,0.962727273,0.979195562,0.655015198,0.617346939,0.443223443,0.515991471
206,0.980600989,0.995278565,0.958181818,0.976377953,0.653495441,0.615384615,0.43956044,0.512820513
207,0.980220616,0.995274102,0.957272727,0.975903614,0.642857143,0.602150538,0.41025641,0.488017429
208,0.980220616,0.996212121,0.956363636,0.975881262,0.647416413,0.605128205,0.432234432,0.504273504
209,0.979840243,0.994334278,0.957272727,0.975451598,0.659574468,0.61722488,0.472527473,0.53526971
210,0.980220616,0.993408663,0.959090909,0.975948196,0.658054711,0.618811881,0.457875458,0.526315789
211,0.980600989,0.994344958,0.959090909,0.976399815,0.645896657,0.592592593,0.468864469,0.523517382
212,0.975656143,0.995219885,0.946363636,0.970177074,0.6443769,0.59798995,0.435897436,0.504237288
213,0.982502853,0.990689013,0.967272727,0.978840846,0.655015198,0.604545455,0.487179487,0.539553753
214,0.978318752,0.994312796,0.953636364,0.973549884,0.662613982,0.625615764,0.465201465,0.533613445
215,0.980600989,0.993414864,0.96,0.976421637,0.629179331,0.56937799,0.435897436,0.493775934
216,0.98212248,0.99251637,0.964545455,0.978331028,0.633738602,0.578431373,0.432234432,0.49475891
217,0.985165462,0.995331466,0.969090909,0.982035928,0.674772036,0.648241206,0.472527473,0.546610169
218,0.978318752,0.993377483,0.954545455,0.973574409,0.627659574,0.572164948,0.406593407,0.475374732
219,0.979079498,0.998093422,0.951818182,0.974406701,0.667173252,0.637755102,0.457875458,0.533049041
220,0.979079498,0.994323557,0.955454545,0.974501623,0.674772036,0.656084656,0.454212454,0.536796537
221,0.980981362,0.991573034,0.962727273,0.976937269,0.656534954,0.614634146,0.461538462,0.527196653
222,0.980981362,0.996219282,0.958181818,0.976830399,0.659574468,0.613953488,0.483516484,0.540983607
223,0.977558007,0.99713467,0.949090909,0.972519795,0.664133739,0.622641509,0.483516484,0.544329897
224,0.98212248,0.995296331,0.961818182,0.97827092,0.642857143,0.588785047,0.461538462,0.517453799
225,0.969950552,0.992285439,0.935454545,0.963032288,0.653495441,0.621621622,0.421245421,0.502183406
226,0.980600989,0.990645463,0.962727273,0.97648686,0.6443769,0.605405405,0.41025641,0.489082969
227,0.977558007,0.994301994,0.951818182,0.972596377,0.6443769,0.6,0.428571429,0.5
228,0.978699125,0.991525424,0.957272727,0.974098057,0.639817629,0.588235294,0.43956044,0.503144654
229,0.981742107,0.993433396,0.962727273,0.977839335,0.659574468,0.615023474,0.47985348,0.53909465
230,0.977177634,0.990566038,0.954545455,0.972222222,0.653495441,0.617801047,0.432234432,0.50862069
231,0.982502853,0.997169811,0.960909091,0.978703704,0.639817629,0.590909091,0.428571429,0.496815287
232,0.985926208,0.997193639,0.969090909,0.982941448,0.664133739,0.63,0.461538462,0.532769556
233,0.979840243,0.995269631,0.956363636,0.975428836,0.618541033,0.556701031,0.395604396,0.462526767
234,0.98630658,0.994423792,0.972727273,0.983455882,0.624620061,0.5625,0.428571429,0.486486486
235,0.983643971,0.993464052,0.967272727,0.980193459,0.656534954,0.623036649,0.435897436,0.512931034
236,0.980220616,0.9971537,0.955454545,0.975858867,0.662613982,0.623188406,0.472527473,0.5375
237,0.983263598,0.993457944,0.966363636,0.979723502,0.645896657,0.598039216,0.446886447,0.511530398
238,0.980220616,0.990636704,0.961818182,0.97601476,0.630699088,0.568807339,0.454212454,0.50509165
239,0.979079498,0.993389991,0.956363636,0.974525243,0.659574468,0.624365482,0.450549451,0.523404255
240,0.979079498,0.993389991,0.956363636,0.974525243,0.676291793,0.653061224,0.468864469,0.545842217
241,0.983263598,0.995309568,0.964545455,0.979686057,0.658054711,0.612149533,0.47985348,0.53798768
242,0.981361734,0.997161779,0.958181818,0.977283264,0.661094225,0.609649123,0.509157509,0.55489022
243,0.979079498,0.993389991,0.956363636,0.974525243,0.664133739,0.634020619,0.450549451,0.526766595
244,0.983263598,0.997175141,0.962727273,0.979648474,0.667173252,0.651685393,0.424908425,0.514412417
245,0.986686953,0.998129093,0.97,0.983863532,0.661094225,0.62755102,0.450549451,0.524520256
246,0.979079498,0.993389991,0.956363636,0.974525243,0.641337386,0.592039801,0.435897436,0.502109705
247,0.979079498,0.993389991,0.956363636,0.974525243,0.658054711,0.621212121,0.450549451,0.522292994
248,0.984024344,0.995318352,0.966363636,0.980627306,0.633738602,0.576923077,0.43956044,0.498960499
249,0.979459871,0.991541353,0.959090909,0.975046211,0.656534954,0.610328638,0.476190476,0.534979424
250,0.980981362,0.997159091,0.957272727,0.976808905,0.679331307,0.672222222,0.443223443,0.534216336
251,0.97793838,0.9943074,0.952727273,0.973073352,0.671732523,0.63902439,0.47985348,0.548117155
252,0.973754279,0.993301435,0.943636364,0.967832168,0.658054711,0.62,0.454212454,0.524312896
253,0.975656143,0.993333333,0.948181818,0.970232558,0.661094225,0.631578947,0.43956044,0.518358531
254,0.980220616,0.994339623,0.958181818,0.975925926,0.655015198,0.615,0.450549451,0.520084567
255,0.978318752,0.995251662,0.952727273,0.973525314,0.674772036,0.646766169,0.476190476,0.548523207
256,0.976416889,0.995229008,0.948181818,0.97113594,0.64893617,0.606060606,0.43956044,0.50955414
257,0.980981362,0.997159091,0.957272727,0.976808905,0.665653495,0.64021164,0.443223443,0.523809524
258,0.979459871,0.995265152,0.955454545,0.974953618,0.661094225,0.62755102,0.450549451,0.524520256
259,0.982502853,0.994371482,0.963636364,0.978762696,0.64893617,0.602941176,0.450549451,0.51572327
260,0.983263598,0.995309568,0.964545455,0.979686057,0.664133739,0.632653061,0.454212454,0.528784648
261,0.980600989,0.995278565,0.958181818,0.976377953,0.658054711,0.625,0.43956044,0.516129032
262,0.983643971,0.997177799,0.963636364,0.980120203,0.641337386,0.6,0.406593407,0.484716157
263,0.980220616,0.996212121,0.956363636,0.975881262,0.661094225,0.635869565,0.428571429,0.512035011
264,0.979840243,0.995269631,0.956363636,0.975428836,0.638297872,0.588832487,0.424908425,0.493617021
265,0.982502853,0.996233522,0.961818182,0.978723404,0.636778116,0.584158416,0.432234432,0.496842105
266,0.977177634,0.993358634,0.951818182,0.972144847,0.639817629,0.588235294,0.43956044,0.503144654
267,0.980981362,0.995283019,0.959090909,0.976851852,0.639817629,0.591836735,0.424908425,0.49466951
268,0.979079498,0.991533396,0.958181818,0.974572353,0.645896657,0.601010101,0.435897436,0.505307856
269,0.981361734,0.994355597,0.960909091,0.977346278,0.630699088,0.572115385,0.435897436,0.494802495
270,0.978318752,0.991517436,0.956363636,0.973623323,0.627659574,0.570707071,0.413919414,0.479830149
271,0.979459871,0.992467043,0.958181818,0.975023127,0.664133739,0.63,0.461538462,0.532769556
272,0.978699125,0.995256167,0.953636364,0.974001857,0.641337386,0.594871795,0.424908425,0.495726496
273,0.981361734,0.995287465,0.96,0.977325312,0.662613982,0.629441624,0.454212454,0.527659574
274,0.979459871,0.994328922,0.956363636,0.97497683,0.647416413,0.6,0.450549451,0.514644351
275,0.985545835,0.997191011,0.968181818,0.982472325,0.683890578,0.666666667,0.476190476,0.555555556
276,0.979840243,0.993402451,0.958181818,0.975474317,0.633738602,0.581632653,0.417582418,0.486140725
277,0.982883226,0.989786444,0.969090909,0.979329352,0.668693009,0.63546798,0.472527473,0.542016807
278,0.978318752,0.993377483,0.954545455,0.973574409,0.6443769,0.595121951,0.446886447,0.510460251
279,0.980220616,0.991557223,0.960909091,0.975992613,0.668693009,0.638190955,0.465201465,0.538135593
280,0.981361734,0.994355597,0.960909091,0.977346278,0.659574468,0.624365482,0.450549451,0.523404255
281,0.979840243,0.991549296,0.96,0.97551963,0.638297872,0.591623037,0.413919414,0.487068966
282,0.977558007,0.996186845,0.95,0.97254537,0.629179331,0.571428571,0.424908425,0.487394958
283,0.987447699,0.995357474,0.974545455,0.984841525,0.639817629,0.581818182,0.468864469,0.519269777
284,0.978318752,0.992445703,0.955454545,0.973598888,0.642857143,0.595959596,0.432234432,0.501061571
285,0.979840243,0.996208531,0.955454545,0.975406032,0.659574468,0.624365482,0.450549451,0.523404255
286,0.981361734,0.994355597,0.960909091,0.977346278,0.647416413,0.612021858,0.41025641,0.49122807
287,0.979079498,0.997145576,0.952727273,0.974430497,0.64893617,0.607142857,0.435897436,0.507462687
288,0.984785089,0.996254682,0.967272727,0.981549815,0.645896657,0.602040816,0.432234432,0.503198294
289,0.987067326,0.994434137,0.974545455,0.984389348,0.6443769,0.595121951,0.446886447,0.510460251
290,0.984404717,0.997183099,0.965454545,0.981062356,0.651975684,0.612244898,0.43956044,0.511727079
291,0.979840243,0.996208531,0.955454545,0.975406032,0.676291793,0.645631068,0.487179487,0.555323591
292,0.980600989,0.996215705,0.957272727,0.97635605,0.659574468,0.616113744,0.476190476,0.537190083
293,0.983643971,0.993464052,0.967272727,0.980193459,0.655015198,0.615,0.450549451,0.520084567
294,0.979840243,0.995269631,0.956363636,0.975428836,0.658054711,0.616504854,0.465201465,0.530271399
295,0.979079498,0.992459943,0.957272727,0.97454882,0.633738602,0.585106383,0.402930403,0.477223427
296,0.982883226,0.995305164,0.963636364,0.979214781,0.655015198,0.611650485,0.461538462,0.526096033
297,0.977177634,0.990566038,0.954545455,0.972222222,0.635258359,0.583756345,0.421245421,0.489361702
298,0.985926208,0.991674376,0.974545455,0.983035305,0.668693009,0.626728111,0.498168498,0.555102041
299,0.980981362,0.997159091,0.957272727,0.976808905,0.653495441,0.603686636,0.47985348,0.534693878
300,0.977558007,0.99243141,0.953636364,0.972647195,0.633738602,0.580808081,0.421245421,0.488322718
301,0.977177634,0.996183206,0.949090909,0.972067039,0.655015198,0.613861386,0.454212454,0.522105263
302,0.982502853,0.991604478,0.966363636,0.978821363,0.659574468,0.618357488,0.468864469,0.533333333
303,0.980220616,0.991557223,0.960909091,0.975992613,0.624620061,0.564356436,0.417582418,0.48
304,0.984024344,0.997180451,0.964545455,0.980591497,0.653495441,0.615384615,0.43956044,0.512820513
305,0.978699125,0.993383743,0.955454545,0.974050046,0.639817629,0.603448276,0.384615385,0.469798658
306,0.981361734,0.997161779,0.958181818,0.977283264,0.639817629,0.589108911,0.435897436,0.501052632
307,0.980600989,0.994344958,0.959090909,0.976399815,0.662613982,0.622009569,0.476190476,0.539419087
308,0.980220616,0.995274102,0.957272727,0.975903614,0.624620061,0.564356436,0.417582418,0.48
309,0.979459871,0.992467043,0.958181818,0.975023127,0.651975684,0.612244898,0.43956044,0.511727079
310,0.980600989,0.995278565,0.958181818,0.976377953,0.67781155,0.656410256,0.468864469,0.547008547
311,0.984785089,0.995327103,0.968181818,0.98156682,0.662613982,0.61971831,0.483516484,0.543209877
312,0.982502853,0.994371482,0.963636364,0.978762696,0.647416413,0.60199005,0.443223443,0.510548523
313,0.979840243,0.994334278,0.957272727,0.975451598,0.658054711,0.62244898,0.446886447,0.520255864
314,0.981742107,0.992509363,0.963636364,0.977859779,0.653495441,0.619047619,0.428571429,0.506493506
315,0.98212248,0.995296331,0.961818182,0.97827092,0.6443769,0.598984772,0.432234432,0.50212766
316,0.978318752,0.996194101,0.951818182,0.973500697,0.655015198,0.619791667,0.435897436,0.511827957
317,0.976036516,0.992402659,0.95,0.970738504,0.647416413,0.605128205,0.432234432,0.504273504
318,0.976797261,0.992417062,0.951818182,0.971693735,0.639817629,0.590909091,0.428571429,0.496815287
319,0.982883226,0.994376757,0.964545455,0.979233964,0.647416413,0.595348837,0.468864469,0.524590164
320,0.98212248,0.997167139,0.96,0.978230662,0.645896657,0.61627907,0.388278388,0.476404494
321,0.97793838,0.995247148,0.951818182,0.973048327,0.665653495,0.631840796,0.465201465,0.535864979
322,0.98212248,0.996229972,0.960909091,0.97825081,0.650455927,0.612565445,0.428571429,0.504310345
323,0.98212248,0.995296331,0.961818182,0.97827092,0.662613982,0.632124352,0.446886447,0.52360515
324,0.98212248,0.997167139,0.96,0.978230662,0.650455927,0.609137056,0.43956044,0.510638298
325,0.985926208,0.995340168,0.970909091,0.982972849,0.664133739,0.623809524,0.47985348,0.542443064
326,0.984404717,0.996251172,0.966363636,0.981079834,0.658054711,0.625,0.43956044,0.516129032
327,0.980220616,0.995274102,0.957272727,0.975903614,0.650455927,0.613756614,0.424908425,0.502164502
328,0.982502853,0.995300752,0.962727273,0.978743068,0.636778116,0.585858586,0.424908425,0.492569002
329,0.983263598,0.996240602,0.963636364,0.979667283,0.641337386,0.593908629,0.428571429,0.49787234
330,0.979459871,0.992467043,0.958181818,0.975023127,0.667173252,0.639175258,0.454212454,0.531049251
331,0.97527577,0.995215311,0.945454545,0.96969697,0.650455927,0.606965174,0.446886447,0.514767932
332,0.978699125,0.99245283,0.956363636,0.974074074,0.655015198,0.619791667,0.435897436,0.511827957
333,0.974515025,0.988647114,0.95,0.96893834,0.638297872,0.580645161,0.461538462,0.514285714
334,0.980600989,0.993414864,0.96,0.976421637,0.636778116,0.580952381,0.446886447,0.505175983
335,0.980981362,0.995283019,0.959090909,0.976851852,0.64893617,0.602941176,0.450549451,0.51572327
336,0.980600989,0.994344958,0.959090909,0.976399815,0.667173252,0.635,0.465201465,0.536997886
337,0.979459871,0.995265152,0.955454545,0.974953618,0.645896657,0.601010101,0.435897436,0.505307856
338,0.982883226,0.995305164,0.963636364,0.979214781,0.655015198,0.615,0.450549451,0.520084567
339,0.980981362,0.990654206,0.963636364,0.976958525,0.67325228,0.639423077,0.487179487,0.553014553
340,0.983643971,0.993464052,0.967272727,0.980193459,0.651975684,0.602803738,0.472527473,0.529774127
341,0.983263598,0.996240602,0.963636364,0.979667283,0.641337386,0.588516746,0.450549451,0.510373444
342,0.980981362,0.991573034,0.962727273,0.976937269,0.665653495,0.631840796,0.465201465,0.535864979
343,0.985926208,0.996265173,0.97,0.982957163,0.668693009,0.634146341,0.476190476,0.543933054
344,0.979459871,0.994328922,0.956363636,0.97497683,0.647416413,0.604060914,0.435897436,0.506382979
345,0.97527577,0.993326978,0.947272727,0.969753374,0.639817629,0.591836735,0.424908425,0.49466951
346,0.98212248,0.995296331,0.961818182,0.97827092,0.645896657,0.607526882,0.413919414,0.492374728
347,0.976416889,0.995229008,0.948181818,0.97113594,0.664133739,0.63,0.461538462,0.532769556
348,0.985165462,0.996258185,0.968181818,0.982019364,0.656534954,0.61928934,0.446886447,0.519148936
349,0.979079498,0.993389991,0.956363636,0.974525243,0.656534954,0.621761658,0.43956044,0.515021459
350,0.98212248,0.994366197,0.962727273,0.978290993,0.651975684,0.611111111,0.443223443,0.513800425
351,0.982502853,0.994371482,0.963636364,0.978762696,0.6443769,0.597014925,0.43956044,0.506329114
352,0.980220616,0.994339623,0.958181818,0.975925926,0.658054711,0.616504854,0.465201465,0.530271399
353,0.985165462,0.994408201,0.97,0.982052462,0.642857143,0.593137255,0.443223443,0.507337526
354,0.984785089,0.994402985,0.969090909,0.981583794,0.655015198,0.610576923,0.465201465,0.528066528
355,0.979079498,0.99620133,0.953636364,0.97445425,0.645896657,0.599009901,0.443223443,0.509473684
356,0.981361734,0.991580917,0.963636364,0.977408944,0.691489362,0.676767677,0.490842491,0.569002123
357,0.979840243,0.997150997,0.954545455,0.975383186,0.656534954,0.625668449,0.428571429,0.508695652
358,0.980600989,0.995278565,0.958181818,0.976377953,0.650455927,0.606965174,0.446886447,0.514767932
359,0.982502853,0.994371482,0.963636364,0.978762696,0.659574468,0.626943005,0.443223443,0.519313305
360,0.979840243,0.994334278,0.957272727,0.975451598,0.645896657,0.612359551,0.399267399,0.483370288
361,0.983263598,0.993457944,0.966363636,0.979723502,0.659574468,0.618357488,0.468864469,0.533333333
362,0.977177634,0.995238095,0.95,0.972093023,0.670212766,0.647368421,0.450549451,0.531317495
363,0.979459871,0.994328922,0.956363636,0.97497683,0.655015198,0.613861386,0.454212454,0.522105263
364,0.979459871,0.994328922,0.956363636,0.97497683,0.655015198,0.615,0.450549451,0.520084567
365,0.983263598,0.996240602,0.963636364,0.979667283,0.64893617,0.611702128,0.421245421,0.498915401
366,0.981361734,0.994355597,0.960909091,0.977346278,0.664133739,0.62745098,0.468864469,0.536687631
367,0.97793838,0.998087954,0.949090909,0.972972973,0.64893617,0.610526316,0.424908425,0.501079914
368,0.982883226,0.994376757,0.964545455,0.979233964,0.650455927,0.614973262,0.421245421,0.5
369,0.97793838,0.992438563,0.954545455,0.973123262,0.651975684,0.61827957,0.421245421,0.501089325
370,0.982883226,0.994376757,0.964545455,0.979233964,0.670212766,0.652173913,0.43956044,0.525164114
371,0.979840243,0.994334278,0.957272727,0.975451598,0.658054711,0.625,0.43956044,0.516129032
372,0.981742107,0.996226415,0.96,0.977777778,0.674772036,0.654450262,0.457875458,0.538793103
373,0.979079498,0.993389991,0.956363636,0.974525243,0.668693009,0.642487047,0.454212454,0.532188841
374,0.983263598,0.996240602,0.963636364,0.979667283,0.650455927,0.606965174,0.446886447,0.514767932
375,0.983263598,0.994382022,0.965454545,0.979704797,0.67325228,0.649484536,0.461538462,0.539614561
376,0.979079498,0.994323557,0.955454545,0.974501623,0.662613982,0.633507853,0.443223443,0.521551724
377,0.981361734,0.99342723,0.961818182,0.977367206,0.632218845,0.570135747,0.461538462,0.510121457
378,0.980981362,0.996219282,0.958181818,0.976830399,0.645896657,0.591743119,0.472527473,0.525458248
379,0.97793838,0.996190476,0.950909091,0.973023256,0.633738602,0.580808081,0.421245421,0.488322718
380,0.983643971,0.997177799,0.963636364,0.980120203,0.659574468,0.61722488,0.472527473,0.53526971
381,0.980220616,0.993408663,0.959090909,0.975948196,0.64893617,0.607142857,0.435897436,0.507462687
382,0.980220616,0.995274102,0.957272727,0.975903614,0.626139818,0.569948187,0.402930403,0.472103004
383,0.985165462,0.995331466,0.969090909,0.982035928,0.639817629,0.587378641,0.443223443,0.505219207
384,0.979459871,0.993396226,0.957272727,0.975,0.659574468,0.621890547,0.457875458,0.52742616
385,0.979079498,0.992459943,0.957272727,0.97454882,0.668693009,0.638190955,0.465201465,0.538135593
386,0.98212248,0.996229972,0.960909091,0.97825081,0.647416413,0.617142857,0.395604396,0.482142857
387,0.981361734,0.995287465,0.96,0.977325312,0.662613982,0.626865672,0.461538462,0.53164557
388,0.980981362,0.995283019,0.959090909,0.976851852,0.651975684,0.612244898,0.43956044,0.511727079
389,0.980220616,0.996212121,0.956363636,0.975881262,0.633738602,0.580808081,0.421245421,0.488322718
390,0.981742107,0.996226415,0.96,0.977777778,0.62006079,0.549356223,0.468864469,0.505928854
391,0.981361734,0.991580917,0.963636364,0.977408944,0.662613982,0.622009569,0.476190476,0.539419087
392,0.979840243,0.994334278,0.957272727,0.975451598,0.664133739,0.62745098,0.468864469,0.536687631
393,0.976416889,0.992409867,0.950909091,0.971216342,0.642857143,0.588785047,0.461538462,0.517453799
394,0.976036516,0.994280267,0.948181818,0.970684039,0.674772036,0.639810427,0.494505495,0.55785124
395,0.983263598,0.996240602,0.963636364,0.979667283,0.658054711,0.625,0.43956044,0.516129032
396,0.979459871,0.996204934,0.954545455,0.974930362,0.665653495,0.631840796,0.465201465,0.535864979
397,0.980981362,0.995283019,0.959090909,0.976851852,0.676291793,0.638888889,0.505494505,0.564417178
398,0.97793838,0.9943074,0.952727273,0.973073352,0.659574468,0.62962963,0.435897436,0.515151515
399,0.980981362,0.99249531,0.961818182,0.976915974,0.635258359,0.585492228,0.413919414,0.484978541
400,0.977558007,0.991501416,0.954545455,0.972672534,0.659574468,0.628272251,0.43956044,0.517241379
401,0.975656143,0.993333333,0.948181818,0.970232558,0.633738602,0.585106383,0.402930403,0.477223427
402,0.980981362,0.993421053,0.960909091,0.97689464,0.658054711,0.610091743,0.487179487,0.541751527
403,0.984404717,0.994397759,0.968181818,0.981114694,0.627659574,0.574468085,0.395604396,0.468546638
404,0.979079498,0.99620133,0.953636364,0.97445425,0.635258359,0.579710145,0.43956044,0.5
405,0.980981362,0.994350282,0.96,0.976873265,0.662613982,0.618604651,0.487179487,0.545081967
406,0.975656143,0.992395437,0.949090909,0.970260223,0.64893617,0.600961538,0.457875458,0.51975052
407,0.98212248,0.994366197,0.962727273,0.978290993,0.689969605,0.675126904,0.487179487,0.565957447
408,0.980220616,0.995274102,0.957272727,0.975903614,0.697568389,0.698924731,0.476190476,0.566448802
409,0.980600989,0.996215705,0.957272727,0.97635605,0.650455927,0.609137056,0.43956044,0.510638298
410,0.978318752,0.99808978,0.95,0.973451327,0.653495441,0.609756098,0.457875458,0.523012552
411,0.981361734,0.995287465,0.96,0.977325312,0.671732523,0.640394089,0.476190476,0.546218487
412,0.981742107,0.994360902,0.961818182,0.977818854,0.633738602,0.580808081,0.421245421,0.488322718
413,0.981361734,0.995287465,0.96,0.977325312,0.668693009,0.643979058,0.450549451,0.530172414
414,0.977558007,0.99243141,0.953636364,0.972647195,0.647416413,0.612021858,0.41025641,0.49122807
415,0.979840243,0.994334278,0.957272727,0.975451598,0.642857143,0.602150538,0.41025641,0.488017429
416,0.978318752,0.997140133,0.950909091,0.973476035,0.623100304,0.564766839,0.399267399,0.467811159
417,0.98212248,0.99251637,0.964545455,0.978331028,0.635258359,0.578947368,0.443223443,0.502074689
418,0.981361734,0.991580917,0.963636364,0.977408944,0.636778116,0.590425532,0.406593407,0.481561822
419,0.983643971,0.996244131,0.964545455,0.980138568,0.639817629,0.587378641,0.443223443,0.505219207
420,0.97793838,0.9943074,0.952727273,0.973073352,0.653495441,0.619047619,0.428571429,0.506493506
421,0.982502853,0.994371482,0.963636364,0.978762696,0.670212766,0.641414141,0.465201465,0.539278132
422,0.974134652,0.991428571,0.946363636,0.968372093,0.656534954,0.611374408,0.472527473,0.533057851
423,0.978318752,0.994312796,0.953636364,0.973549884,0.629179331,0.56744186,0.446886447,0.5
424,0.978318752,0.995251662,0.952727273,0.973525314,0.656534954,0.616915423,0.454212454,0.523206751
425,0.98212248,0.99251637,0.964545455,0.978331028,0.641337386,0.590243902,0.443223443,0.506276151
426,0.979079498,0.991533396,0.958181818,0.974572353,0.659574468,0.616113744,0.476190476,0.537190083
427,0.979840243,0.99247413,0.959090909,0.975496995,0.636778116,0.586734694,0.421245421,0.490405117
428,0.979079498,0.993389991,0.956363636,0.974525243,0.623100304,0.56684492,0.388278388,0.460869565
429,0.977558007,0.993364929,0.952727273,0.97262181,0.670212766,0.64,0.468864469,0.541226216
430,0.976416889,0.991477273,0.951818182,0.971243043,0.645896657,0.607526882,0.413919414,0.492374728
431,0.981361734,0.998104265,0.957272727,0.977262181,0.653495441,0.613065327,0.446886447,0.516949153
432,0.980981362,0.996219282,0.958181818,0.976830399,0.676291793,0.657894737,0.457875458,0.539956803
433,0.98212248,0.99343955,0.963636364,0.978311029,0.651975684,0.606796117,0.457875458,0.521920668
434,0.981361734,0.99342723,0.961818182,0.977367206,0.645896657,0.595238095,0.457875458,0.517598344
435,0.982883226,0.991612302,0.967272727,0.979291302,0.651975684,0.604761905,0.465201465,0.525879917
436,0.984404717,0.998118532,0.964545455,0.981044845,0.635258359,0.580487805,0.435897436,0.49790795
437,0.985165462,0.998122066,0.966363636,0.981986143,0.656534954,0.625668449,0.428571429,0.508695652
438,0.979459871,0.998095238,0.952727273,0.974883721,0.661094225,0.625,0.457875458,0.528541226
439,0.984785089,0.995327103,0.968181818,0.98156682,0.624620061,0.567708333,0.399267399,0.468817204
440,0.982883226,0.994376757,0.964545455,0.979233964,0.639817629,0.59,0.432234432,0.498942918
441,0.984024344,0.993470149,0.968181818,0.980662983,0.658054711,0.615384615,0.468864469,0.532224532
442,0.984024344,0.997180451,0.964545455,0.980591497,0.650455927,0.600938967,0.468864469,0.526748971
443,0.981742107,0.996226415,0.96,0.977777778,0.661094225,0.635869565,0.428571429,0.512035011
444,0.980981362,0.995283019,0.959090909,0.976851852,0.621580547,0.558252427,0.421245421,0.480167015
445,0.978318752,0.995251662,0.952727273,0.973525314,0.665653495,0.634517766,0.457875458,0.531914894
446,0.979079498,0.994323557,0.955454545,0.974501623,0.633738602,0.576190476,0.443223443,0.501035197
447,0.978318752,0.994312796,0.953636364,0.973549884,0.639817629,0.595744681,0.41025641,0.485900217
448,0.980220616,0.994339623,0.958181818,0.975925926,0.641337386,0.594871795,0.424908425,0.495726496
449,0.98212248,0.988857939,0.968181818,0.978410657,0.641337386,0.590243902,0.443223443,0.506276151
450,0.977558007,0.99243141,0.953636364,0.972647195,0.661094225,0.61682243,0.483516484,0.542094456
451,0.983263598,0.995309568,0.964545455,0.979686057,0.662613982,0.623188406,0.472527473,0.5375
452,0.97793838,0.9943074,0.952727273,0.973073352,0.656534954,0.612440191,0.468864469,0.531120332
453,0.978318752,0.995251662,0.952727273,0.973525314,0.651975684,0.606796117,0.457875458,0.521920668
454,0.978699125,0.994318182,0.954545455,0.974025974,0.641337386,0.592039801,0.435897436,0.502109705
455,0.982502853,0.994371482,0.963636364,0.978762696,0.64893617,0.6,0.461538462,0.52173913
456,0.980981362,0.994350282,0.96,0.976873265,0.650455927,0.609137056,0.43956044,0.510638298
457,0.979079498,0.993389991,0.956363636,0.974525243,0.642857143,0.596938776,0.428571429,0.498933902
458,0.983263598,0.995309568,0.964545455,0.979686057,0.650455927,0.606965174,0.446886447,0.514767932
459,0.978318752,0.993377483,0.954545455,0.973574409,0.623100304,0.56684492,0.388278388,0.460869565
460,0.98212248,0.999052133,0.958181818,0.978190255,0.671732523,0.654054054,0.443223443,0.528384279
461,0.981742107,0.993433396,0.962727273,0.977839335,0.645896657,0.607526882,0.413919414,0.492374728
462,0.98212248,0.998107852,0.959090909,0.978210478,0.655015198,0.613861386,0.454212454,0.522105263
463,0.977177634,0.995238095,0.95,0.972093023,0.632218845,0.587570621,0.380952381,0.462222222
464,0.979079498,0.994323557,0.955454545,0.974501623,0.656534954,0.621761658,0.43956044,0.515021459
465,0.981742107,0.995291902,0.960909091,0.977798335,0.64893617,0.599056604,0.465201465,0.52371134
466,0.980220616,0.995274102,0.957272727,0.975903614,0.645896657,0.597087379,0.450549451,0.513569937
467,0.984024344,0.996247655,0.965454545,0.980609418,0.647416413,0.599033816,0.454212454,0.516666667
468,0.979459871,0.995265152,0.955454545,0.974953618,0.665653495,0.638743455,0.446886447,0.525862069
469,0.982502853,0.996233522,0.961818182,0.978723404,0.651975684,0.613402062,0.435897436,0.509635974
470,0.982883226,0.990697674,0.968181818,0.979310345,0.653495441,0.608695652,0.461538462,0.525
471,0.980981362,0.99249531,0.961818182,0.976915974,0.658054711,0.62244898,0.446886447,0.520255864
472,0.980220616,1,0.952727273,0.975791434,0.64893617,0.597222222,0.472527473,0.527607362
473,0.980220616,0.994339623,0.958181818,0.975925926,0.674772036,0.642512077,0.487179487,0.554166667
474,0.983643971,0.998114986,0.962727273,0.980101805,0.642857143,0.591346154,0.450549451,0.511434511
475,0.980981362,0.997159091,0.957272727,0.976808905,0.655015198,0.607476636,0.476190476,0.533880903
476,0.980220616,0.992481203,0.96,0.975970425,0.635258359,0.576744186,0.454212454,0.508196721
477,0.980600989,0.991565136,0.961818182,0.976465159,0.67325228,0.643564356,0.476190476,0.547368421
478,0.979079498,0.993389991,0.956363636,0.974525243,0.656534954,0.620512821,0.443223443,0.517094017
479,0.978699125,0.993383743,0.955454545,0.974050046,0.670212766,0.64,0.468864469,0.541226216
480,0.977177634,0.991493384,0.953636364,0.972196478,0.636778116,0.580952381,0.446886447,0.505175983
481,0.976797261,0.987793427,0.956363636,0.97182448,0.658054711,0.62371134,0.443223443,0.518201285
482,0.984024344,0.995318352,0.966363636,0.980627306,0.641337386,0.591133005,0.43956044,0.504201681
483,0.981361734,0.992502343,0.962727273,0.977388094,0.635258359,0.581280788,0.432234432,0.495798319
484,0.979459871,0.993396226,0.957272727,0.975,0.6443769,0.596059113,0.443223443,0.508403361
485,0.98212248,0.997167139,0.96,0.978230662,0.641337386,0.586046512,0.461538462,0.516393443
486,0.979840243,0.995269631,0.956363636,0.975428836,0.645896657,0.597087379,0.450549451,0.513569937
487,0.976416889,0.996175908,0.947272727,0.97110904,0.665653495,0.643243243,0.435897436,0.519650655
488,0.979459871,0.997148289,0.953636364,0.974907063,0.651975684,0.614583333,0.432234432,0.507526882
489,0.977177634,0.995238095,0.95,0.972093023,0.647416413,0.603015075,0.43956044,0.508474576
490,0.97793838,0.995247148,0.951818182,0.973048327,0.645896657,0.602040816,0.432234432,0.503198294
491,0.980600989,0.999048525,0.954545455,0.976290098,0.650455927,0.608040201,0.443223443,0.512711864
492,0.981742107,0.992509363,0.963636364,0.977859779,0.659574468,0.618357488,0.468864469,0.533333333
493,0.981742107,0.996226415,0.96,0.977777778,0.6443769,0.606557377,0.406593407,0.486842105
494,0.978699125,0.996197719,0.952727273,0.973977695,0.665653495,0.638743455,0.446886447,0.525862069
495,0.979840243,0.991549296,0.96,0.97551963,0.638297872,0.591623037,0.413919414,0.487068966
496,0.980220616,0.991557223,0.960909091,0.975992613,0.623100304,0.560386473,0.424908425,0.483333333
497,0.979459871,0.993396226,0.957272727,0.975,0.64893617,0.606060606,0.43956044,0.50955414
498,0.979840243,0.994334278,0.957272727,0.975451598,0.661094225,0.634408602,0.432234432,0.51416122
499,0.979840243,0.99247413,0.959090909,0.975496995,0.656534954,0.623036649,0.435897436,0.512931034
500,0.984404717,0.994397759,0.968181818,0.981114694,0.668693009,0.643979058,0.450549451,0.530172414
501,0.97527577,0.996164909,0.944545455,0.969668689,0.671732523,0.641791045,0.472527473,0.544303797
502,0.985545835,0.997191011,0.968181818,0.982472325,0.641337386,0.604519774,0.391941392,0.475555556
503,0.978699125,0.995256167,0.953636364,0.974001857,0.665653495,0.643243243,0.435897436,0.519650655
504,0.976797261,0.993352327,0.950909091,0.971667441,0.656534954,0.615763547,0.457875458,0.525210084
505,0.979459871,0.996204934,0.954545455,0.974930362,0.664133739,0.62745098,0.468864469,0.536687631
506,0.978699125,0.99245283,0.956363636,0.974074074,0.664133739,0.628712871,0.465201465,0.534736842
507,0.984024344,0.990723562,0.970909091,0.980716253,0.659574468,0.618357488,0.468864469,0.533333333
508,0.982502853,0.998109641,0.96,0.978683967,0.64893617,0.616666667,0.406593407,0.490066225
509,0.980600989,0.987906977,0.965454545,0.976551724,0.641337386,0.594871795,0.424908425,0.495726496
510,0.981742107,0.994360902,0.961818182,0.977818854,0.656534954,0.624338624,0.432234432,0.510822511
511,0.982883226,0.995305164,0.963636364,0.979214781,0.655015198,0.608490566,0.472527473,0.531958763
512,0.977558007,0.994301994,0.951818182,0.972596377,0.636778116,0.580188679,0.450549451,0.507216495
513,0.980600989,0.997156398,0.956363636,0.976334107,0.676291793,0.647058824,0.483516484,0.553459119
514,0.982502853,0.998109641,0.96,0.978683967,0.647416413,0.592760181,0.47985348,0.530364372
515,0.985165462,0.997188379,0.967272727,0.982002769,0.633738602,0.571428571,0.468864469,0.515090543
516,0.978699125,0.99245283,0.956363636,0.974074074,0.655015198,0.611650485,0.461538462,0.526096033
517,0.980981362,0.99249531,0.961818182,0.976915974,0.665653495,0.630541872,0.468864469,0.537815126
518,0.977177634,0.994296578,0.950909091,0.972118959,0.647416413,0.613259669,0.406593407,0.488986784
519,0.983263598,0.992537313,0.967272727,0.979742173,0.629179331,0.571428571,0.424908425,0.487394958
520,0.98212248,0.994366197,0.962727273,0.978290993,0.665653495,0.629268293,0.472527473,0.539748954
521,0.980220616,0.996212121,0.956363636,0.975881262,0.658054711,0.626315789,0.435897436,0.514038877
522,0.979840243,0.993402451,0.958181818,0.975474317,0.639817629,0.592783505,0.421245421,0.492505353
523,0.979840243,0.995269631,0.956363636,0.975428836,0.661094225,0.631578947,0.43956044,0.518358531
524,0.984785089,0.994402985,0.969090909,0.981583794,0.658054711,0.615384615,0.468864469,0.532224532
525,0.982502853,0.998109641,0.96,0.978683967,0.659574468,0.621890547,0.457875458,0.52742616
526,0.979459871,0.993396226,0.957272727,0.975,0.655015198,0.626373626,0.417582418,0.501098901
527,0.983643971,0.998114986,0.962727273,0.980101805,0.658054711,0.612149533,0.47985348,0.53798768
528,0.981361734,0.99342723,0.961818182,0.977367206,0.658054711,0.62,0.454212454,0.524312896
529,0.982883226,0.995305164,0.963636364,0.979214781,0.664133739,0.619266055,0.494505495,0.549898167
530,0.979840243,0.996208531,0.955454545,0.975406032,0.6443769,0.598984772,0.432234432,0.50212766
531,0.977177634,0.995238095,0.95,0.972093023,0.680851064,0.664921466,0.465201465,0.547413793
532,0.983643971,0.995313964,0.965454545,0.980156899,0.635258359,0.585492228,0.413919414,0.484978541
533,0.98212248,0.997167139,0.96,0.978230662,0.651975684,0.617021277,0.424908425,0.503253796
534,0.978699125,0.991525424,0.957272727,0.974098057,0.641337386,0.589371981,0.446886447,0.508333333
535,0.98212248,0.996229972,0.960909091,0.97825081,0.650455927,0.614973262,0.421245421,0.5
536,0.984404717,0.998118532,0.964545455,0.981044845,0.650455927,0.612565445,0.428571429,0.504310345
537,0.980981362,0.99904943,0.955454545,0.976765799,0.659574468,0.621890547,0.457875458,0.52742616
538,0.983643971,0.992544268,0.968181818,0.980211689,0.638297872,0.584541063,0.443223443,0.504166667
539,0.983643971,0.996244131,0.964545455,0.980138568,0.671732523,0.655737705,0.43956044,0.526315789
540,0.977558007,0.995242626,0.950909091,0.972570897,0.642857143,0.59223301,0.446886447,0.509394572
541,0.979459871,0.999045802,0.951818182,0.974860335,0.633738602,0.580808081,0.421245421,0.488322718
542,0.982502853,0.994371482,0.963636364,0.978762696,0.645896657,0.595238095,0.457875458,0.517598344
543,0.979079498,0.99620133,0.953636364,0.97445425,0.653495441,0.613065327,0.446886447,0.516949153
544,0.979079498,0.994323557,0.955454545,0.974501623,0.651975684,0.614583333,0.432234432,0.507526882
545,0.979079498,0.995260664,0.954545455,0.974477958,0.656534954,0.614634146,0.461538462,0.527196653
546,0.977558007,0.99713467,0.949090909,0.972519795,0.662613982,0.626865672,0.461538462,0.53164557
547,0.984024344,0.994392523,0.967272727,0.980645161,0.664133739,0.636842105,0.443223443,0.522678186
548,0.979079498,0.994323557,0.955454545,0.974501623,0.662613982,0.630769231,0.450549451,0.525641026
549,0.981361734,0.997161779,0.958181818,0.977283264,0.64893617,0.603960396,0.446886447,0.513684211
550,0.980600989,0.997156398,0.956363636,0.976334107,0.674772036,0.649746193,0.468864469,0.544680851
551,0.97793838,0.9943074,0.952727273,0.973073352,0.665653495,0.626794258,0.47985348,0.543568465
552,0.980600989,0.993414864,0.96,0.976421637,0.641337386,0.594871795,0.424908425,0.495726496
553,0.979079498,0.992459943,0.957272727,0.97454882,0.659574468,0.632432432,0.428571429,0.510917031
554,0.982502853,0.996233522,0.961818182,0.978723404,0.661094225,0.62755102,0.450549451,0.524520256
555,0.977558007,0.99713467,0.949090909,0.972519795,0.680851064,0.663212435,0.468864469,0.549356223
556,0.980220616,0.994339623,0.958181818,0.975925926,0.647416413,0.595348837,0.468864469,0.524590164
557,0.986686953,0.996272134,0.971818182,0.983893235,0.67781155,0.651741294,0.47985348,0.552742616
558,0.987828072,0.996282528,0.974545455,0.985294118,0.623100304,0.564766839,0.399267399,0.467811159
559,0.982502853,0.993445693,0.964545455,0.978782288,0.6443769,0.596059113,0.443223443,0.508403361
560,0.975656143,0.994274809,0.947272727,0.970204842,0.670212766,0.650537634,0.443223443,0.527233115
561,0.979840243,0.997150997,0.954545455,0.975383186,0.656534954,0.614634146,0.461538462,0.527196653
562,0.980220616,0.992481203,0.96,0.975970425,0.638297872,0.587939698,0.428571429,0.495762712
563,0.980981362,0.994350282,0.96,0.976873265,0.659574468,0.618357488,0.468864469,0.533333333
564,0.982502853,0.995300752,0.962727273,0.978743068,0.630699088,0.578947368,0.402930403,0.475161987
565,0.981361734,0.998104265,0.957272727,0.977262181,0.638297872,0.584541063,0.443223443,0.504166667
566,0.977177634,0.995238095,0.95,0.972093023,0.671732523,0.644670051,0.465201465,0.540425532
567,0.981361734,0.992502343,0.962727273,0.977388094,0.683890578,0.677595628,0.454212454,0.543859649
568,0.983643971,0.997177799,0.963636364,0.980120203,0.6443769,0.601036269,0.424908425,0.497854077
569,0.980600989,0.993414864,0.96,0.976421637,0.655015198,0.612745098,0.457875458,0.524109015
570,0.980600989,0.991565136,0.961818182,0.976465159,0.661094225,0.628865979,0.446886447,0.52248394
571,0.98212248,0.996229972,0.960909091,0.97825081,0.659574468,0.624365482,0.450549451,0.523404255
572,0.984024344,0.998116761,0.963636364,0.980573543,0.638297872,0.590673575,0.417582418,0.489270386
573,0.976797261,0.995233556,0.949090909,0.971614705,0.645896657,0.611111111,0.402930403,0.485651214
574,0.974515025,0.993314231,0.945454545,0.968793666,0.650455927,0.611398964,0.432234432,0.506437768
575,0.984785089,0.99905838,0.964545455,0.981498612,0.642857143,0.598958333,0.421245421,0.494623656
576,0.985926208,0.993500464,0.972727273,0.983004134,0.6443769,0.594202899,0.450549451,0.5125
577,0.982502853,0.992523364,0.965454545,0.978801843,0.647416413,0.605128205,0.432234432,0.504273504
578,0.980981362,0.99249531,0.961818182,0.976915974,0.679331307,0.658163265,0.472527473,0.55010661
579,0.978318752,0.994312796,0.953636364,0.973549884,0.641337386,0.592039801,0.435897436,0.502109705
580,0.981742107,0.993433396,0.962727273,0.977839335,0.632218845,0.577889447,0.421245421,0.487288136
581,0.97793838,0.995247148,0.951818182,0.973048327,0.668693009,0.629107981,0.490842491,0.551440329
582,0.980220616,0.994339623,0.958181818,0.975925926,0.645896657,0.6,0.43956044,0.507399577
583,0.980981362,0.998102467,0.956363636,0.976787372,0.674772036,0.652849741,0.461538462,0.540772532
584,0.981742107,0.995291902,0.960909091,0.977798335,0.639817629,0.587378641,0.443223443,0.505219207
585,0.984024344,0.996247655,0.965454545,0.980609418,0.653495441,0.617801047,0.432234432,0.50862069
586,0.981361734,0.99342723,0.961818182,0.977367206,0.659574468,0.623115578,0.454212454,0.525423729
587,0.980220616,0.993408663,0.959090909,0.975948196,0.653495441,0.613065327,0.446886447,0.516949153
588,0.984785089,0.995327103,0.968181818,0.98156682,0.664133739,0.626213592,0.472527473,0.538622129
589,0.981742107,0.997164461,0.959090909,0.977757183,0.662613982,0.622009569,0.476190476,0.539419087
590,0.981361734,0.995287465,0.96,0.977325312,0.645896657,0.594339623,0.461538462,0.519587629
591,0.979840243,0.996208531,0.955454545,0.975406032,0.667173252,0.632352941,0.472527473,0.540880503
592,0.97527577,0.991452991,0.949090909,0.969809568,0.623100304,0.562189055,0.413919414,0.476793249
593,0.984024344,0.995318352,0.966363636,0.980627306,0.665653495,0.64640884,0.428571429,0.515418502
594,0.98212248,0.994366197,0.962727273,0.978290993,0.671732523,0.646153846,0.461538462,0.538461538
595,0.981361734,0.99342723,0.961818182,0.977367206,0.64893617,0.612903226,0.417582418,0.496732026
596,0.985165462,0.994408201,0.97,0.982052462,0.629179331,0.568075117,0.443223443,0.497942387
597,0.984404717,0.996251172,0.966363636,0.981079834,0.655015198,0.613861386,0.454212454,0.522105263
598,0.978699125,0.998091603,0.950909091,0.973929236,0.659574468,0.628272251,0.43956044,0.517241379
599,0.974515025,0.992373689,0.946363636,0.968822708,0.67325228,0.651041667,0.457875458,0.537634409
600,0.984785089,0.997185741,0.966363636,0.981532779,0.659574468,0.62962963,0.435897436,0.515151515
601,0.975656143,0.996168582,0.945454545,0.970149254,0.659574468,0.619512195,0.465201465,0.531380753
602,0.977558007,0.99243141,0.953636364,0.972647195,0.651975684,0.61,0.446886447,0.515856237
603,0.981742107,0.997164461,0.959090909,0.977757183,0.67325228,0.651041667,0.457875458,0.537634409
604,0.97793838,0.992438563,0.954545455,0.973123262,0.650455927,0.601895735,0.465201465,0.524793388
605,0.981361734,0.991580917,0.963636364,0.977408944,0.645896657,0.602040816,0.432234432,0.503198294
606,0.983263598,0.992537313,0.967272727,0.979742173,0.670212766,0.634615385,0.483516484,0.548856549
607,0.983263598,0.993457944,0.966363636,0.979723502,0.656534954,0.61352657,0.465201465,0.529166667
608,0.98212248,0.997167139,0.96,0.978230662,0.658054711,0.627659574,0.432234432,0.511930586
609,0.976036516,0.992402659,0.95,0.970738504,0.6443769,0.590697674,0.465201465,0.520491803
610,0.98212248,0.997167139,0.96,0.978230662,0.661094225,0.628865979,0.446886447,0.52248394
611,0.978318752,0.994312796,0.953636364,0.973549884,0.653495441,0.607655502,0.465201465,0.526970954
612,0.983263598,0.995309568,0.964545455,0.979686057,0.636778116,0.584158416,0.432234432,0.496842105
613,0.978699125,0.991525424,0.957272727,0.974098057,0.668693009,0.634146341,0.476190476,0.543933054
614,0.983263598,0.997175141,0.962727273,0.979648474,0.635258359,0.585492228,0.413919414,0.484978541
615,0.978318752,0.993377483,0.954545455,0.973574409,0.632218845,0.584699454,0.391941392,0.469298246
616,0.982883226,0.996237065,0.962727273,0.979195562,0.650455927,0.612565445,0.428571429,0.504310345
617,0.977177634,0.996183206,0.949090909,0.972067039,0.642857143,0.594059406,0.43956044,0.505263158
618,0.981742107,0.997164461,0.959090909,0.977757183,0.665653495,0.64640884,0.428571429,0.515418502
619,0.976416889,0.990548204,0.952727273,0.971269694,0.664133739,0.632653061,0.454212454,0.528784648
620,0.97793838,0.988742964,0.958181818,0.97322253,0.665653495,0.635897436,0.454212454,0.52991453
621,0.986686953,0.996272134,0.971818182,0.983893235,0.629179331,0.573604061,0.413919414,0.480851064
622,0.977177634,0.994296578,0.950909091,0.972118959,0.650455927,0.617486339,0.413919414,0.495614035
623,0.978699125,0.993383743,0.955454545,0.974050046,0.667173252,0.640625,0.450549451,0.529032258
624,0.976416889,0.988700565,0.954545455,0.971322849,0.656534954,0.61928934,0.446886447,0.519148936
625,0.978699125,0.994318182,0.954545455,0.974025974,0.635258359,0.582089552,0.428571429,0.493670886
626,0.980981362,0.994350282,0.96,0.976873265,0.664133739,0.628712871,0.465201465,0.534736842
627,0.976036516,0.994280267,0.948181818,0.970684039,0.641337386,0.597883598,0.413919414,0.489177489
628,0.977558007,0.986903648,0.959090909,0.972798525,0.651975684,0.61,0.446886447,0.515856237
629,0.981361734,0.996222852,0.959090909,0.977304308,0.647416413,0.604060914,0.435897436,0.506382979
630,0.979459871,0.997148289,0.953636364,0.974907063,0.632218845,0.578680203,0.417582418,0.485106383
631,0.977558007,0.996186845,0.95,0.97254537,0.632218845,0.577114428,0.424908425,0.489451477
632,0.980981362,0.991573034,0.962727273,0.976937269,0.656534954,0.611374408,0.472527473,0.533057851
633,0.983643971,0.994387278,0.966363636,0.980175196,0.656534954,0.625668449,0.428571429,0.508695652
634,0.974515025,0.991436727,0.947272727,0.968851697,0.659574468,0.624365482,0.450549451,0.523404255
635,0.976797261,0.990557129,0.953636364,0.971746179,0.647416413,0.610810811,0.413919414,0.493449782
636,0.980600989,0.993414864,0.96,0.976421637,0.656534954,0.627027027,0.424908425,0.506550218
637,0.98212248,0.996229972,0.960909091,0.97825081,0.665653495,0.638743455,0.446886447,0.525862069
638,0.970711297,0.99805258,0.931818182,0.963798778,0.665653495,0.64171123,0.43956044,0.52173913
639,0.978318752,0.990592662,0.957272727,0.973647712,0.651975684,0.605769231,0.461538462,0.523908524
640,0.981361734,0.994355597,0.960909091,0.977346278,0.655015198,0.617346939,0.443223443,0.515991471
641,0.980600989,0.997156398,0.956363636,0.976334107,0.6443769,0.590697674,0.465201465,0.520491803
642,0.979459871,0.996204934,0.954545455,0.974930362,0.655015198,0.612745098,0.457875458,0.524109015
643,0.97793838,0.991509434,0.955454545,0.973148148,0.674772036,0.651282051,0.465201465,0.542735043
644,0.985165462,0.991658943,0.972727273,0.982101882,0.665653495,0.634517766,0.457875458,0.531914894
645,0.979079498,0.99620133,0.953636364,0.97445425,0.610942249,0.543589744,0.388278388,0.452991453
646,0.979840243,0.99247413,0.959090909,0.975496995,0.635258359,0.580487805,0.435897436,0.49790795
647,0.980981362,0.994350282,0.96,0.976873265,0.671732523,0.63902439,0.47985348,0.548117155
648,0.977558007,0.993364929,0.952727273,0.97262181,0.656534954,0.627027027,0.424908425,0.506550218
649,0.983643971,0.996244131,0.964545455,0.980138568,0.655015198,0.613861386,0.454212454,0.522105263
650,0.978318752,0.993377483,0.954545455,0.973574409,0.641337386,0.587677725,0.454212454,0.512396694
651,0.978318752,0.994312796,0.953636364,0.973549884,0.659574468,0.635359116,0.421245421,0.50660793
652,0.980220616,0.998098859,0.954545455,0.975836431,0.671732523,0.646153846,0.461538462,0.538461538
653,0.983263598,0.995309568,0.964545455,0.979686057,0.64893617,0.605,0.443223443,0.511627907
654,0.980220616,0.995274102,0.957272727,0.975903614,0.629179331,0.576719577,0.399267399,0.471861472
655,0.98212248,0.99343955,0.963636364,0.978311029,0.670212766,0.647368421,0.450549451,0.531317495
656,0.978318752,0.992445703,0.955454545,0.973598888,0.633738602,0.58,0.424908425,0.490486258
657,0.980981362,0.995283019,0.959090909,0.976851852,0.671732523,0.640394089,0.476190476,0.546218487
658,0.980600989,0.994344958,0.959090909,0.976399815,0.642857143,0.598958333,0.421245421,0.494623656
659,0.981742107,0.992509363,0.963636364,0.977859779,0.650455927,0.609137056,0.43956044,0.510638298
660,0.981361734,0.992502343,0.962727273,0.977388094,0.661094225,0.632978723,0.435897436,0.51626898
661,0.978318752,0.992445703,0.955454545,0.973598888,0.639817629,0.589108911,0.435897436,0.501052632
662,0.983643971,0.995313964,0.965454545,0.980156899,0.655015198,0.612745098,0.457875458,0.524109015
663,0.984404717,0.995322732,0.967272727,0.98109728,0.633738602,0.579207921,0.428571429,0.492631579
664,0.978318752,0.992445703,0.955454545,0.973598888,0.656534954,0.620512821,0.443223443,0.517094017
665,0.979459871,0.993396226,0.957272727,0.975,0.627659574,0.566666667,0.435897436,0.492753623
666,0.982883226,0.995305164,0.963636364,0.979214781,0.659574468,0.624365482,0.450549451,0.523404255
667,0.981361734,0.99342723,0.961818182,0.977367206,0.6443769,0.596059113,0.443223443,0.508403361
668,0.976797261,0.993352327,0.950909091,0.971667441,0.662613982,0.628140704,0.457875458,0.529661017
669,0.97793838,0.995247148,0.951818182,0.973048327,0.658054711,0.618811881,0.457875458,0.526315789
670,0.985165462,0.996258185,0.968181818,0.982019364,0.6443769,0.586666667,0.483516484,0.530120482
671,0.982883226,0.993451824,0.965454545,0.979253112,0.630699088,0.572815534,0.432234432,0.492693111
672,0.979459871,0.990619137,0.96,0.975069252,0.661094225,0.626262626,0.454212454,0.526539278
673,0.979459871,0.988785047,0.961818182,0.975115207,0.662613982,0.633507853,0.443223443,0.521551724
674,0.977177634,0.993358634,0.951818182,0.972144847,0.641337386,0.585253456,0.465201465,0.518367347
675,0.972993534,0.992344498,0.942727273,0.966899767,0.64893617,0.6,0.461538462,0.52173913
676,0.98212248,0.995296331,0.961818182,0.97827092,0.664133739,0.621495327,0.487179487,0.546201232
677,0.979459871,0.993396226,0.957272727,0.975,0.653495441,0.611940299,0.450549451,0.518987342
678,0.983643971,0.997177799,0.963636364,0.980120203,0.650455927,0.603864734,0.457875458,0.520833333
679,0.984024344,0.998116761,0.963636364,0.980573543,0.638297872,0.584541063,0.443223443,0.504166667
680,0.979459871,0.992467043,0.958181818,0.975023127,0.642857143,0.597938144,0.424908425,0.496788009
681,0.974134652,0.991428571,0.946363636,0.968372093,0.633738602,0.580808081,0.421245421,0.488322718
682,0.98212248,0.996229972,0.960909091,0.97825081,0.6443769,0.601036269,0.424908425,0.497854077
683,0.977558007,0.994301994,0.951818182,0.972596377,0.656534954,0.615763547,0.457875458,0.525210084
684,0.980981362,0.995283019,0.959090909,0.976851852,0.635258359,0.584615385,0.417582418,0.487179487
685,0.98212248,0.994366197,0.962727273,0.978290993,0.64893617,0.602941176,0.450549451,0.51572327
686,0.981742107,0.993433396,0.962727273,0.977839335,0.647416413,0.60199005,0.443223443,0.510548523
687,0.982502853,0.998109641,0.96,0.978683967,0.680851064,0.653658537,0.490842491,0.560669456
688,0.982502853,0.996233522,0.961818182,0.978723404,0.656534954,0.620512821,0.443223443,0.517094017
689,0.981361734,0.997161779,0.958181818,0.977283264,0.651975684,0.615789474,0.428571429,0.505399568
690,0.977177634,0.994296578,0.950909091,0.972118959,0.664133739,0.626213592,0.472527473,0.538622129
691,0.98212248,0.998107852,0.959090909,0.978210478,0.638297872,0.587939698,0.428571429,0.495762712
692,0.980981362,0.994350282,0.96,0.976873265,0.656534954,0.606334842,0.490842491,0.542510121
693,0.980220616,0.9971537,0.955454545,0.975858867,0.642857143,0.597938144,0.424908425,0.496788009
694,0.980600989,0.997156398,0.956363636,0.976334107,0.633738602,0.58,0.424908425,0.490486258
695,0.978318752,0.994312796,0.953636364,0.973549884,0.635258359,0.577464789,0.450549451,0.50617284
696,0.982883226,0.998111426,0.960909091,0.979157017,0.641337386,0.592964824,0.432234432,0.5
697,0.979459871,0.992467043,0.958181818,0.975023127,0.656534954,0.621761658,0.43956044,0.515021459
698,0.980220616,0.994339623,0.958181818,0.975925926,0.659574468,0.624365482,0.450549451,0.523404255
699,0.984404717,0.997183099,0.965454545,0.981062356,0.651975684,0.606796117,0.457875458,0.521920668
700,0.984024344,0.996247655,0.965454545,0.980609418,0.639817629,0.590909091,0.428571429,0.496815287
701,0.980981362,0.991573034,0.962727273,0.976937269,0.658054711,0.621212121,0.450549451,0.522292994
702,0.980981362,0.994350282,0.96,0.976873265,0.667173252,0.635,0.465201465,0.536997886
703,0.978699125,0.994318182,0.954545455,0.974025974,0.665653495,0.628019324,0.476190476,0.541666667
704,0.978318752,0.996194101,0.951818182,0.973500697,0.656534954,0.608294931,0.483516484,0.53877551
705,0.978318752,0.997140133,0.950909091,0.973476035,0.647416413,0.612021858,0.41025641,0.49122807
706,0.984785089,0.997185741,0.966363636,0.981532779,0.658054711,0.621212121,0.450549451,0.522292994
707,0.979079498,0.997145576,0.952727273,0.974430497,0.651975684,0.613402062,0.435897436,0.509635974
708,0.97527577,0.990521327,0.95,0.969837587,0.638297872,0.582938389,0.450549451,0.508264463
709,0.984404717,0.994397759,0.968181818,0.981114694,0.647416413,0.604060914,0.435897436,0.506382979
710,0.981742107,0.997164461,0.959090909,0.977757183,0.6443769,0.595121951,0.446886447,0.510460251
711,0.978699125,0.995256167,0.953636364,0.974001857,0.64893617,0.599056604,0.465201465,0.52371134
712,0.980600989,0.996215705,0.957272727,0.97635605,0.667173252,0.643617021,0.443223443,0.52494577
713,0.976797261,0.994291151,0.95,0.971641097,0.650455927,0.609137056,0.43956044,0.510638298
714,0.983263598,0.995309568,0.964545455,0.979686057,0.651975684,0.612244898,0.43956044,0.511727079
715,0.974515025,0.997112608,0.941818182,0.968676952,0.6443769,0.598984772,0.432234432,0.50212766
716,0.981361734,0.990662932,0.964545455,0.977429756,0.638297872,0.587939698,0.428571429,0.495762712
717,0.988588817,0.998137803,0.974545455,0.986200552,0.642857143,0.594059406,0.43956044,0.505263158
718,0.982883226,0.992530345,0.966363636,0.979272225,0.639817629,0.588235294,0.43956044,0.503144654
719,0.98212248,0.996229972,0.960909091,0.97825081,0.659574468,0.61722488,0.472527473,0.53526971
720,0.98212248,0.99251637,0.964545455,0.978331028,0.655015198,0.610576923,0.465201465,0.528066528
721,0.979459871,0.995265152,0.955454545,0.974953618,0.651975684,0.606796117,0.457875458,0.521920668
722,0.985165462,0.998122066,0.966363636,0.981986143,0.6443769,0.6,0.428571429,0.5
723,0.981361734,0.99342723,0.961818182,0.977367206,0.661094225,0.62755102,0.450549451,0.524520256
724,0.975656143,0.991461101,0.95,0.970287837,0.638297872,0.592592593,0.41025641,0.484848485
725,0.978318752,0.996194101,0.951818182,0.973500697,0.641337386,0.593908629,0.428571429,0.49787234
726,0.978699125,0.994318182,0.954545455,0.974025974,0.650455927,0.614973262,0.421245421,0.5
727,0.978699125,0.996197719,0.952727273,0.973977695,0.641337386,0.591133005,0.43956044,0.504201681
728,0.979079498,0.993389991,0.956363636,0.974525243,0.639817629,0.591836735,0.424908425,0.49466951
729,0.983643971,0.999055713,0.961818182,0.980083372,0.67325228,0.651041667,0.457875458,0.537634409
730,0.984404717,0.996251172,0.966363636,0.981079834,0.645896657,0.6,0.43956044,0.507399577
731,0.979840243,0.995269631,0.956363636,0.975428836,0.655015198,0.612745098,0.457875458,0.524109015
732,0.984024344,0.995318352,0.966363636,0.980627306,0.64893617,0.602941176,0.450549451,0.51572327
733,0.976797261,0.994291151,0.95,0.971641097,0.64893617,0.607142857,0.435897436,0.507462687
734,0.984024344,0.989814815,0.971818182,0.980733945,0.653495441,0.611940299,0.450549451,0.518987342
735,0.983263598,0.996240602,0.963636364,0.979667283,0.641337386,0.583710407,0.472527473,0.522267206
736,0.980220616,0.995274102,0.957272727,0.975903614,0.627659574,0.571428571,0.41025641,0.47761194
737,0.98212248,0.997167139,0.96,0.978230662,0.664133739,0.62745098,0.468864469,0.536687631
738,0.981742107,0.996226415,0.96,0.977777778,0.641337386,0.595854922,0.421245421,0.493562232
739,0.980600989,0.989729225,0.963636364,0.976508521,0.664133739,0.638297872,0.43956044,0.520607375
740,0.979459871,0.997148289,0.953636364,0.974907063,0.664133739,0.647727273,0.417582418,0.5077951
741,0.972613161,0.992337165,0.941818182,0.96641791,0.639817629,0.592783505,0.421245421,0.492505353
742,0.979459871,0.989700375,0.960909091,0.975092251,0.662613982,0.626865672,0.461538462,0.53164557
743,0.977558007,0.995242626,0.950909091,0.972570897,0.653495441,0.603686636,0.47985348,0.534693878
744,0.98630658,0.996268657,0.970909091,0.983425414,0.630699088,0.573529412,0.428571429,0.490566038
745,0.98212248,0.996229972,0.960909091,0.97825081,0.629179331,0.566210046,0.454212454,0.504065041
746,0.978318752,0.990592662,0.957272727,0.973647712,0.635258359,0.583756345,0.421245421,0.489361702
747,0.984024344,0.994392523,0.967272727,0.980645161,0.645896657,0.603092784,0.428571429,0.501070664
748,0.980600989,0.993414864,0.96,0.976421637,0.655015198,0.616161616,0.446886447,0.518046709
749,0.982883226,0.999053926,0.96,0.979137691,0.64893617,0.608247423,0.432234432,0.505353319
750,0.98212248,0.996229972,0.960909091,0.97825081,0.647416413,0.605128205,0.432234432,0.504273504
751,0.978699125,0.99245283,0.956363636,0.974074074,0.632218845,0.570776256,0.457875458,0.508130081
752,0.978699125,0.997142857,0.951818182,0.973953488,0.642857143,0.596938776,0.428571429,0.498933902
753,0.980600989,0.992488263,0.960909091,0.976443418,0.626139818,0.569948187,0.402930403,0.472103004
754,0.976797261,0.994291151,0.95,0.971641097,0.64893617,0.606060606,0.43956044,0.50955414
755,0.973754279,0.996150144,0.940909091,0.967741935,0.645896657,0.605263158,0.421245421,0.496760259
756,0.984404717,0.995322732,0.967272727,0.98109728,0.668693009,0.639593909,0.461538462,0.536170213
757,0.981361734,0.992502343,0.962727273,0.977388094,0.655015198,0.621052632,0.432234432,0.509719222
758,0.980981362,0.994350282,0.96,0.976873265,0.621580547,0.565934066,0.377289377,0.452747253
759,0.980600989,0.993414864,0.96,0.976421637,0.664133739,0.625,0.476190476,0.540540541
760,0.976416889,0.994285714,0.949090909,0.971162791,0.650455927,0.606965174,0.446886447,0.514767932
761,0.976416889,0.994285714,0.949090909,0.971162791,0.651975684,0.61,0.446886447,0.515856237
762,0.984785089,0.991651206,0.971818182,0.981634527,0.636778116,0.583333333,0.435897436,0.498951782
763,0.979840243,0.996208531,0.955454545,0.975406032,0.655015198,0.621052632,0.432234432,0.509719222
764,0.98212248,0.995296331,0.961818182,0.97827092,0.633738602,0.585106383,0.402930403,0.477223427
765,0.979079498,0.994323557,0.955454545,0.974501623,0.665653495,0.626794258,0.47985348,0.543568465
766,0.982502853,0.991604478,0.966363636,0.978821363,0.656534954,0.625668449,0.428571429,0.508695652
767,0.976416889,0.994285714,0.949090909,0.971162791,0.645896657,0.604166667,0.424908425,0.498924731
768,0.983263598,0.992537313,0.967272727,0.979742173,0.641337386,0.592039801,0.435897436,0.502109705
769,0.980220616,0.995274102,0.957272727,0.975903614,0.661094225,0.631578947,0.43956044,0.518358531
770,0.976036516,0.997123682,0.945454545,0.97060196,0.64893617,0.6,0.461538462,0.52173913
771,0.979459871,0.995265152,0.955454545,0.974953618,0.650455927,0.616216216,0.417582418,0.497816594
772,0.980981362,0.989738806,0.964545455,0.976979742,0.664133739,0.626213592,0.472527473,0.538622129
773,0.981361734,0.990662932,0.964545455,0.977429756,0.647416413,0.609625668,0.417582418,0.495652174
774,0.97793838,0.995247148,0.951818182,0.973048327,0.647416413,0.615819209,0.399267399,0.484444444
775,0.981361734,0.992502343,0.962727273,0.977388094,0.671732523,0.637681159,0.483516484,0.55
776,0.981361734,0.996222852,0.959090909,0.977304308,0.655015198,0.617346939,0.443223443,0.515991471
777,0.973754279,0.989553656,0.947272727,0.967951695,0.64893617,0.602941176,0.450549451,0.51572327
778,0.974515025,0.996157541,0.942727273,0.968706212,0.641337386,0.591133005,0.43956044,0.504201681
779,0.978699125,0.993383743,0.955454545,0.974050046,0.638297872,0.587939698,0.428571429,0.495762712
780,0.973754279,0.994247363,0.942727273,0.967802147,0.633738602,0.585106383,0.402930403,0.477223427
781,0.980220616,0.996212121,0.956363636,0.975881262,0.668693009,0.639593909,0.461538462,0.536170213
782,0.98212248,0.995296331,0.961818182,0.97827092,0.633738602,0.581632653,0.417582418,0.486140725
783,0.976036516,0.997123682,0.945454545,0.97060196,0.629179331,0.56937799,0.435897436,0.493775934
784,0.979840243,0.995269631,0.956363636,0.975428836,0.64893617,0.606060606,0.43956044,0.50955414
785,0.985165462,0.996258185,0.968181818,0.982019364,0.656534954,0.615763547,0.457875458,0.525210084
786,0.98212248,0.99343955,0.963636364,0.978311029,0.655015198,0.607476636,0.476190476,0.533880903
787,0.985165462,0.995331466,0.969090909,0.982035928,0.661094225,0.617924528,0.47985348,0.540206186
788,0.976797261,0.993352327,0.950909091,0.971667441,0.6443769,0.594202899,0.450549451,0.5125
789,0.981742107,0.994360902,0.961818182,0.977818854,0.645896657,0.606382979,0.417582418,0.494577007
790,0.976416889,0.995229008,0.948181818,0.97113594,0.650455927,0.6,0.472527473,0.528688525
791,0.980600989,0.994344958,0.959090909,0.976399815,0.638297872,0.588832487,0.424908425,0.493617021
792,0.984404717,0.997183099,0.965454545,0.981062356,0.655015198,0.625,0.421245421,0.503282276
793,0.982502853,0.994371482,0.963636364,0.978762696,0.658054711,0.621212121,0.450549451,0.522292994
794,0.981361734,0.995287465,0.96,0.977325312,0.659574468,0.620689655,0.461538462,0.529411765
795,0.981361734,0.998104265,0.957272727,0.977262181,0.651975684,0.607843137,0.454212454,0.519916143
796,0.983643971,0.995313964,0.965454545,0.980156899,0.670212766,0.634615385,0.483516484,0.548856549
797,0.979459871,0.996204934,0.954545455,0.974930362,0.633738602,0.583333333,0.41025641,0.48172043
798,0.98212248,0.995296331,0.961818182,0.97827092,0.636778116,0.590425532,0.406593407,0.481561822
799,0.98212248,0.995296331,0.961818182,0.97827092,0.653495441,0.619047619,0.428571429,0.506493506
800,0.978318752,0.991517436,0.956363636,0.973623323,0.653495441,0.615384615,0.43956044,0.512820513
801,0.981361734,0.997161779,0.958181818,0.977283264,0.67781155,0.672316384,0.435897436,0.528888889
802,0.977558007,0.990574929,0.955454545,0.972697825,0.674772036,0.643902439,0.483516484,0.552301255
803,0.980981362,0.994350282,0.96,0.976873265,0.64893617,0.605,0.443223443,0.511627907
804,0.984785089,0.996254682,0.967272727,0.981549815,0.650455927,0.603864734,0.457875458,0.520833333
805,0.984785089,0.993482309,0.97,0.981600736,0.656534954,0.61352657,0.465201465,0.529166667
806,0.978699125,0.99245283,0.956363636,0.974074074,0.636778116,0.594444444,0.391941392,0.472406181
807,0.981361734,0.989748369,0.965454545,0.977450529,0.668693009,0.643979058,0.450549451,0.530172414
808,0.976797261,0.993352327,0.950909091,0.971667441,0.642857143,0.59223301,0.446886447,0.509394572
809,0.978699125,0.99245283,0.956363636,0.974074074,0.650455927,0.609137056,0.43956044,0.510638298
810,0.978699125,0.998091603,0.950909091,0.973929236,0.664133739,0.625,0.476190476,0.540540541
811,0.977558007,0.994301994,0.951818182,0.972596377,0.632218845,0.575609756,0.432234432,0.493723849
812,0.983263598,0.995309568,0.964545455,0.979686057,0.647416413,0.60199005,0.443223443,0.510548523
813,0.97793838,0.993371212,0.953636364,0.97309833,0.653495441,0.604651163,0.476190476,0.532786885
814,0.980220616,0.995274102,0.957272727,0.975903614,0.653495441,0.608695652,0.461538462,0.525
815,0.984785089,1,0.963636364,0.981481481,0.6443769,0.598984772,0.432234432,0.50212766
816,0.979840243,0.994334278,0.957272727,0.975451598,0.655015198,0.629213483,0.41025641,0.496674058
817,0.983643971,0.990714949,0.97,0.980248048,0.635258359,0.587301587,0.406593407,0.480519481
818,0.979079498,0.995260664,0.954545455,0.974477958,0.67325228,0.642156863,0.47985348,0.549266247
819,0.98212248,0.995296331,0.961818182,0.97827092,0.639817629,0.586538462,0.446886447,0.507276507
820,0.984024344,0.994392523,0.967272727,0.980645161,0.671732523,0.641791045,0.472527473,0.544303797
821,0.980220616,0.996212121,0.956363636,0.975881262,0.647416413,0.604060914,0.435897436,0.506382979
822,0.978318752,0.992445703,0.955454545,0.973598888,0.64893617,0.599056604,0.465201465,0.52371134
823,0.984404717,0.993476235,0.969090909,0.981132075,0.670212766,0.645833333,0.454212454,0.533333333
824,0.97793838,0.990583804,0.956363636,0.973172988,0.642857143,0.6,0.417582418,0.492440605
825,0.978318752,0.997140133,0.950909091,0.973476035,0.64893617,0.610526316,0.424908425,0.501079914
826,0.979840243,0.99247413,0.959090909,0.975496995,0.647416413,0.6,0.450549451,0.514644351
827,0.978699125,0.997142857,0.951818182,0.973953488,0.632218845,0.582887701,0.399267399,0.473913043
828,0.987067326,0.994434137,0.974545455,0.984389348,0.641337386,0.597883598,0.413919414,0.489177489
829,0.976797261,0.991485336,0.952727273,0.971719981,0.661094225,0.634408602,0.432234432,0.51416122
830,0.980600989,0.992488263,0.960909091,0.976443418,0.639817629,0.586538462,0.446886447,0.507276507
831,0.980981362,0.996219282,0.958181818,0.976830399,0.64893617,0.6,0.461538462,0.52173913
832,0.98212248,0.998107852,0.959090909,0.978210478,0.635258359,0.588235294,0.402930403,0.47826087
833,0.979079498,0.997145576,0.952727273,0.974430497,0.638297872,0.592592593,0.41025641,0.484848485
834,0.985165462,0.995331466,0.969090909,0.982035928,0.658054711,0.627659574,0.432234432,0.511930586
835,0.982502853,0.994371482,0.963636364,0.978762696,0.668693009,0.641025641,0.457875458,0.534188034
836,0.980981362,0.995283019,0.959090909,0.976851852,0.64893617,0.607142857,0.435897436,0.507462687
837,0.984404717,0.988919668,0.973636364,0.981218507,0.664133739,0.632653061,0.454212454,0.528784648
838,0.984785089,0.993482309,0.97,0.981600736,0.664133739,0.623809524,0.47985348,0.542443064
839,0.983643971,0.993464052,0.967272727,0.980193459,0.658054711,0.609090909,0.490842491,0.543610548
840,0.984404717,0.997183099,0.965454545,0.981062356,0.638297872,0.581395349,0.457875458,0.512295082
841,0.980600989,0.994344958,0.959090909,0.976399815,0.661094225,0.634408602,0.432234432,0.51416122
842,0.976416889,0.993346008,0.95,0.971189591,0.653495441,0.614213198,0.443223443,0.514893617
843,0.983643971,0.997177799,0.963636364,0.980120203,0.676291793,0.657894737,0.457875458,0.539956803
844,0.981742107,0.995291902,0.960909091,0.977798335,0.667173252,0.640625,0.450549451,0.529032258
845,0.979459871,0.995265152,0.955454545,0.974953618,0.636778116,0.587628866,0.417582418,0.488222698
846,0.981742107,0.990671642,0.965454545,0.977900552,0.656534954,0.61928934,0.446886447,0.519148936
847,0.985926208,0.996265173,0.97,0.982957163,0.658054711,0.613207547,0.476190476,0.536082474
848,0.982883226,0.995305164,0.963636364,0.979214781,0.6443769,0.596059113,0.443223443,0.508403361
849,0.979840243,0.99809705,0.953636364,0.975360298,0.645896657,0.599009901,0.443223443,0.509473684
850,0.97793838,0.996190476,0.950909091,0.973023256,0.668693009,0.625570776,0.501831502,0.556910569
851,0.985545835,0.995335821,0.97,0.982504604,0.636778116,0.583333333,0.435897436,0.498951782
852,0.981361734,0.994355597,0.960909091,0.977346278,0.655015198,0.638554217,0.388278388,0.482915718
853,0.979459871,0.994328922,0.956363636,0.97497683,0.647416413,0.6,0.450549451,0.514644351
854,0.982502853,0.996233522,0.961818182,0.978723404,0.670212766,0.637254902,0.476190476,0.545073375
855,0.977558007,0.994301994,0.951818182,0.972596377,0.632218845,0.579487179,0.413919414,0.482905983
856,0.97793838,0.992438563,0.954545455,0.973123262,0.655015198,0.612745098,0.457875458,0.524109015
857,0.980220616,0.993408663,0.959090909,0.975948196,0.645896657,0.598039216,0.446886447,0.511530398
858,0.983643971,0.996244131,0.964545455,0.980138568,0.656534954,0.616915423,0.454212454,0.523206751
859,0.980981362,0.994350282,0.96,0.976873265,0.645896657,0.595238095,0.457875458,0.517598344
860,0.978699125,0.990601504,0.958181818,0.974121996,0.653495441,0.607655502,0.465201465,0.526970954
861,0.981742107,0.995291902,0.960909091,0.977798335,0.633738602,0.578431373,0.432234432,0.49475891
862,0.981742107,0.991588785,0.964545455,0.977880184,0.658054711,0.625,0.43956044,0.516129032
863,0.981361734,0.994355597,0.960909091,0.977346278,0.642857143,0.604395604,0.402930403,0.483516484
864,0.982502853,0.997169811,0.960909091,0.978703704,0.653495441,0.610837438,0.454212454,0.521008403
865,0.982883226,0.993451824,0.965454545,0.979253112,0.651975684,0.614583333,0.432234432,0.507526882
866,0.979840243,0.993402451,0.958181818,0.975474317,0.627659574,0.568627451,0.424908425,0.486373166
867,0.981361734,0.999050332,0.956363636,0.977241059,0.67325228,0.638095238,0.490842491,0.554865424
868,0.980220616,0.995274102,0.957272727,0.975903614,0.626139818,0.567164179,0.417582418,0.481012658
869,0.982502853,0.994371482,0.963636364,0.978762696,0.665653495,0.631840796,0.465201465,0.535864979
870,0.980220616,0.996212121,0.956363636,0.975881262,0.64893617,0.608247423,0.432234432,0.505353319
871,0.97793838,0.995247148,0.951818182,0.973048327,0.64893617,0.6,0.461538462,0.52173913
872,0.984404717,0.998118532,0.964545455,0.981044845,0.647416413,0.605128205,0.432234432,0.504273504
873,0.978318752,0.993377483,0.954545455,0.973574409,0.639817629,0.590909091,0.428571429,0.496815287
874,0.983263598,0.998113208,0.961818182,0.97962963,0.662613982,0.632124352,0.446886447,0.52360515
875,0.98212248,0.99251637,0.964545455,0.978331028,0.650455927,0.61025641,0.435897436,0.508547009
876,0.979079498,0.997145576,0.952727273,0.974430497,0.636778116,0.585858586,0.424908425,0.492569002
877,0.980220616,0.995274102,0.957272727,0.975903614,0.639817629,0.591836735,0.424908425,0.49466951
878,0.976416889,0.995229008,0.948181818,0.97113594,0.647416413,0.606217617,0.428571429,0.502145923
879,0.981361734,0.995287465,0.96,0.977325312,0.624620061,0.5625,0.428571429,0.486486486
880,0.976416889,0.993346008,0.95,0.971189591,0.656534954,0.623036649,0.435897436,0.512931034
881,0.981361734,0.994355597,0.960909091,0.977346278,0.656534954,0.615763547,0.457875458,0.525210084
882,0.985926208,0.997193639,0.969090909,0.982941448,0.630699088,0.580645161,0.395604396,0.470588235
883,0.981361734,0.994355597,0.960909091,0.977346278,0.653495441,0.601809955,0.487179487,0.538461538
884,0.981361734,0.996222852,0.959090909,0.977304308,0.635258359,0.583756345,0.421245421,0.489361702
885,0.978699125,0.991525424,0.957272727,0.974098057,0.627659574,0.568627451,0.424908425,0.486373166
886,0.979840243,0.993402451,0.958181818,0.975474317,0.645896657,0.601010101,0.435897436,0.505307856
887,0.983263598,0.993457944,0.966363636,0.979723502,0.650455927,0.61025641,0.435897436,0.508547009
888,0.979459871,0.993396226,0.957272727,0.975,0.638297872,0.588832487,0.424908425,0.493617021
889,0.982883226,0.991612302,0.967272727,0.979291302,0.641337386,0.587677725,0.454212454,0.512396694
890,0.981361734,0.998104265,0.957272727,0.977262181,0.629179331,0.572139303,0.421245421,0.485232068
891,0.978699125,0.995256167,0.953636364,0.974001857,0.653495441,0.615384615,0.43956044,0.512820513
892,0.978318752,0.988753515,0.959090909,0.973696354,0.650455927,0.616216216,0.417582418,0.497816594
893,0.980981362,0.994350282,0.96,0.976873265,0.655015198,0.608490566,0.472527473,0.531958763
894,0.982883226,0.997172479,0.961818182,0.979176307,0.667173252,0.64516129,0.43956044,0.522875817
895,0.982883226,0.993451824,0.965454545,0.979253112,0.653495441,0.610837438,0.454212454,0.521008403
896,0.984024344,0.997180451,0.964545455,0.980591497,0.647416413,0.597156398,0.461538462,0.520661157
897,0.978699125,0.995256167,0.953636364,0.974001857,0.636778116,0.580188679,0.450549451,0.507216495
898,0.980220616,0.996212121,0.956363636,0.975881262,0.642857143,0.607954545,0.391941392,0.476614699
899,0.978318752,0.996194101,0.951818182,0.973500697,0.655015198,0.621052632,0.432234432,0.509719222
900,0.982502853,0.995300752,0.962727273,0.978743068,0.633738602,0.576190476,0.443223443,0.501035197
901,0.980981362,0.990654206,0.963636364,0.976958525,0.6443769,0.6,0.428571429,0.5
902,0.981361734,0.997161779,0.958181818,0.977283264,0.653495441,0.616580311,0.435897436,0.510729614
903,0.984024344,0.996247655,0.965454545,0.980609418,0.659574468,0.624365482,0.450549451,0.523404255
904,0.980220616,0.991557223,0.960909091,0.975992613,0.647416413,0.605128205,0.432234432,0.504273504
905,0.985165462,0.997188379,0.967272727,0.982002769,0.661094225,0.614678899,0.490842491,0.545824847
906,0.981742107,0.995291902,0.960909091,0.977798335,0.633738602,0.583333333,0.41025641,0.48172043
907,0.977177634,0.994296578,0.950909091,0.972118959,0.653495441,0.610837438,0.454212454,0.521008403
908,0.976036516,0.993339676,0.949090909,0.970711297,0.626139818,0.569230769,0.406593407,0.474358974
909,0.977558007,0.99243141,0.953636364,0.972647195,0.647416413,0.606217617,0.428571429,0.502145923
910,0.983263598,0.996240602,0.963636364,0.979667283,0.635258359,0.592178771,0.388278388,0.469026549
911,0.978318752,0.989671362,0.958181818,0.973672055,0.655015198,0.611650485,0.461538462,0.526096033
912,0.983643971,0.996244131,0.964545455,0.980138568,0.636778116,0.582524272,0.43956044,0.501043841
913,0.981742107,0.990671642,0.965454545,0.977900552,0.647416413,0.608465608,0.421245421,0.497835498
914,0.983643971,0.995313964,0.965454545,0.980156899,0.641337386,0.596858639,0.417582418,0.49137931
915,0.98212248,0.997167139,0.96,0.978230662,0.665653495,0.643243243,0.435897436,0.519650655
916,0.980220616,0.994339623,0.958181818,0.975925926,0.64893617,0.607142857,0.435897436,0.507462687
917,0.983263598,0.992537313,0.967272727,0.979742173,0.6443769,0.598984772,0.432234432,0.50212766
918,0.977558007,0.991501416,0.954545455,0.972672534,0.632218845,0.572769953,0.446886447,0.502057613
919,0.973754279,0.989553656,0.947272727,0.967951695,0.655015198,0.622340426,0.428571429,0.507592191
920,0.978318752,0.992445703,0.955454545,0.973598888,0.64893617,0.607142857,0.435897436,0.507462687
921,0.979840243,0.993402451,0.958181818,0.975474317,0.664133739,0.632653061,0.454212454,0.528784648
922,0.984024344,0.997180451,0.964545455,0.980591497,0.635258359,0.578947368,0.443223443,0.502074689
923,0.980600989,0.996215705,0.957272727,0.97635605,0.651975684,0.614583333,0.432234432,0.507526882
924,0.978318752,0.996194101,0.951818182,0.973500697,0.661094225,0.635869565,0.428571429,0.512035011
925,0.980220616,0.996212121,0.956363636,0.975881262,0.665653495,0.625592417,0.483516484,0.545454545
926,0.980981362,0.996219282,0.958181818,0.976830399,0.659574468,0.636871508,0.417582418,0.504424779
927,0.979459871,0.992467043,0.958181818,0.975023127,0.664133739,0.63,0.461538462,0.532769556
928,0.974895397,0.993320611,0.946363636,0.969273743,0.638297872,0.587064677,0.432234432,0.497890295
929,0.980600989,0.995278565,0.958181818,0.976377953,0.67325228,0.646464646,0.468864469,0.543524416
930,0.981361734,0.992502343,0.962727273,0.977388094,0.64893617,0.606060606,0.43956044,0.50955414
931,0.979079498,0.991533396,0.958181818,0.974572353,0.64893617,0.602941176,0.450549451,0.51572327
932,0.980220616,0.992481203,0.96,0.975970425,0.629179331,0.572864322,0.417582418,0.483050847
933,0.978318752,0.994312796,0.953636364,0.973549884,0.64893617,0.612903226,0.417582418,0.496732026
934,0.982502853,0.994371482,0.963636364,0.978762696,0.667173252,0.629807692,0.47985348,0.544698545
935,0.979459871,0.995265152,0.955454545,0.974953618,0.645896657,0.605263158,0.421245421,0.496760259
936,0.981361734,0.994355597,0.960909091,0.977346278,0.658054711,0.621212121,0.450549451,0.522292994
937,0.980600989,0.993414864,0.96,0.976421637,0.67325228,0.654255319,0.450549451,0.53362256
938,0.978699125,0.993383743,0.955454545,0.974050046,0.665653495,0.630541872,0.468864469,0.537815126
939,0.980220616,0.993408663,0.959090909,0.975948196,0.645896657,0.601010101,0.435897436,0.505307856
940,0.984404717,0.995322732,0.967272727,0.98109728,0.635258359,0.583756345,0.421245421,0.489361702
941,0.980981362,0.99904943,0.955454545,0.976765799,0.656534954,0.620512821,0.443223443,0.517094017
942,0.980981362,0.996219282,0.958181818,0.976830399,0.651975684,0.61,0.446886447,0.515856237
943,0.983263598,0.993457944,0.966363636,0.979723502,0.629179331,0.57591623,0.402930403,0.474137931
944,0.980220616,0.993408663,0.959090909,0.975948196,0.664133739,0.632653061,0.454212454,0.528784648
945,0.982502853,0.995300752,0.962727273,0.978743068,0.656534954,0.624338624,0.432234432,0.510822511
946,0.987067326,0.994434137,0.974545455,0.984389348,0.658054711,0.62,0.454212454,0.524312896
947,0.980600989,0.999048525,0.954545455,0.976290098,0.635258359,0.589189189,0.399267399,0.475982533
948,0.984785089,0.996254682,0.967272727,0.981549815,0.650455927,0.611398964,0.432234432,0.506437768
949,0.976416889,0.995229008,0.948181818,0.97113594,0.64893617,0.602941176,0.450549451,0.51572327
950,0.979079498,0.990610329,0.959090909,0.974595843,0.655015198,0.606481481,0.47985348,0.535787321
951,0.981742107,0.995291902,0.960909091,0.977798335,0.639817629,0.587378641,0.443223443,0.505219207
952,0.981742107,0.996226415,0.96,0.977777778,0.668693009,0.631578947,0.483516484,0.547717842
953,0.979459871,0.993396226,0.957272727,0.975,0.642857143,0.595959596,0.432234432,0.501061571
954,0.981742107,0.997164461,0.959090909,0.977757183,0.623100304,0.560386473,0.424908425,0.483333333
955,0.985165462,0.996258185,0.968181818,0.982019364,0.633738602,0.586021505,0.399267399,0.474945534
956,0.979079498,0.993389991,0.956363636,0.974525243,0.655015198,0.60952381,0.468864469,0.530020704
957,0.974515025,0.990503324,0.948181818,0.968880632,0.674772036,0.649746193,0.468864469,0.544680851
958,0.980600989,0.996215705,0.957272727,0.97635605,0.655015198,0.611650485,0.461538462,0.526096033
959,0.981361734,0.995287465,0.96,0.977325312,0.633738602,0.581632653,0.417582418,0.486140725
960,0.980600989,0.996215705,0.957272727,0.97635605,0.67325228,0.652631579,0.454212454,0.535637149
961,0.976036516,0.993339676,0.949090909,0.970711297,0.650455927,0.604878049,0.454212454,0.518828452
962,0.982502853,0.997169811,0.960909091,0.978703704,0.645896657,0.595238095,0.457875458,0.517598344
963,0.976797261,0.993352327,0.950909091,0.971667441,0.64893617,0.605,0.443223443,0.511627907
964,0.979459871,0.994328922,0.956363636,0.97497683,0.632218845,0.575609756,0.432234432,0.493723849
965,0.984785089,0.990740741,0.972727273,0.981651376,0.630699088,0.578125,0.406593407,0.477419355
966,0.979840243,0.994334278,0.957272727,0.975451598,0.639817629,0.597826087,0.402930403,0.481400438
967,0.978699125,0.991525424,0.957272727,0.974098057,0.653495441,0.613065327,0.446886447,0.516949153
968,0.979079498,0.995260664,0.954545455,0.974477958,0.655015198,0.618556701,0.43956044,0.51391863
969,0.975656143,0.994274809,0.947272727,0.970204842,0.647416413,0.595348837,0.468864469,0.524590164
970,0.982883226,0.995305164,0.963636364,0.979214781,0.653495441,0.613065327,0.446886447,0.516949153
971,0.981361734,0.995287465,0.96,0.977325312,0.6443769,0.598984772,0.432234432,0.50212766
972,0.983263598,0.995309568,0.964545455,0.979686057,0.665653495,0.635897436,0.454212454,0.52991453
973,0.973754279,0.995196926,0.941818182,0.967772069,0.624620061,0.564356436,0.417582418,0.48
974,0.977558007,0.996186845,0.95,0.97254537,0.664133739,0.634020619,0.450549451,0.526766595
975,0.981361734,0.995287465,0.96,0.977325312,0.64893617,0.609375,0.428571429,0.503225806
976,0.982502853,0.996233522,0.961818182,0.978723404,0.668693009,0.639593909,0.461538462,0.536170213
977,0.984024344,0.991635688,0.97,0.980698529,0.655015198,0.616161616,0.446886447,0.518046709
978,0.982883226,0.995305164,0.963636364,0.979214781,0.6443769,0.59798995,0.435897436,0.504237288
979,0.98212248,0.996229972,0.960909091,0.97825081,0.671732523,0.637681159,0.483516484,0.55
980,0.98212248,0.995296331,0.961818182,0.97827092,0.667173252,0.636363636,0.461538462,0.535031847
981,0.98212248,0.994366197,0.962727273,0.978290993,0.618541033,0.556701031,0.395604396,0.462526767
982,0.979459871,0.995265152,0.955454545,0.974953618,0.661094225,0.62254902,0.465201465,0.532494759
983,0.979840243,0.995269631,0.956363636,0.975428836,0.653495441,0.617801047,0.432234432,0.50862069
984,0.984404717,0.997183099,0.965454545,0.981062356,0.655015198,0.626373626,0.417582418,0.501098901
985,0.97793838,0.992438563,0.954545455,0.973123262,0.6443769,0.606557377,0.406593407,0.486842105
986,0.983263598,0.998113208,0.961818182,0.97962963,0.64893617,0.597222222,0.472527473,0.527607362
987,0.981361734,0.994355597,0.960909091,0.977346278,0.662613982,0.617511521,0.490842491,0.546938776
988,0.981361734,0.99342723,0.961818182,0.977367206,0.671732523,0.63507109,0.490842491,0.553719008
989,0.980981362,0.996219282,0.958181818,0.976830399,0.676291793,0.653061224,0.468864469,0.545842217
990,0.984404717,0.995322732,0.967272727,0.98109728,0.653495441,0.62295082,0.417582418,0.5
991,0.980220616,0.991557223,0.960909091,0.975992613,0.647416413,0.612021858,0.41025641,0.49122807
992,0.980600989,0.996215705,0.957272727,0.97635605,0.651975684,0.611111111,0.443223443,0.513800425
993,0.984024344,0.993470149,0.968181818,0.980662983,0.638297872,0.583732057,0.446886447,0.506224066
994,0.98212248,0.995296331,0.961818182,0.97827092,0.6443769,0.598984772,0.432234432,0.50212766
995,0.98212248,0.995296331,0.961818182,0.97827092,0.656534954,0.610328638,0.476190476,0.534979424
996,0.981361734,0.994355597,0.960909091,0.977346278,0.658054711,0.621212121,0.450549451,0.522292994
997,0.983643971,0.995313964,0.965454545,0.980156899,0.658054711,0.613207547,0.476190476,0.536082474
998,0.978318752,0.995251662,0.952727273,0.973525314,0.645896657,0.601010101,0.435897436,0.505307856
999,0.979459871,0.993396226,0.957272727,0.975,0.642857143,0.59223301,0.446886447,0.509394572
