,cols,n_estimators,min_samples_leaf,max_features,ac(train),ac(test),pr(train),pr(test),re(train),re(test),f1(train),f1(test)
0,"[3, 4, 5, 6, 7, 8, 9, 10, 11, 12, 13, 14, 15, 16, 17, 18, 19, 20, 21, 22, 23]",50,1,auto,0.9998705702674018,0.7757858146586791,0.9999498902596686,0.766287487073423,0.9996994168687253,0.5644469390209678,0.9998246378772163,0.6500600240096038
1,"[3, 4, 5, 6, 7, 8, 9, 10, 11, 12, 13, 14, 15, 16, 17, 18, 19, 20, 21, 22, 23]",50,2,auto,0.9934101776145731,0.7735966274683825,0.997079107505071,0.757219879357284,0.9850309600625213,0.5686966283125526,0.9910184167817505,0.6495558201300485
2,"[3, 4, 5, 6, 7, 8, 9, 10, 11, 12, 13, 14, 15, 16, 17, 18, 19, 20, 21, 22, 23]",50,3,auto,0.9727531922919047,0.7724872420678944,0.987542194092827,0.7580976031094796,0.9380097388934533,0.5630036483181654,0.9621388857486408,0.6461453516460763
3,"[3, 4, 5, 6, 7, 8, 9, 10, 11, 12, 13, 14, 15, 16, 17, 18, 19, 20, 21, 22, 23]",50,4,auto,0.948368630670409,0.7702240958508986,0.973606390960851,0.7564458980648678,0.8840751057050679,0.5563484745219099,0.9266832603421659,0.6411476621696545
4,"[3, 4, 5, 6, 7, 8, 9, 10, 11, 12, 13, 14, 15, 16, 17, 18, 19, 20, 21, 22, 23]",50,5,auto,0.926202864464882,0.7671769839508912,0.9584759192485244,0.7526492066106627,0.8362823878323948,0.549573026500421,0.893219468344677,0.6352766706831031
5,"[3, 4, 5, 6, 7, 8, 9, 10, 11, 12, 13, 14, 15, 16, 17, 18, 19, 20, 21, 22, 23]",50,6,auto,0.9075538889936653,0.7653132164780712,0.943858358352419,0.7517333185423485,0.796926036510831,0.5433588581966885,0.8641912264022816,0.6307828353346364
6,"[3, 4, 5, 6, 7, 8, 9, 10, 11, 12, 13, 14, 15, 16, 17, 18, 19, 20, 21, 22, 23]",50,7,auto,0.8914935081744121,0.7629169440130168,0.9298996998316128,0.7505198673635699,0.7635713283770514,0.5353806679228641,0.8385673415492957,0.6249532010482964
7,"[3, 4, 5, 6, 7, 8, 9, 10, 11, 12, 13, 14, 15, 16, 17, 18, 19, 20, 21, 22, 23]",50,8,auto,0.8786910586242729,0.7606833814067007,0.9173747290259886,0.7443131132917038,0.7377712762759754,0.5352203022892195,0.8178284241858813,0.6226824319597005
8,"[3, 4, 5, 6, 7, 8, 9, 10, 11, 12, 13, 14, 15, 16, 17, 18, 19, 20, 21, 22, 23]",50,9,auto,0.8662325223636088,0.759248576288736,0.9053728642959981,0.746347564095276,0.7119812436126085,0.5263601010303492,0.7971148614920383,0.6173414209808624
9,"[3, 4, 5, 6, 7, 8, 9, 10, 11, 12, 13, 14, 15, 16, 17, 18, 19, 20, 21, 22, 23]",50,10,auto,0.8556636601988781,0.7580504400562088,0.8946889896221636,0.7449224098585121,0.6901689277197763,0.5234735196247444,0.7792326792875445,0.6148666148666149
10,"[3, 4, 5, 6, 7, 8, 9, 10, 11, 12, 13, 14, 15, 16, 17, 18, 19, 20, 21, 22, 23]",50,11,auto,0.8475391709840727,0.7562310479994083,0.8847538227103148,0.7425345331575629,0.6748191491493497,0.5193841959668043,0.765656795316319,0.6112290634583628
11,"[3, 4, 5, 6, 7, 8, 9, 10, 11, 12, 13, 14, 15, 16, 17, 18, 19, 20, 21, 22, 23]",50,12,auto,0.8399767766079795,0.7545891576066859,0.8765402496370006,0.7375696893844579,0.6592890207001583,0.5197851100509161,0.7525489635453895,0.6098163260506574
12,"[3, 4, 5, 6, 7, 8, 9, 10, 11, 12, 13, 14, 15, 16, 17, 18, 19, 20, 21, 22, 23]",50,13,auto,0.8319780191334125,0.7536572738702758,0.8670275962628936,0.7380118302417734,0.6434382702442739,0.5152146894920419,0.7386843346331251,0.6068089526867505
13,"[3, 4, 5, 6, 7, 8, 9, 10, 11, 12, 13, 14, 15, 16, 17, 18, 19, 20, 21, 22, 23]",50,14,auto,0.8271114611877212,0.7529768508246432,0.8604897670752589,0.738719953663481,0.6344307957437428,0.5113258228761577,0.7303681830764973,0.6043404094010614
14,"[3, 4, 5, 6, 7, 8, 9, 10, 11, 12, 13, 14, 15, 16, 17, 18, 19, 20, 21, 22, 23]",50,15,auto,0.8208840420535691,0.7514089194586199,0.8539731539924479,0.7351326359590823,0.6208644770855459,0.5099627149901776,0.7189965654877936,0.602187189319699
15,"[3, 4, 5, 6, 7, 8, 9, 10, 11, 12, 13, 14, 15, 16, 17, 18, 19, 20, 21, 22, 23]",50,16,auto,0.8166091628854695,0.7501368241993935,0.846896761357356,0.7334299797042622,0.6141414343827024,0.5070761335845728,0.7119791848160667,0.5996017824973926
16,"[3, 4, 5, 6, 7, 8, 9, 10, 11, 12, 13, 14, 15, 16, 17, 18, 19, 20, 21, 22, 23]",50,17,auto,0.8121198001604929,0.7493232749057023,0.8415110119877335,0.7325500232666357,0.6048734545017334,0.5049111975303693,0.703834540006762,0.5977928088287648
17,"[3, 4, 5, 6, 7, 8, 9, 10, 11, 12, 13, 14, 15, 16, 17, 18, 19, 20, 21, 22, 23]",50,18,auto,0.8078449209923932,0.7491753568523039,0.8350326321391558,0.7328008395522388,0.597388934532994,0.5039089123200898,0.6964978272043363,0.5971730609336026
18,"[3, 4, 5, 6, 7, 8, 9, 10, 11, 12, 13, 14, 15, 16, 17, 18, 19, 20, 21, 22, 23]",50,19,auto,0.8044760499524808,0.7481251386731751,0.8305559859700525,0.7316901820736491,0.590766086207242,0.5010624223228962,0.6904336727225888,0.594802969731582
19,"[3, 4, 5, 6, 7, 8, 9, 10, 11, 12, 13, 14, 15, 16, 17, 18, 19, 20, 21, 22, 23]",50,20,auto,0.800852017439732,0.7465572073071518,0.8248250512476143,0.7291238777067074,0.5845740737029838,0.49813574950888023,0.6842225623163931,0.5918921493902439
20,"[3, 4, 5, 6, 7, 8, 9, 10, 11, 12, 13, 14, 15, 16, 17, 18, 19, 20, 21, 22, 23]",50,21,auto,0.7980452412385316,0.7460986613416167,0.8202795022252459,0.7274801123069724,0.5798649379796805,0.49861684640981435,0.6794317915003523,0.5916886700444826
21,"[3, 4, 5, 6, 7, 8, 9, 10, 11, 12, 13, 14, 15, 16, 17, 18, 19, 20, 21, 22, 23]",50,22,auto,0.7951719011748521,0.745891576066859,0.8168614190529184,0.7289995280792827,0.5736428671622948,0.49544962514533136,0.6739809882574531,0.5899510681465568
22,"[3, 4, 5, 6, 7, 8, 9, 10, 11, 12, 13, 14, 15, 16, 17, 18, 19, 20, 21, 22, 23]",50,23,auto,0.7922726751646532,0.7443680201168552,0.8130551450013632,0.7263755097216477,0.5677113600384747,0.49276350078178244,0.6685860939850734,0.5871870819797439
23,"[3, 4, 5, 6, 7, 8, 9, 10, 11, 12, 13, 14, 15, 16, 17, 18, 19, 20, 21, 22, 23]",50,24,auto,0.7912335393115077,0.7452851120479255,0.8107135689917147,0.7271069811209786,0.5666693385167224,0.49565008218738726,0.6670716172862804,0.5894721785152339
24,"[3, 4, 5, 6, 7, 8, 9, 10, 11, 12, 13, 14, 15, 16, 17, 18, 19, 20, 21, 22, 23]",50,25,auto,0.7882418634923101,0.744678648028992,0.8069790599339038,0.7274126702190645,0.5602669178205719,0.4925630437397266,0.6613640530103667,0.5873831663997323
25,"[3, 4, 5, 6, 7, 8, 9, 10, 11, 12, 13, 14, 15, 16, 17, 18, 19, 20, 21, 22, 23]",50,26,auto,0.7853611274439107,0.7419865394571408,0.8026639997680958,0.7223408039843472,0.554866440895337,0.4884336286733753,0.6561492890995261,0.5827931785022363
26,"[3, 4, 5, 6, 7, 8, 9, 10, 11, 12, 13, 14, 15, 16, 17, 18, 19, 20, 21, 22, 23]",50,27,auto,0.7840261522019696,0.7423711263959766,0.8005749713240312,0.7241749076611462,0.5524517564074304,0.4873511606462735,0.653762471914109,0.5826164058568382
27,"[3, 4, 5, 6, 7, 8, 9, 10, 11, 12, 13, 14, 15, 16, 17, 18, 19, 20, 21, 22, 23]",50,28,auto,0.7818776186408399,0.7409215294726721,0.797137949106155,0.7213876967095851,0.548634350640242,0.4851862245920699,0.6499424325511282,0.5801673098588173
28,"[3, 4, 5, 6, 7, 8, 9, 10, 11, 12, 13, 14, 15, 16, 17, 18, 19, 20, 21, 22, 23]",50,29,auto,0.7803873277197809,0.7406848605872347,0.7953439431803235,0.7210689572894298,0.5452878584453841,0.48462494487431346,0.6469955359531127,0.5796628863260365
29,"[3, 4, 5, 6, 7, 8, 9, 10, 11, 12, 13, 14, 15, 16, 17, 18, 19, 20, 21, 22, 23]",50,30,auto,0.7787787010432037,0.7408327786406331,0.793129233746811,0.7214993434403725,0.5419814440013626,0.48462494487431346,0.6439336222084663,0.5798019042137325
30,"[3, 4, 5, 6, 7, 8, 9, 10, 11, 12, 13, 14, 15, 16, 17, 18, 19, 20, 21, 22, 23]",50,31,auto,0.7766412614591538,0.7393831817173286,0.7891886338284506,0.7188620607219699,0.5387351461835962,0.4822194603696428,0.6403434600864605,0.5772285542891421
31,"[3, 4, 5, 6, 7, 8, 9, 10, 11, 12, 13, 14, 15, 16, 17, 18, 19, 20, 21, 22, 23]",50,32,auto,0.7750955006526956,0.7392796390799498,0.7869127516778524,0.7193739881273611,0.535699256557722,0.4809766267088963,0.6374485842026826,0.5765016818837099
32,"[3, 4, 5, 6, 7, 8, 9, 10, 11, 12, 13, 14, 15, 16, 17, 18, 19, 20, 21, 22, 23]",50,33,auto,0.7740378748377506,0.7399896457362621,0.7851102074493164,0.7211313276887047,0.5339057772077831,0.4814577236098304,0.6355872565273918,0.5774112895470718
33,"[3, 4, 5, 6, 7, 8, 9, 10, 11, 12, 13, 14, 15, 16, 17, 18, 19, 20, 21, 22, 23]",50,34,auto,0.7726363357333303,0.7385252570076177,0.7828808479855913,0.7175188600167645,0.53133078171653,0.48045543839955096,0.633031520266439,0.5755312762636571
34,"[3, 4, 5, 6, 7, 8, 9, 10, 11, 12, 13, 14, 15, 16, 17, 18, 19, 20, 21, 22, 23]",50,35,auto,0.7712976624990293,0.7381110864581022,0.7819653866151675,0.7175402741043521,0.527403162134541,0.47857114220422564,0.6299387868670006,0.5741840833112869
35,"[3, 4, 5, 6, 7, 8, 9, 10, 11, 12, 13, 14, 15, 16, 17, 18, 19, 20, 21, 22, 23]",50,36,auto,0.7696002840058133,0.7377117077139265,0.7781304696075232,0.7177628797487468,0.5256197022223112,0.4764462975584332,0.6274219011625126,0.572722891566265
36,"[3, 4, 5, 6, 7, 8, 9, 10, 11, 12, 13, 14, 15, 16, 17, 18, 19, 20, 21, 22, 23]",50,37,auto,0.7683577585728708,0.7380962946527624,0.7759660221568803,0.7177327155665203,0.5235356591788068,0.47821031952852505,0.6252333317379025,0.5739858524613831
37,"[3, 4, 5, 6, 7, 8, 9, 10, 11, 12, 13, 14, 15, 16, 17, 18, 19, 20, 21, 22, 23]",50,38,auto,0.7676995159328001,0.7374454552178094,0.7750200755435267,0.7166957883954932,0.5221830350880708,0.47688730305095617,0.6239614012403324,0.5727010110736639
38,"[3, 4, 5, 6, 7, 8, 9, 10, 11, 12, 13, 14, 15, 16, 17, 18, 19, 20, 21, 22, 23]",50,39,auto,0.7664015206144584,0.7365135714813993,0.7737413888432284,0.7144747924437492,0.518786445704667,0.47612556629114383,0.6211186084870295,0.5714423192589919
39,"[3, 4, 5, 6, 7, 8, 9, 10, 11, 12, 13, 14, 15, 16, 17, 18, 19, 20, 21, 22, 23]",50,40,auto,0.7645414304574046,0.7356556467716885,0.7701405502392344,0.7132947279527084,0.5160711780854859,0.47408090446217377,0.6180123105719737,0.569591291153874
40,"[3, 4, 5, 6, 7, 8, 9, 10, 11, 12, 13, 14, 15, 16, 17, 18, 19, 20, 21, 22, 23]",50,41,auto,0.7648150818920408,0.7347533466459581,0.7704269112418964,0.7119535643025576,0.5167725387251267,0.47207633404161486,0.6186072730761849,0.5677161178342413
41,"[3, 4, 5, 6, 7, 8, 9, 10, 11, 12, 13, 14, 15, 16, 17, 18, 19, 20, 21, 22, 23]",50,42,auto,0.7634801066500997,0.7357148139930478,0.7699362942212985,0.7149714424595941,0.5122237140051701,0.4717556027743255,0.615180048734996,0.5684403758363324
42,"[3, 4, 5, 6, 7, 8, 9, 10, 11, 12, 13, 14, 15, 16, 17, 18, 19, 20, 21, 22, 23]",50,43,auto,0.7621007554998391,0.7342504252644035,0.7665774918840929,0.7117707764220239,0.5110414203554896,0.470071763621056,0.6132546199997595,0.5662062970832529
43,"[3, 4, 5, 6, 7, 8, 9, 10, 11, 12, 13, 14, 15, 16, 17, 18, 19, 20, 21, 22, 23]",50,44,auto,0.7608952099904962,0.73457584498188,0.7656609021647116,0.7137621403701667,0.5074845199687393,0.4684681072846089,0.6103954012460985,0.5656678123638476
44,"[3, 4, 5, 6, 7, 8, 9, 10, 11, 12, 13, 14, 15, 16, 17, 18, 19, 20, 21, 22, 23]",50,45,auto,0.7604403569302226,0.7349012646993566,0.7629859890976258,0.7130545609030771,0.509067591126786,0.47103395742292425,0.6106840868525275,0.5673104780299372
45,"[3, 4, 5, 6, 7, 8, 9, 10, 11, 12, 13, 14, 15, 16, 17, 18, 19, 20, 21, 22, 23]",50,46,auto,0.7608767200286964,0.7346054285925597,0.763792766960412,0.7119844970629201,0.5097589323287177,0.4713546886902137,0.6114399370256645,0.5672037823234272
46,"[3, 4, 5, 6, 7, 8, 9, 10, 11, 12, 13, 14, 15, 16, 17, 18, 19, 20, 21, 22, 23]",50,47,auto,0.7584434410558508,0.7331558316692552,0.7601581242361604,0.7092452258260079,0.5047892912249764,0.4690293870023654,0.6066966516741629,0.5646508036102128
47,"[3, 4, 5, 6, 7, 8, 9, 10, 11, 12, 13, 14, 15, 16, 17, 18, 19, 20, 21, 22, 23]",50,48,auto,0.7586579246127277,0.7326233266770209,0.7593435139721009,0.7072243346007605,0.5066829649520069,0.46979112376217774,0.6078015420395065,0.5645596454037387
48,"[3, 4, 5, 6, 7, 8, 9, 10, 11, 12, 13, 14, 15, 16, 17, 18, 19, 20, 21, 22, 23]",50,49,auto,0.7577334265227408,0.7338658383255676,0.759014486623665,0.7113665389527458,0.5034366671342404,0.46894920418554303,0.6053552603837233,0.5652636157154592
49,"[3, 4, 5, 6, 7, 8, 9, 10, 11, 12, 13, 14, 15, 16, 17, 18, 19, 20, 21, 22, 23]",50,50,auto,0.756228343632242,0.7324754086236225,0.7568210756078336,0.7099638679649704,0.5002605053804381,0.4647796977107806,0.6023597823595412,0.5617852296956775
50,"[3, 4, 5, 6, 7, 8, 9, 10, 11, 12, 13, 14, 15, 16, 17, 18, 19, 20, 21, 22, 23]",50,51,auto,0.7556514568240902,0.7318245691886694,0.7553523301941072,0.7080559457643681,0.49984970843436266,0.4647796977107806,0.6015966042013361,0.5611869493658631
51,"[3, 4, 5, 6, 7, 8, 9, 10, 11, 12, 13, 14, 15, 16, 17, 18, 19, 20, 21, 22, 23]",50,52,auto,0.7558918263274869,0.7323866577915835,0.7563217693369537,0.7099601593625497,0.49955914474079716,0.4643787836266688,0.6016931255241992,0.5614911047554413
52,"[3, 4, 5, 6, 7, 8, 9, 10, 11, 12, 13, 14, 15, 16, 17, 18, 19, 20, 21, 22, 23]",50,53,auto,0.7560582359836845,0.7336883366614896,0.7567916224009713,0.7119814260402029,0.4996192613670521,0.46718518221545124,0.6018853804557743,0.5641733236504478
53,"[3, 4, 5, 6, 7, 8, 9, 10, 11, 12, 13, 14, 15, 16, 17, 18, 19, 20, 21, 22, 23]",50,54,auto,0.7538172526135561,0.7317654019673101,0.7523155880834522,0.7090060777211615,0.4964230607378314,0.46301567574068875,0.5981504732470542,0.5601959642995732
54,"[3, 4, 5, 6, 7, 8, 9, 10, 11, 12, 13, 14, 15, 16, 17, 18, 19, 20, 21, 22, 23]",50,55,auto,0.7534363594004815,0.7314843576658531,0.7513847367861967,0.7076706630780524,0.4961024387311384,0.4638175039089123,0.5976234588390071,0.5603642440241214
55,"[3, 4, 5, 6, 7, 8, 9, 10, 11, 12, 13, 14, 15, 16, 17, 18, 19, 20, 21, 22, 23]",50,56,auto,0.7530295802408872,0.7309666444789586,0.7514429739731661,0.7065370268452271,0.4943790954451636,0.46321613278274465,0.5963896560685082,0.5595699341340565
56,"[3, 4, 5, 6, 7, 8, 9, 10, 11, 12, 13, 14, 15, 16, 17, 18, 19, 20, 21, 22, 23]",50,57,auto,0.7531738019429252,0.7308187264255602,0.7515292613895737,0.7066356228172294,0.49485000901749393,0.46237421320610994,0.5967593823252217,0.558986041101202
57,"[3, 4, 5, 6, 7, 8, 9, 10, 11, 12, 13, 14, 15, 16, 17, 18, 19, 20, 21, 22, 23]",50,58,auto,0.75212727010506,0.7306708083721618,0.7494862153480796,0.7058248273332925,0.49328697673486566,0.4629755843322776,0.5949787002628478,0.5591710245981019
58,"[3, 4, 5, 6, 7, 8, 9, 10, 11, 12, 13, 14, 15, 16, 17, 18, 19, 20, 21, 22, 23]",50,59,auto,0.7516761150371464,0.7307299755935212,0.7493319080705505,0.7072645629574952,0.4916538083882733,0.46097101391171874,0.5937407360352348,0.5581553398058253
59,"[3, 4, 5, 6, 7, 8, 9, 10, 11, 12, 13, 14, 15, 16, 17, 18, 19, 20, 21, 22, 23]",50,60,auto,0.7504816635048832,0.7310997707270173,0.7465231182139808,0.707561065422855,0.4904915536140112,0.4622138475724652,0.5920112225030536,0.5591580376846036
60,"[3, 4, 5, 6, 7, 8, 9, 10, 11, 12, 13, 14, 15, 16, 17, 18, 19, 20, 21, 22, 23]",50,61,auto,0.7505889052833217,0.7299016344944901,0.7467555243774114,0.7048115231382164,0.4906218063042302,0.4610111053201299,0.5921791763162192,0.5574191671918174
61,"[3, 4, 5, 6, 7, 8, 9, 10, 11, 12, 13, 14, 15, 16, 17, 18, 19, 20, 21, 22, 23]",50,62,auto,0.750418797634764,0.7303010132386658,0.7469093354116046,0.706081081081081,0.4897200569104062,0.4608507396864852,0.591570092892372,0.5576983722679087
62,"[3, 4, 5, 6, 7, 8, 9, 10, 11, 12, 13, 14, 15, 16, 17, 18, 19, 20, 21, 22, 23]",50,63,auto,0.7488471508817863,0.7292212114488573,0.7441208892155061,0.7041023433175472,0.4869747309780975,0.45896644349115984,0.5886919974322017,0.5557011795543905
63,"[3, 4, 5, 6, 7, 8, 9, 10, 11, 12, 13, 14, 15, 16, 17, 18, 19, 20, 21, 22, 23]",50,64,auto,0.748373807859713,0.7287478736779824,0.7435362674436437,0.7033934840179836,0.48580245676612627,0.45788397546405807,0.5876521064624036,0.5546867411364741
64,"[3, 4, 5, 6, 7, 8, 9, 10, 11, 12, 13, 14, 15, 16, 17, 18, 19, 20, 21, 22, 23]",50,65,auto,0.7488249629276266,0.7300791361585681,0.7448020638186788,0.7062157333826157,0.48597278720718196,0.4596079060257387,0.5881718083042298,0.5568292209053818
65,"[3, 4, 5, 6, 7, 8, 9, 10, 11, 12, 13, 14, 15, 16, 17, 18, 19, 20, 21, 22, 23]",50,66,auto,0.7473346720065677,0.7280526588270099,0.740698830185794,0.7013385730074911,0.4853215237560868,0.4579240668724692,0.5864129151760582,0.5540760144558442
66,"[3, 4, 5, 6, 7, 8, 9, 10, 11, 12, 13, 14, 15, 16, 17, 18, 19, 20, 21, 22, 23]",50,67,auto,0.7468243490608948,0.7280082834109903,0.7420720122337385,0.7035082272586153,0.48134380698555196,0.4542356572986409,0.5839253699595854,0.5520366400311829
67,"[3, 4, 5, 6, 7, 8, 9, 10, 11, 12, 13, 14, 15, 16, 17, 18, 19, 20, 21, 22, 23]",50,68,auto,0.7468021611067351,0.7282005768804083,0.7405985596486648,0.7020674378538027,0.48323748071258243,0.4574429699715351,0.5848577266581378,0.5539507221750213
68,"[3, 4, 5, 6, 7, 8, 9, 10, 11, 12, 13, 14, 15, 16, 17, 18, 19, 20, 21, 22, 23]",50,69,auto,0.746669033381777,0.7282153686857481,0.7405068154226792,0.7031607595719676,0.4828066448910887,0.45575913081826563,0.584513491712104,0.5530527852104111
69,"[3, 4, 5, 6, 7, 8, 9, 10, 11, 12, 13, 14, 15, 16, 17, 18, 19, 20, 21, 22, 23]",50,70,auto,0.746103240550705,0.7274461948080764,0.7391364432024077,0.7008072964811733,0.48230567300563093,0.4559194964519104,0.5837193510052628,0.5524410978868107
70,"[3, 4, 5, 6, 7, 8, 9, 10, 11, 12, 13, 14, 15, 16, 17, 18, 19, 20, 21, 22, 23]",50,71,auto,0.7457186493452704,0.726913689815842,0.7383672717221045,0.7001420542276573,0.4817445844939182,0.45447620574910796,0.5830685649147486,0.5511742111148928
71,"[3, 4, 5, 6, 7, 8, 9, 10, 11, 12, 13, 14, 15, 16, 17, 18, 19, 20, 21, 22, 23]",50,72,auto,0.7449605609114811,0.7271355668959396,0.7376801541425819,0.7012890431333664,0.4795002304470673,0.4536743775808844,0.5812085182868698,0.5509384356970716
72,"[3, 4, 5, 6, 7, 8, 9, 10, 11, 12, 13, 14, 15, 16, 17, 18, 19, 20, 21, 22, 23]",50,73,auto,0.7449901448503607,0.727475778418756,0.7369528813507243,0.7001043649088342,0.48062240747049273,0.45720242152106805,0.5818056119880896,0.553162592161428
73,"[3, 4, 5, 6, 7, 8, 9, 10, 11, 12, 13, 14, 15, 16, 17, 18, 19, 20, 21, 22, 23]",50,74,auto,0.7443097142561304,0.7263663930182679,0.7368494229967094,0.6996035187709082,0.4778971204136024,0.45275227518742733,0.5797723308435185,0.5497383473287089
74,"[3, 4, 5, 6, 7, 8, 9, 10, 11, 12, 13, 14, 15, 16, 17, 18, 19, 20, 21, 22, 23]",50,75,auto,0.7434628740057023,0.726824938983803,0.7354115099009901,0.7004271652324645,0.47629401038013747,0.45359419476406204,0.5781472337423836,0.5506131983648044
75,"[3, 4, 5, 6, 7, 8, 9, 10, 11, 12, 13, 14, 15, 16, 17, 18, 19, 20, 21, 22, 23]",50,76,auto,0.7438622571805766,0.7268841062051623,0.7359111413211394,0.7002286915136906,0.477295954151053,0.45419556589022975,0.579039492396893,0.5509946014298917
76,"[3, 4, 5, 6, 7, 8, 9, 10, 11, 12, 13, 14, 15, 16, 17, 18, 19, 20, 21, 22, 23]",50,77,auto,0.7435996997230204,0.7264107684342874,0.7354827740768791,0.6992890262751159,0.47677494339017695,0.4534739205388285,0.5785234491352846,0.5501726737681794
77,"[3, 4, 5, 6, 7, 8, 9, 10, 11, 12, 13, 14, 15, 16, 17, 18, 19, 20, 21, 22, 23]",50,78,auto,0.7430080209454287,0.7267509799571038,0.734376691461887,0.6997653451895763,0.4757930384946797,0.4543158401154633,0.577458366014264,0.5509395434766755
78,"[3, 4, 5, 6, 7, 8, 9, 10, 11, 12, 13, 14, 15, 16, 17, 18, 19, 20, 21, 22, 23]",50,79,auto,0.7424829060303162,0.7262480585755492,0.7335387283058011,0.6998509501925226,0.4747209586598,0.4517900813855591,0.5764095451863477,0.5491046412474114
79,"[3, 4, 5, 6, 7, 8, 9, 10, 11, 12, 13, 14, 15, 16, 17, 18, 19, 20, 21, 22, 23]",50,80,auto,0.7419577911152035,0.725419717476518,0.7320012980390339,0.6970108695652174,0.47462076428270844,0.4524716353285491,0.5758605389043211,0.548729792147806
80,"[3, 4, 5, 6, 7, 8, 9, 10, 11, 12, 13, 14, 15, 16, 17, 18, 19, 20, 21, 22, 23]",50,81,auto,0.7417248175965269,0.7266030619037054,0.7316756355539061,0.6997773379515092,0.474079714646414,0.45359419476406204,0.5753614553060058,0.5504122984116174
81,"[3, 4, 5, 6, 7, 8, 9, 10, 11, 12, 13, 14, 15, 16, 17, 18, 19, 20, 21, 22, 23]",50,82,auto,0.7420095630082428,0.7260113896901117,0.7329445883283447,0.6991315136476427,0.4735286455724105,0.45183017279397025,0.5753468016337263,0.5489126464213525
82,"[3, 4, 5, 6, 7, 8, 9, 10, 11, 12, 13, 14, 15, 16, 17, 18, 19, 20, 21, 22, 23]",50,83,auto,0.7411109508647755,0.7250351305376821,0.7306061168895492,0.6974518334369173,0.47294751818527947,0.4499057851902337,0.5741968445509508,0.546974386469427
83,"[3, 4, 5, 6, 7, 8, 9, 10, 11, 12, 13, 14, 15, 16, 17, 18, 19, 20, 21, 22, 23]",50,84,auto,0.7413956962764915,0.7255084683085571,0.7323420074349443,0.6996124031007752,0.47174518566018075,0.4486629515294872,0.5738435193818291,0.5467158455262708
84,"[3, 4, 5, 6, 7, 8, 9, 10, 11, 12, 13, 14, 15, 16, 17, 18, 19, 20, 21, 22, 23]",50,85,auto,0.7404009363316656,0.7250942977590414,0.7288934933201385,0.6971350613915416,0.47230627417189347,0.45070761335845727,0.5731951993579688,0.5474688938128516
85,"[3, 4, 5, 6, 7, 8, 9, 10, 11, 12, 13, 14, 15, 16, 17, 18, 19, 20, 21, 22, 23]",50,86,auto,0.7402160367136682,0.7247836698469048,0.7304453592814372,0.697944649215968,0.4693305011722742,0.44790121476967487,0.5714738858321032,0.5456410256410257
86,"[3, 4, 5, 6, 7, 8, 9, 10, 11, 12, 13, 14, 15, 16, 17, 18, 19, 20, 21, 22, 23]",50,87,auto,0.7397168077450752,0.7238369943051549,0.7298838899220202,0.6964610084559975,0.46796785764382903,0.44577637012388244,0.5702912751759801,0.5436100518236042
87,"[3, 4, 5, 6, 7, 8, 9, 10, 11, 12, 13, 14, 15, 16, 17, 18, 19, 20, 21, 22, 23]",50,88,auto,0.7408077154912598,0.7251238813697212,0.7311449906658369,0.6975646123260437,0.47089353345490254,0.4501463336407008,0.5728459466377388,0.5471868222909915
88,"[3, 4, 5, 6, 7, 8, 9, 10, 11, 12, 13, 14, 15, 16, 17, 18, 19, 20, 21, 22, 23]",50,89,auto,0.7396798278214757,0.7240144959692331,0.7276639883578716,0.6947387990332775,0.4709336112057391,0.44946477969771076,0.571803964744311,0.5458130477117819
89,"[3, 4, 5, 6, 7, 8, 9, 10, 11, 12, 13, 14, 15, 16, 17, 18, 19, 20, 21, 22, 23]",50,90,auto,0.7396983177832754,0.724768878041565,0.7290038302245196,0.69718660525333,0.46912009298038193,0.449063865613599,0.5708764143581739,0.5462703309029725
90,"[3, 4, 5, 6, 7, 8, 9, 10, 11, 12, 13, 14, 15, 16, 17, 18, 19, 20, 21, 22, 23]",50,91,auto,0.7399719692179116,0.724576584572147,0.7274059222702036,0.6955526690171336,0.4725667795523315,0.4508278875836908,0.5729261567241233,0.5470688396983702
91,"[3, 4, 5, 6, 7, 8, 9, 10, 11, 12, 13, 14, 15, 16, 17, 18, 19, 20, 21, 22, 23]",50,92,auto,0.7387146518155293,0.7240884549959322,0.7256890678228554,0.6945441049115427,0.4695609482395848,0.4501463336407008,0.5701823756280948,0.546255077963463
92,"[3, 4, 5, 6, 7, 8, 9, 10, 11, 12, 13, 14, 15, 16, 17, 18, 19, 20, 21, 22, 23]",50,93,auto,0.7389180413953265,0.7243547074920494,0.7262094712871594,0.696022374145432,0.469701220367513,0.44898368279677664,0.5704464008663961,0.5458533375575756
93,"[3, 4, 5, 6, 7, 8, 9, 10, 11, 12, 13, 14, 15, 16, 17, 18, 19, 20, 21, 22, 23]",50,94,auto,0.7385926180676511,0.7243842911027291,0.7255907647013249,0.6964752771204384,0.4691701901689277,0.448382311670609,0.5698638805897492,0.5455476695690349
94,"[3, 4, 5, 6, 7, 8, 9, 10, 11, 12, 13, 14, 15, 16, 17, 18, 19, 20, 21, 22, 23]",50,95,auto,0.7378936975116209,0.7233044893129207,0.724213300263525,0.6939486286460601,0.4680981103340481,0.4473399350519184,0.568648214416125,0.5440007800692312
95,"[3, 4, 5, 6, 7, 8, 9, 10, 11, 12, 13, 14, 15, 16, 17, 18, 19, 20, 21, 22, 23]",50,96,auto,0.7387479337467688,0.7238813697211745,0.7256853609077258,0.6945443273403595,0.4697112398052221,0.4491440484304214,0.5702920191962629,0.5455165193679546
96,"[3, 4, 5, 6, 7, 8, 9, 10, 11, 12, 13, 14, 15, 16, 17, 18, 19, 20, 21, 22, 23]",50,97,auto,0.7372687368027898,0.722890318763405,0.7241787880205166,0.693535315753382,0.4654129010279943,0.4460169185743495,0.5666518246527883,0.5428947882100331
97,"[3, 4, 5, 6, 7, 8, 9, 10, 11, 12, 13, 14, 15, 16, 17, 18, 19, 20, 21, 22, 23]",50,98,auto,0.7377050999012637,0.724399082908069,0.7250494879748118,0.6969356549959433,0.4660741839167986,0.44770075772761897,0.5674085006983283,0.5451838109651908
98,"[3, 4, 5, 6, 7, 8, 9, 10, 11, 12, 13, 14, 15, 16, 17, 18, 19, 20, 21, 22, 23]",50,99,auto,0.7372909247569495,0.72336365653428,0.7257105192950518,0.696369013907243,0.4633288579844899,0.44365152547809006,0.5655702116470063,0.5419993142969095
99,"[3, 4, 5, 6, 7, 8, 9, 10, 11, 12, 13, 14, 15, 16, 17, 18, 19, 20, 21, 22, 23]",50,100,auto,0.7370986291542322,0.7224613564085497,0.7234996497236709,0.6924274504919666,0.4656433480953049,0.44577637012388244,0.5666144439499881,0.5423770151947513
100,"[3, 4, 5, 6, 7, 8, 9, 10, 11, 12, 13, 14, 15, 16, 17, 18, 19, 20, 21, 22, 23]",50,101,auto,0.7361260571635659,0.7225501072405888,0.7219465767958559,0.6930470602920984,0.46360940224034625,0.4451749989977148,0.5646316611551085,0.5421213230806786
101,"[3, 4, 5, 6, 7, 8, 9, 10, 11, 12, 13, 14, 15, 16, 17, 18, 19, 20, 21, 22, 23]",50,102,auto,0.7359559495150083,0.7222246875231122,0.7214564166536722,0.6929385251032929,0.46356932448950966,0.4437717997033236,0.56445198126098,0.5410465087860792
102,"[3, 4, 5, 6, 7, 8, 9, 10, 11, 12, 13, 14, 15, 16, 17, 18, 19, 20, 21, 22, 23]",50,103,auto,0.7366770580251981,0.7227867761260262,0.7229315747626397,0.6938852069526072,0.46461134601126186,0.44493445054724773,0.5656759114114756,0.5421989886899382
103,"[3, 4, 5, 6, 7, 8, 9, 10, 11, 12, 13, 14, 15, 16, 17, 18, 19, 20, 21, 22, 23]",50,104,auto,0.7361334531482858,0.7227424007100066,0.7225594493116395,0.6940462029675076,0.462757750035068,0.4444533536463136,0.5641865067246497,0.5418907029035096
104,"[3, 4, 5, 6, 7, 8, 9, 10, 11, 12, 13, 14, 15, 16, 17, 18, 19, 20, 21, 22, 23]",50,105,auto,0.7359559495150083,0.7218992678056356,0.7214564166536722,0.6919854963740936,0.46356932448950966,0.4437717997033236,0.56445198126098,0.540755758567625
105,"[3, 4, 5, 6, 7, 8, 9, 10, 11, 12, 13, 14, 15, 16, 17, 18, 19, 20, 21, 22, 23]",50,106,auto,0.7360631912934468,0.7228163597367059,0.7220530121987411,0.6941176470588235,0.4631785664188526,0.44469390209678067,0.5643445299672218,0.5420912445324145
106,"[3, 4, 5, 6, 7, 8, 9, 10, 11, 12, 13, 14, 15, 16, 17, 18, 19, 20, 21, 22, 23]",50,107,auto,0.7344434706397897,0.721677390725538,0.7196961373660007,0.6920810082136811,0.4594312967156283,0.4425289660425771,0.560840024706609,0.5398610975251884
107,"[3, 4, 5, 6, 7, 8, 9, 10, 11, 12, 13, 14, 15, 16, 17, 18, 19, 20, 21, 22, 23]",50,108,auto,0.7347873839292648,0.7214259300347607,0.7191567054711151,0.690770575746222,0.4617457868264433,0.4434911598444453,0.5623962706238407,0.5401762824425617
108,"[3, 4, 5, 6, 7, 8, 9, 10, 11, 12, 13, 14, 15, 16, 17, 18, 19, 20, 21, 22, 23]",50,109,auto,0.7346024843112674,0.7211892611493232,0.7184053094036269,0.6901285411206789,0.4620263310822997,0.443410977027623,0.5623742332036539,0.539920427640411
109,"[3, 4, 5, 6, 7, 8, 9, 10, 11, 12, 13, 14, 15, 16, 17, 18, 19, 20, 21, 22, 23]",50,110,auto,0.7344804505633892,0.7207602987944679,0.7205847603144347,0.6908072736424841,0.4583091196922029,0.4401635729463176,0.5602719171999878,0.5377118229013614
110,"[3, 4, 5, 6, 7, 8, 9, 10, 11, 12, 13, 14, 15, 16, 17, 18, 19, 20, 21, 22, 23]",50,111,auto,0.7346949341202661,0.7225057318245692,0.720312769866068,0.6943972835314092,0.4596517243452298,0.442729423084633,0.5611914737453745,0.5407139009939773
111,"[3, 4, 5, 6, 7, 8, 9, 10, 11, 12, 13, 14, 15, 16, 17, 18, 19, 20, 21, 22, 23]",50,112,auto,0.7344323766627098,0.7218844760002958,0.7188858653154421,0.691894256608962,0.46056349317676293,0.44385198252014596,0.561435864865525,0.54078741695975
112,"[3, 4, 5, 6, 7, 8, 9, 10, 11, 12, 13, 14, 15, 16, 17, 18, 19, 20, 21, 22, 23]",50,113,auto,0.7345913903341875,0.7211892611493232,0.7197203630264746,0.6916111180983524,0.460052501853596,0.44092530970613,0.561310000427865,0.5385236871098054
113,"[3, 4, 5, 6, 7, 8, 9, 10, 11, 12, 13, 14, 15, 16, 17, 18, 19, 20, 21, 22, 23]",50,114,auto,0.7340958593579545,0.7213519710080616,0.7177078293980867,0.690745485221521,0.4607939402440735,0.44317042857715594,0.5612472160356348,0.5399306403555904
114,"[3, 4, 5, 6, 7, 8, 9, 10, 11, 12, 13, 14, 15, 16, 17, 18, 19, 20, 21, 22, 23]",50,115,auto,0.7334635026644035,0.7203165446342726,0.7174083482296861,0.6887707225523929,0.4584093140692944,0.4414064066070641,0.5593837877491137,0.5380179827990617
115,"[3, 4, 5, 6, 7, 8, 9, 10, 11, 12, 13, 14, 15, 16, 17, 18, 19, 20, 21, 22, 23]",50,116,auto,0.7328052600243328,0.7213371792027217,0.7147332980016835,0.6899663886468318,0.45942127727791915,0.4444132622379024,0.5593193461819955,0.5406130361627935
116,"[3, 4, 5, 6, 7, 8, 9, 10, 11, 12, 13, 14, 15, 16, 17, 18, 19, 20, 21, 22, 23]",50,117,auto,0.7335300665268826,0.7213519710080616,0.7166052582276901,0.6915354207190814,0.45989219085024946,0.44184741209958706,0.5602411844401859,0.5391878669275929
117,"[3, 4, 5, 6, 7, 8, 9, 10, 11, 12, 13, 14, 15, 16, 17, 18, 19, 20, 21, 22, 23]",50,118,auto,0.7328607299097321,0.7204200872716515,0.7165004319484803,0.6898567119155354,0.45704667054084924,0.44008339012949527,0.5580928727419542,0.5373638477542528
118,"[3, 4, 5, 6, 7, 8, 9, 10, 11, 12, 13, 14, 15, 16, 17, 18, 19, 20, 21, 22, 23]",50,119,auto,0.7327793740778131,0.7205384217143702,0.7157718278525436,0.6891097774443611,0.4577580506181993,0.4419275949164094,0.5584013200110001,0.5385085126651847
119,"[3, 4, 5, 6, 7, 8, 9, 10, 11, 12, 13, 14, 15, 16, 17, 18, 19, 20, 21, 22, 23]",50,120,auto,0.7325094206355369,0.7200207085274758,0.7149003410619856,0.6881922282710718,0.4578382061198725,0.44092530970613,0.5581954997434707,0.5374841168996188
120,"[3, 4, 5, 6, 7, 8, 9, 10, 11, 12, 13, 14, 15, 16, 17, 18, 19, 20, 21, 22, 23]",50,121,auto,0.7323541049564192,0.7206715479624288,0.7153061224489796,0.6898064031075747,0.4565356792176823,0.4414064066070641,0.5573495773855394,0.5383336592998239
121,"[3, 4, 5, 6, 7, 8, 9, 10, 11, 12, 13, 14, 15, 16, 17, 18, 19, 20, 21, 22, 23]",50,122,auto,0.7325353065820566,0.7199615413061164,0.714837458758776,0.6877616042981196,0.4580486143117648,0.44136631519865294,0.5583326717920847,0.5376800976800977
122,"[3, 4, 5, 6, 7, 8, 9, 10, 11, 12, 13, 14, 15, 16, 17, 18, 19, 20, 21, 22, 23]",50,123,auto,0.7315664325837503,0.7192811182604837,0.7144185167094711,0.6876848530614813,0.45430134460854055,0.4381189111173476,0.5554133261470053,0.5352402409756575
123,"[3, 4, 5, 6, 7, 8, 9, 10, 11, 12, 13, 14, 15, 16, 17, 18, 19, 20, 21, 22, 23]",50,124,auto,0.7322616551474205,0.7189113231269877,0.7156956884474318,0.6870748299319728,0.4555437548844759,0.437317082949124,0.5567276667911567,0.5344569930669542
124,"[3, 4, 5, 6, 7, 8, 9, 10, 11, 12, 13, 14, 15, 16, 17, 18, 19, 20, 21, 22, 23]",50,125,auto,0.7312816871720343,0.7198284150580578,0.7138085334341715,0.6886709417829749,0.45392060597559264,0.4391612877360382,0.5549444492080796,0.5363166784988618
125,"[3, 4, 5, 6, 7, 8, 9, 10, 11, 12, 13, 14, 15, 16, 17, 18, 19, 20, 21, 22, 23]",50,126,auto,0.7311152775158366,0.7197100806153391,0.712853708737254,0.6884431589537223,0.4545919083021061,0.4389608306939823,0.5551565281762953,0.5360981222611207
126,"[3, 4, 5, 6, 7, 8, 9, 10, 11, 12, 13, 14, 15, 16, 17, 18, 19, 20, 21, 22, 23]",50,127,auto,0.7319288358350252,0.7202721692182531,0.7142857142857143,0.689709397408479,0.4561349017093161,0.4396022932285611,0.5567411230211384,0.5369604074337062
127,"[3, 4, 5, 6, 7, 8, 9, 10, 11, 12, 13, 14, 15, 16, 17, 18, 19, 20, 21, 22, 23]",50,128,auto,0.7313889289504728,0.7201982101915538,0.7123142084616226,0.6888512878360594,0.45664589303248304,0.4406847612556629,0.5565208896812363,0.5375061124694377
128,"[3, 4, 5, 6, 7, 8, 9, 10, 11, 12, 13, 14, 15, 16, 17, 18, 19, 20, 21, 22, 23]",50,129,auto,0.7317365402323078,0.7204792544930109,0.7150587678472825,0.6908218659260195,0.45412099472977574,0.4387603736519264,0.5554718091071199,0.5366678926075763
129,"[3, 4, 5, 6, 7, 8, 9, 10, 11, 12, 13, 14, 15, 16, 17, 18, 19, 20, 21, 22, 23]",50,130,auto,0.7310524116457175,0.719724872420679,0.7135758455325593,0.6891286516499464,0.4532292647736609,0.43787836266688046,0.5543572837902425,0.5354971563051578
130,"[3, 4, 5, 6, 7, 8, 9, 10, 11, 12, 13, 14, 15, 16, 17, 18, 19, 20, 21, 22, 23]",50,131,auto,0.7309303778978392,0.7191775756231048,0.7127550779590617,0.6877836611195158,0.45390056710017435,0.43743735717435756,0.5546108407553638,0.5347611929325851
131,"[3, 4, 5, 6, 7, 8, 9, 10, 11, 12, 13, 14, 15, 16, 17, 18, 19, 20, 21, 22, 23]",50,132,auto,0.7315405466372307,0.7195177871459212,0.7131042260580809,0.6880462805759919,0.4561449211470252,0.438680190835104,0.5563893234258896,0.5357684963031875
132,"[3, 4, 5, 6, 7, 8, 9, 10, 11, 12, 13, 14, 15, 16, 17, 18, 19, 20, 21, 22, 23]",50,133,auto,0.7306974043791625,0.7195917461726203,0.7116965854883254,0.6880733944954128,0.4544315972987596,0.43900092210239344,0.5546858757200337,0.5360158601953153
133,"[3, 4, 5, 6, 7, 8, 9, 10, 11, 12, 13, 14, 15, 16, 17, 18, 19, 20, 21, 22, 23]",50,134,auto,0.7300021818154924,0.7194290363138821,0.7102479598242311,0.6874803890806401,0.4534496924032623,0.43920137914444934,0.5535144258405391,0.535985126473898
134,"[3, 4, 5, 6, 7, 8, 9, 10, 11, 12, 13, 14, 15, 16, 17, 18, 19, 20, 21, 22, 23]",50,135,auto,0.7300169737849321,0.7194142445085423,0.7121370444254457,0.6889549595141701,0.45067430815782616,0.436635529006134,0.5520102105934906,0.5345144904419523
135,"[3, 4, 5, 6, 7, 8, 9, 10, 11, 12, 13, 14, 15, 16, 17, 18, 19, 20, 21, 22, 23]",50,136,auto,0.729325449213622,0.7190296575697064,0.7102340059093998,0.6874921195309545,0.4503737250265515,0.4371968087238905,0.5512124835218738,0.5344933218968264
136,"[3, 4, 5, 6, 7, 8, 9, 10, 11, 12, 13, 14, 15, 16, 17, 18, 19, 20, 21, 22, 23]",50,137,auto,0.7300502557161717,0.7193994527032024,0.7117021780676954,0.688387056077714,0.4514758631745586,0.43751753999117987,0.552480091221746,0.5350034317089911
137,"[3, 4, 5, 6, 7, 8, 9, 10, 11, 12, 13, 14, 15, 16, 17, 18, 19, 20, 21, 22, 23]",50,138,auto,0.7296582685260172,0.7186006952148509,0.7098442338221657,0.6860501665933237,0.45248782638318336,0.43751753999117987,0.5526748946012593,0.534296205630355
138,"[3, 4, 5, 6, 7, 8, 9, 10, 11, 12, 13, 14, 15, 16, 17, 18, 19, 20, 21, 22, 23]",50,139,auto,0.7295029528468994,0.7186746542415502,0.7092838862633654,0.6853103103103103,0.4526280985111116,0.4391612877360382,0.552609528003572,0.5352945488308453
139,"[3, 4, 5, 6, 7, 8, 9, 10, 11, 12, 13, 14, 15, 16, 17, 18, 19, 20, 21, 22, 23]",50,140,auto,0.7299023360217738,0.7191036165964055,0.7102109413039722,0.6865091797731687,0.45304891489489607,0.4392414705528605,0.5532045047194338,0.5357195247176176
140,"[3, 4, 5, 6, 7, 8, 9, 10, 11, 12, 13, 14, 15, 16, 17, 18, 19, 20, 21, 22, 23]",50,141,auto,0.7285673607798326,0.7184231935507729,0.7077642097312268,0.6854398191749859,0.4506442498446987,0.4376779056248246,0.5506690990119618,0.5342304869097136
141,"[3, 4, 5, 6, 7, 8, 9, 10, 11, 12, 13, 14, 15, 16, 17, 18, 19, 20, 21, 22, 23]",50,142,auto,0.7288410122144687,0.7178611049478589,0.7088459839737523,0.6850602257677997,0.4502534917740416,0.435512969570621,0.5507040354897612,0.5324999999999999
142,"[3, 4, 5, 6, 7, 8, 9, 10, 11, 12, 13, 14, 15, 16, 17, 18, 19, 20, 21, 22, 23]",50,143,auto,0.7290074218706664,0.7183048591080541,0.7091712010093841,0.686547340459174,0.4505240165921888,0.4351922383033316,0.5510045278810864,0.5327084457967316
143,"[3, 4, 5, 6, 7, 8, 9, 10, 11, 12, 13, 14, 15, 16, 17, 18, 19, 20, 21, 22, 23]",50,144,auto,0.7288410122144687,0.7180533984172768,0.7085170719415397,0.6850616662471684,0.45075446365949945,0.43647516337248926,0.5509791674321197,0.5332190522835802
144,"[3, 4, 5, 6, 7, 8, 9, 10, 11, 12, 13, 14, 15, 16, 17, 18, 19, 20, 21, 22, 23]",50,145,auto,0.7290591937637056,0.7182013164706752,0.709031048660229,0.6854930109557991,0.45097489128910084,0.43647516337248926,0.5512992461126728,0.5333496631965707
145,"[3, 4, 5, 6, 7, 8, 9, 10, 11, 12, 13, 14, 15, 16, 17, 18, 19, 20, 21, 22, 23]",50,146,auto,0.7279091181397619,0.7182604836920347,0.7077103395843892,0.6872221516575638,0.4476885157204978,0.43382913041735155,0.5484405493979453,0.5318882253188822
146,"[3, 4, 5, 6, 7, 8, 9, 10, 11, 12, 13, 14, 15, 16, 17, 18, 19, 20, 21, 22, 23]",50,147,auto,0.7281716755973182,0.7176392278677612,0.7081242778683465,0.6853470111448835,0.4482696431076288,0.4339093132341739,0.5490008405578359,0.5313857861789616
147,"[3, 4, 5, 6, 7, 8, 9, 10, 11, 12, 13, 14, 15, 16, 17, 18, 19, 20, 21, 22, 23]",50,148,auto,0.7287115824818706,0.71868944604689,0.7085074509185524,0.687345854676532,0.4501733362723684,0.4357535180210881,0.5505419033090104,0.5333693198547452
148,"[3, 4, 5, 6, 7, 8, 9, 10, 11, 12, 13, 14, 15, 16, 17, 18, 19, 20, 21, 22, 23]",50,149,auto,0.7289963278935866,0.7183788181347533,0.7086769056461257,0.6857772183763373,0.45122537723182976,0.43687607745660106,0.551379213242406,0.5337349692650554
149,"[3, 4, 5, 6, 7, 8, 9, 10, 11, 12, 13, 14, 15, 16, 17, 18, 19, 20, 21, 22, 23]",50,150,auto,0.7285710587721925,0.7182604836920347,0.7077426561983731,0.6851991456213092,0.4506943470332445,0.4372769915407128,0.5506999749025178,0.533858691661976
150,"[3, 4, 5, 6, 7, 8, 9, 10, 11, 12, 13, 14, 15, 16, 17, 18, 19, 20, 21, 22, 23]",50,151,auto,0.7284305350625145,0.7186302788255307,0.7078688886436376,0.68719570028454,0.4498527142656754,0.4357134266126769,0.5501093528882027,0.5332940772363708
151,"[3, 4, 5, 6, 7, 8, 9, 10, 11, 12, 13, 14, 15, 16, 17, 18, 19, 20, 21, 22, 23]",50,152,auto,0.7276687486363653,0.7182604836920347,0.7064076873313663,0.6853621730382293,0.44857022623890347,0.4369963516818346,0.5487091179841037,0.5336989252576688
152,"[3, 4, 5, 6, 7, 8, 9, 10, 11, 12, 13, 14, 15, 16, 17, 18, 19, 20, 21, 22, 23]",50,153,auto,0.7284453270319543,0.7179794393905776,0.709612297127597,0.6867967707075202,0.4472777187744224,0.43314757647436153,0.5487017177273147,0.5312484633918474
153,"[3, 4, 5, 6, 7, 8, 9, 10, 11, 12, 13, 14, 15, 16, 17, 18, 19, 20, 21, 22, 23]",50,154,auto,0.7277057285599648,0.7174617262036832,0.7074291873385218,0.6852956102512052,0.44717752439733083,0.43310748506595037,0.5479726203996439,0.5307686638661655
154,"[3, 4, 5, 6, 7, 8, 9, 10, 11, 12, 13, 14, 15, 16, 17, 18, 19, 20, 21, 22, 23]",50,155,auto,0.7280200579105603,0.718127357443976,0.7091004650570173,0.6880470197406248,0.446095425124742,0.4317844685883815,0.5476585851876452,0.5305941472066213
155,"[3, 4, 5, 6, 7, 8, 9, 10, 11, 12, 13, 14, 15, 16, 17, 18, 19, 20, 21, 22, 23]",50,156,auto,0.7272471775073313,0.7171806819022262,0.7051522358908123,0.6831247248254607,0.4485501873634852,0.43543278675379865,0.5483149920694702,0.5318544635424318
156,"[3, 4, 5, 6, 7, 8, 9, 10, 11, 12, 13, 14, 15, 16, 17, 18, 19, 20, 21, 22, 23]",50,157,auto,0.7274172851558889,0.7180829820279565,0.7066145148775119,0.6864149030541122,0.4470873494579484,0.43431022731828567,0.5476603970421282,0.5320073664825046
157,"[3, 4, 5, 6, 7, 8, 9, 10, 11, 12, 13, 14, 15, 16, 17, 18, 19, 20, 21, 22, 23]",50,158,auto,0.7280792257883195,0.7176096442570816,0.7077521586488281,0.6849557522123894,0.44840991523555696,0.4344305015435192,0.5489941118743866,0.5316586119765473
158,"[3, 4, 5, 6, 7, 8, 9, 10, 11, 12, 13, 14, 15, 16, 17, 18, 19, 20, 21, 22, 23]",50,159,auto,0.7274690570489282,0.7175208934250425,0.7063006684682122,0.6847427632410568,0.44780874897300765,0.4343503187266969,0.5481068154643284,0.531534404513676
159,"[3, 4, 5, 6, 7, 8, 9, 10, 11, 12, 13, 14, 15, 16, 17, 18, 19, 20, 21, 22, 23]",50,160,auto,0.7275319229190472,0.7173433917609644,0.7063469497362019,0.6838522627001135,0.44802917660260905,0.4349917812612757,0.5482858404041395,0.5317454483079713
160,"[3, 4, 5, 6, 7, 8, 9, 10, 11, 12, 13, 14, 15, 16, 17, 18, 19, 20, 21, 22, 23]",50,161,auto,0.7267886264546978,0.7177131868944605,0.7069794178229837,0.6866042423084273,0.4436206240105805,0.43214529126408213,0.5451601583422088,0.5304364942670144
161,"[3, 4, 5, 6, 7, 8, 9, 10, 11, 12, 13, 14, 15, 16, 17, 18, 19, 20, 21, 22, 23]",50,162,auto,0.7271732176601323,0.7178019377264995,0.7046980921373409,0.6847011400138565,0.4489108871210148,0.43583370083791045,0.5484469198518837,0.5326310632043116
162,"[3, 4, 5, 6, 7, 8, 9, 10, 11, 12, 13, 14, 15, 16, 17, 18, 19, 20, 21, 22, 23]",50,163,auto,0.7263337733944242,0.7164706752459138,0.7047907803670074,0.6833682606210707,0.4448530148488067,0.4314236459126809,0.545435559759708,0.5289260260506268
163,"[3, 4, 5, 6, 7, 8, 9, 10, 11, 12, 13, 14, 15, 16, 17, 18, 19, 20, 21, 22, 23]",50,164,auto,0.7262228336236257,0.7170179720434879,0.7017156632541248,0.6822172059192375,0.44914133418832536,0.43619452351361104,0.5477127217633547,0.5321464380915115
164,"[3, 4, 5, 6, 7, 8, 9, 10, 11, 12, 13, 14, 15, 16, 17, 18, 19, 20, 21, 22, 23]",50,165,auto,0.7270659758816939,0.7177131868944605,0.703800087790807,0.6834721613327488,0.44981263651483877,0.43751753999117987,0.548846534713987,0.533512588609142
165,"[3, 4, 5, 6, 7, 8, 9, 10, 11, 12, 13, 14, 15, 16, 17, 18, 19, 20, 21, 22, 23]",50,166,auto,0.726555652936021,0.7166185932993122,0.705495343737088,0.6835692073364219,0.4448029176602609,0.4318245599967927,0.5456087309195488,0.5292874692874693
166,"[3, 4, 5, 6, 7, 8, 9, 10, 11, 12, 13, 14, 15, 16, 17, 18, 19, 20, 21, 22, 23]",50,167,auto,0.7261451757840668,0.7170179720434879,0.7028500307217243,0.6831127914303717,0.44698715508085685,0.4346309585855751,0.5464511664084175,0.5312522970622106
167,"[3, 4, 5, 6, 7, 8, 9, 10, 11, 12, 13, 14, 15, 16, 17, 18, 19, 20, 21, 22, 23]",50,168,auto,0.7262302296083456,0.7168108867687302,0.7043026094676432,0.6847673677501593,0.4451235396669539,0.4307420919696909,0.5454924977284448,0.5288312455393399
168,"[3, 4, 5, 6, 7, 8, 9, 10, 11, 12, 13, 14, 15, 16, 17, 18, 19, 20, 21, 22, 23]",50,169,auto,0.7259491821889896,0.7160712965017381,0.7039653311321353,0.682917515274949,0.4443320040879306,0.4301808122519344,0.5447967469687105,0.5278563522321978
169,"[3, 4, 5, 6, 7, 8, 9, 10, 11, 12, 13, 14, 15, 16, 17, 18, 19, 20, 21, 22, 23]",50,170,auto,0.7263152834326244,0.7169735966274684,0.7038418382666688,0.68279942098307,0.4462356972526702,0.43495168985286453,0.5461881373288447,0.5313969435736676
170,"[3, 4, 5, 6, 7, 8, 9, 10, 11, 12, 13, 14, 15, 16, 17, 18, 19, 20, 21, 22, 23]",50,171,auto,0.7255793829529948,0.7157458767842615,0.7032748872371514,0.6814551907719609,0.4436707211991263,0.4310628232369803,0.5440928918105302,0.528081333955453
171,"[3, 4, 5, 6, 7, 8, 9, 10, 11, 12, 13, 14, 15, 16, 17, 18, 19, 20, 21, 22, 23]",50,172,auto,0.7257975645022318,0.7164558834405739,0.7028317548658435,0.6830923389142567,0.44538404504739193,0.4318245599967927,0.5452460242988476,0.5291444572719903
172,"[3, 4, 5, 6, 7, 8, 9, 10, 11, 12, 13, 14, 15, 16, 17, 18, 19, 20, 21, 22, 23]",50,173,auto,0.7259713701431493,0.717284224539605,0.7038317579141027,0.6857397731617179,0.4446426066569144,0.4314637373210921,0.5449901140871188,0.529665083544553
173,"[3, 4, 5, 6, 7, 8, 9, 10, 11, 12, 13, 14, 15, 16, 17, 18, 19, 20, 21, 22, 23]",50,174,auto,0.72521328170936,0.7166038014939723,0.702820508741509,0.6831770965290094,0.4426587579905016,0.43242593112296035,0.5431956082057209,0.5296211730622867
174,"[3, 4, 5, 6, 7, 8, 9, 10, 11, 12, 13, 14, 15, 16, 17, 18, 19, 20, 21, 22, 23]",50,175,auto,0.7250209861066427,0.715701501368242,0.7027746346438873,0.6825751292030882,0.44182714466064166,0.4288978871827767,0.5425553511777697,0.5267874729170771
175,"[3, 4, 5, 6, 7, 8, 9, 10, 11, 12, 13, 14, 15, 16, 17, 18, 19, 20, 21, 22, 23]",50,176,auto,0.7252687515947592,0.7164410916352341,0.7016725686100923,0.6828171511812021,0.4447127427208785,0.43222547408090445,0.5443941568237849,0.5293626632622999
176,"[3, 4, 5, 6, 7, 8, 9, 10, 11, 12, 13, 14, 15, 16, 17, 18, 19, 20, 21, 22, 23]",50,177,auto,0.7256903227237933,0.7158346276163006,0.7050699356655891,0.6837650679661451,0.4414263671522754,0.4275347792967967,0.5429349567446331,0.5261106588717037
177,"[3, 4, 5, 6, 7, 8, 9, 10, 11, 12, 13, 14, 15, 16, 17, 18, 19, 20, 21, 22, 23]",50,178,auto,0.7253094295107186,0.7155683751201835,0.7021910299266488,0.6812357269728495,0.44409153758291087,0.43054163492763503,0.54408416039085,0.5276242415309407
178,"[3, 4, 5, 6, 7, 8, 9, 10, 11, 12, 13, 14, 15, 16, 17, 18, 19, 20, 21, 22, 23]",50,179,auto,0.7249174423205642,0.7157754603949412,0.7012047429828866,0.6810824481537683,0.4437909544516362,0.43186465140520386,0.5435624305866615,0.5285703770946294
179,"[3, 4, 5, 6, 7, 8, 9, 10, 11, 12, 13, 14, 15, 16, 17, 18, 19, 20, 21, 22, 23]",50,180,auto,0.7250283820913626,0.7153021226240662,0.7002376193998143,0.6795486067330727,0.4458449391820131,0.43214529126408213,0.5448078700727872,0.5283176081362578
180,"[3, 4, 5, 6, 7, 8, 9, 10, 11, 12, 13, 14, 15, 16, 17, 18, 19, 20, 21, 22, 23]",50,181,auto,0.7242444077110537,0.7149027438798905,0.7009539279856035,0.6805299025539775,0.44100555076849085,0.42837669887343144,0.5413932435008826,0.5257848636945183
181,"[3, 4, 5, 6, 7, 8, 9, 10, 11, 12, 13, 14, 15, 16, 17, 18, 19, 20, 21, 22, 23]",50,182,auto,0.725287241556559,0.7162044227497966,0.7026572004891917,0.6833556277469902,0.44325992425305094,0.43010062943511207,0.5435991325022885,0.5279267752571232
182,"[3, 4, 5, 6, 7, 8, 9, 10, 11, 12, 13, 14, 15, 16, 17, 18, 19, 20, 21, 22, 23]",50,183,auto,0.7245698310387291,0.7150654537386288,0.7019054452682771,0.6806845654663444,0.44105564795703667,0.42893797859118793,0.5417146091889664,0.5262536582966479
183,"[3, 4, 5, 6, 7, 8, 9, 10, 11, 12, 13, 14, 15, 16, 17, 18, 19, 20, 21, 22, 23]",50,184,auto,0.7245513410769293,0.7166925523260114,0.6999557759737183,0.6835065922920892,0.44403142095665593,0.4323056568977268,0.5433668464933791,0.5296299025025173
184,"[3, 4, 5, 6, 7, 8, 9, 10, 11, 12, 13, 14, 15, 16, 17, 18, 19, 20, 21, 22, 23]",50,185,auto,0.7239559643069777,0.715331706234746,0.7014815408024345,0.6825813893873366,0.4388213133478949,0.4270135909874514,0.539900518364655,0.5253656250770711
185,"[3, 4, 5, 6, 7, 8, 9, 10, 11, 12, 13, 14, 15, 16, 17, 18, 19, 20, 21, 22, 23]",50,186,auto,0.7249396302747239,0.7162340063604763,0.7008642892129754,0.681958925750395,0.44443219846502213,0.4326664795734274,0.5439406480885374,0.5294348508634223
186,"[3, 4, 5, 6, 7, 8, 9, 10, 11, 12, 13, 14, 15, 16, 17, 18, 19, 20, 21, 22, 23]",50,187,auto,0.7238080446125799,0.7151689963760077,0.6992085269719416,0.6805740776020829,0.44168687253271344,0.4296596239425891,0.5413839474863833,0.5267633325141312
187,"[3, 4, 5, 6, 7, 8, 9, 10, 11, 12, 13, 14, 15, 16, 17, 18, 19, 20, 21, 22, 23]",50,188,auto,0.7239189843833783,0.7143554470823164,0.7006942781900886,0.6797982377729537,0.43987335430735625,0.42685322535380665,0.5404620185767661,0.5244181751015885
188,"[3, 4, 5, 6, 7, 8, 9, 10, 11, 12, 13, 14, 15, 16, 17, 18, 19, 20, 21, 22, 23]",50,189,auto,0.7248804623969647,0.7159529620590193,0.7026850241700037,0.683129147524247,0.44130613389976553,0.42921861845006615,0.5421356785465914,0.5271943863104764
189,"[3, 4, 5, 6, 7, 8, 9, 10, 11, 12, 13, 14, 15, 16, 17, 18, 19, 20, 21, 22, 23]",50,190,auto,0.7236231449945825,0.7153021226240662,0.6993431829386599,0.6809632736052865,0.4405947538224155,0.4296596239425891,0.5406030058087716,0.5268798702096802
190,"[3, 4, 5, 6, 7, 8, 9, 10, 11, 12, 13, 14, 15, 16, 17, 18, 19, 20, 21, 22, 23]",50,191,auto,0.7235380911703037,0.7152725390133866,0.6982177340213366,0.6803725291434364,0.441977436226279,0.43054163492763503,0.5413046679428655,0.5273651386058389
191,"[3, 4, 5, 6, 7, 8, 9, 10, 11, 12, 13, 14, 15, 16, 17, 18, 19, 20, 21, 22, 23]",50,192,auto,0.7231904798884685,0.71494711929591,0.6993225971370143,0.681028979956594,0.438570827405166,0.4277352363388526,0.5390706782103227,0.525450023393829
192,"[3, 4, 5, 6, 7, 8, 9, 10, 11, 12, 13, 14, 15, 16, 17, 18, 19, 20, 21, 22, 23]",50,193,auto,0.7231904798884685,0.7151098291546484,0.6999871761990254,0.6822759638206427,0.4375288058834138,0.42641221986128375,0.5384795610086934,0.5248198953912958
193,"[3, 4, 5, 6, 7, 8, 9, 10, 11, 12, 13, 14, 15, 16, 17, 18, 19, 20, 21, 22, 23]",50,194,auto,0.7237266887806609,0.7145625323570742,0.7010623127333323,0.6806373176350141,0.4383904775264012,0.4264523112696949,0.5394502425763021,0.5243646939932465
194,"[3, 4, 5, 6, 7, 8, 9, 10, 11, 12, 13, 14, 15, 16, 17, 18, 19, 20, 21, 22, 23]",50,195,auto,0.7239152863910183,0.7154056652614451,0.6996887307838903,0.6811971786236258,0.4414363865899846,0.42977989816782264,0.5413395259685209,0.5270403146509341
195,"[3, 4, 5, 6, 7, 8, 9, 10, 11, 12, 13, 14, 15, 16, 17, 18, 19, 20, 21, 22, 23]",50,196,auto,0.7230536541711505,0.7149323274905702,0.6993359468757501,0.6812863627645291,0.4378995250786526,0.4272140480295073,0.5385672300232285,0.5251330573625075
196,"[3, 4, 5, 6, 7, 8, 9, 10, 11, 12, 13, 14, 15, 16, 17, 18, 19, 20, 21, 22, 23]",50,197,auto,0.7233383995828665,0.7146069077730937,0.6990633064644598,0.6801683995662435,0.4396829849908823,0.4274946878883855,0.5398326977488005,0.525012309207287
197,"[3, 4, 5, 6, 7, 8, 9, 10, 11, 12, 13, 14, 15, 16, 17, 18, 19, 20, 21, 22, 23]",50,198,auto,0.7237414807501008,0.7153612898454257,0.7001259706918821,0.682341650671785,0.43992345149590206,0.4275748707052079,0.5403306690294674,0.5257190742612082
198,"[3, 4, 5, 6, 7, 8, 9, 10, 11, 12, 13, 14, 15, 16, 17, 18, 19, 20, 21, 22, 23]",50,199,auto,0.7231941778808285,0.7146216995784336,0.6992700963089553,0.6802577845839715,0.4386710217822576,0.42741450507156314,0.5391307560169194,0.524978456235381
199,"[3, 4, 5, 6, 7, 8, 9, 10, 11, 12, 13, 14, 15, 16, 17, 18, 19, 20, 21, 22, 23]",50,200,auto,0.7224693713782787,0.7143406552769765,0.6968434443826031,0.6795484981825138,0.43906177985291467,0.4272140480295073,0.5387022023344867,0.5246159905474597
