,cols,n_estimators,min_samples_leaf,max_features,max_leaf_nodes,ac(train),ac(test),pr(train),pr(test),re(train),re(test),f1(train),f1(test)
0,"[3, 4, 5, 6, 7, 8, 9, 10, 11, 12, 13, 14, 15, 16, 17, 18, 19, 20, 21, 22, 23]",50,10,14,100,0.7527152508902917,0.7523112195843503,0.6847742228273201,0.6764302059496567,0.36290826879599786,0.3587378640776699,0.4743998868155879,0.4688342585249802
1,"[3, 4, 5, 6, 7, 8, 9, 10, 11, 12, 13, 14, 15, 16, 17, 18, 19, 20, 21, 22, 23]",50,10,14,200,0.7623670109497553,0.7604615043266031,0.703252732122881,0.6907359307359308,0.3931165520227043,0.38728155339805825,0.5043196544276458,0.496298600311042
2,"[3, 4, 5, 6, 7, 8, 9, 10, 11, 12, 13, 14, 15, 16, 17, 18, 19, 20, 21, 22, 23]",50,10,14,300,0.7691750148844192,0.7659640559130242,0.7197880233174351,0.7045376712328767,0.40834094954062244,0.3994660194174757,0.5210732672963455,0.5098513011152416
3,"[3, 4, 5, 6, 7, 8, 9, 10, 11, 12, 13, 14, 15, 16, 17, 18, 19, 20, 21, 22, 23]",50,10,14,400,0.7738270892732335,0.7685378300421567,0.7296744147192115,0.709015701502617,0.4201621049593535,0.40771844660194173,0.5332610902097848,0.5177217530666337
4,"[3, 4, 5, 6, 7, 8, 9, 10, 11, 12, 13, 14, 15, 16, 17, 18, 19, 20, 21, 22, 23]",50,10,14,500,0.7786418753258856,0.7716589009688632,0.7417754623383632,0.7164779874213837,0.4297705517340901,0.4147572815533981,0.5442265961091864,0.525380476556495
5,"[3, 4, 5, 6, 7, 8, 9, 10, 11, 12, 13, 14, 15, 16, 17, 18, 19, 20, 21, 22, 23]",50,10,14,600,0.7825247673038308,0.7748243473115893,0.7485554443922657,0.7227607921120225,0.44088219731588824,0.42344660194174755,0.5549257187833471,0.5340230799840827
6,"[3, 4, 5, 6, 7, 8, 9, 10, 11, 12, 13, 14, 15, 16, 17, 18, 19, 20, 21, 22, 23]",50,10,14,700,0.7867478745788912,0.7759633163227572,0.7583885813920483,0.7253719008264463,0.4498292366155178,0.4260679611650485,0.5647083688735572,0.5368195718654434
7,"[3, 4, 5, 6, 7, 8, 9, 10, 11, 12, 13, 14, 15, 16, 17, 18, 19, 20, 21, 22, 23]",50,10,14,800,0.7899355439931661,0.7784483396198506,0.7647756274994474,0.729807063440157,0.45764587041223725,0.4333495145631068,0.5726280310268815,0.5437987329434698
8,"[3, 4, 5, 6, 7, 8, 9, 10, 11, 12, 13, 14, 15, 16, 17, 18, 19, 20, 21, 22, 23]",50,10,14,900,0.7930862334838417,0.7785222986465498,0.7708652792990143,0.7281277872374929,0.46549858098032615,0.43592233009708736,0.5804710169377151,0.5453496492879483
9,"[3, 4, 5, 6, 7, 8, 9, 10, 11, 12, 13, 14, 15, 16, 17, 18, 19, 20, 21, 22, 23]",50,10,14,1000,0.7963811446765551,0.7815250351305377,0.7778173331751117,0.7353463587921847,0.47294242147289434,0.4421359223300971,0.5882229767121853,0.5522342812102103
10,"[3, 4, 5, 6, 7, 8, 9, 10, 11, 12, 13, 14, 15, 16, 17, 18, 19, 20, 21, 22, 23]",50,10,14,1100,0.7988587995577201,0.7815989941572369,0.783344497419126,0.7360245934794919,0.4781495021405551,0.4416504854368932,0.5938288752482938,0.5520463578168138
11,"[3, 4, 5, 6, 7, 8, 9, 10, 11, 12, 13, 14, 15, 16, 17, 18, 19, 20, 21, 22, 23]",50,10,14,1200,0.8022831404830317,0.7830337992752016,0.7923625334803844,0.739734885224701,0.48382558083601906,0.44427184466019415,0.6007974195860586,0.5551376925876502
12,"[3, 4, 5, 6, 7, 8, 9, 10, 11, 12, 13, 14, 15, 16, 17, 18, 19, 20, 21, 22, 23]",50,10,14,1300,0.8046276676392387,0.7843206863397678,0.7956016532792638,0.740894901144641,0.4907402953485016,0.44932038834951454,0.6070451029394264,0.5593932251533557
13,"[3, 4, 5, 6, 7, 8, 9, 10, 11, 12, 13, 14, 15, 16, 17, 18, 19, 20, 21, 22, 23]",50,10,14,1400,0.8071164164974836,0.785518822572295,0.8007140223908108,0.7427570837312958,0.49627206695848763,0.45300970873786406,0.6127621663758862,0.5627789168978409
14,"[3, 4, 5, 6, 7, 8, 9, 10, 11, 12, 13, 14, 15, 16, 17, 18, 19, 20, 21, 22, 23]",50,10,14,1500,0.8093019299822126,0.7854448635455957,0.8031245201903885,0.7410043495452748,0.5032228582423397,0.45485436893203884,0.618749075853911,0.56369378853963
15,"[3, 4, 5, 6, 7, 8, 9, 10, 11, 12, 13, 14, 15, 16, 17, 18, 19, 20, 21, 22, 23]",50,10,14,1600,0.8118757326647363,0.785518822572295,0.8079829046783179,0.7416798732171157,0.5092597046514984,0.45436893203883494,0.6247492033518235,0.563515954244431
16,"[3, 4, 5, 6, 7, 8, 9, 10, 11, 12, 13, 14, 15, 16, 17, 18, 19, 20, 21, 22, 23]",50,10,14,1700,0.8140020782717063,0.7869684194955995,0.8127939076630176,0.7451740506329114,0.5133965077685314,0.45723300970873787,0.6292996071668103,0.5667268351383875
17,"[3, 4, 5, 6, 7, 8, 9, 10, 11, 12, 13, 14, 15, 16, 17, 18, 19, 20, 21, 22, 23]",50,10,14,1800,0.8159805041842784,0.7875452999038532,0.8166628736155364,0.746697254964006,0.5178339506469768,0.4582038834951456,0.6337905860881341,0.5679131193405733
18,"[3, 4, 5, 6, 7, 8, 9, 10, 11, 12, 13, 14, 15, 16, 17, 18, 19, 20, 21, 22, 23]",50,10,14,1900,0.8188612402326777,0.7889061459951187,0.8224172091706765,0.7481376930918215,0.5241233344557218,0.46315533980582524,0.640230332498476,0.572122447755824
19,"[3, 4, 5, 6, 7, 8, 9, 10, 11, 12, 13, 14, 15, 16, 17, 18, 19, 20, 21, 22, 23]",50,10,14,2000,0.8203182492224971,0.7896605280674507,0.8233280329248901,0.7494526118235846,0.5292582615806436,0.4652427184466019,0.6443258595574294,0.5740984784952676
20,"[3, 4, 5, 6, 7, 8, 9, 10, 11, 12, 13, 14, 15, 16, 17, 18, 19, 20, 21, 22, 23]",50,10,14,2100,0.8226405884245444,0.7909178315213372,0.8289190856245677,0.7523616207354205,0.5333108855644813,0.4678155339805825,0.6490410297313713,0.576910413361669
21,"[3, 4, 5, 6, 7, 8, 9, 10, 11, 12, 13, 14, 15, 16, 17, 18, 19, 20, 21, 22, 23]",50,10,14,2200,0.8248113099398336,0.7905776199985208,0.8320034144893111,0.7501941898399875,0.5391673481167926,0.46883495145631066,0.654315402352529,0.5770448706458744
22,"[3, 4, 5, 6, 7, 8, 9, 10, 11, 12, 13, 14, 15, 16, 17, 18, 19, 20, 21, 22, 23]",50,10,14,2300,0.8268673936919646,0.7915095037349309,0.835493758770958,0.7522295463357891,0.544121891384867,0.470873786407767,0.6590392682358425,0.5791909240185102
23,"[3, 4, 5, 6, 7, 8, 9, 10, 11, 12, 13, 14, 15, 16, 17, 18, 19, 20, 21, 22, 23]",50,10,14,2400,0.8288088396809372,0.791775756231048,0.8397323650305052,0.7528098597007984,0.5478618500168358,0.47145631067961163,0.6631006702617732,0.5798035879525983
24,"[3, 4, 5, 6, 7, 8, 9, 10, 11, 12, 13, 14, 15, 16, 17, 18, 19, 20, 21, 22, 23]",50,10,14,2500,0.8304840302199936,0.7919828415058058,0.8420473711226809,0.7512491352140825,0.5523594208475636,0.47441747572815535,0.6671120664613954,0.5815704126870779
25,"[3, 4, 5, 6, 7, 8, 9, 10, 11, 12, 13, 14, 15, 16, 17, 18, 19, 20, 21, 22, 23]",50,10,14,2600,0.832225784621529,0.792988684268915,0.845093061060476,0.7547242576166603,0.5564000192409447,0.475,0.6710126536383743,0.5830478176672128
26,"[3, 4, 5, 6, 7, 8, 9, 10, 11, 12, 13, 14, 15, 16, 17, 18, 19, 20, 21, 22, 23]",50,10,14,2700,0.8338787872064256,0.7918792988684269,0.8479740798718556,0.7506910319410319,0.560224157006109,0.4746116504854369,0.6746998421365158,0.5815488936473947
27,"[3, 4, 5, 6, 7, 8, 9, 10, 11, 12, 13, 14, 15, 16, 17, 18, 19, 20, 21, 22, 23]",50,10,14,2800,0.8351841785094872,0.7922934694179424,0.8514106697266087,0.7521144087344303,0.5621362258886912,0.47485436893203886,0.6771742515880892,0.5821579479854788
28,"[3, 4, 5, 6, 7, 8, 9, 10, 11, 12, 13, 14, 15, 16, 17, 18, 19, 20, 21, 22, 23]",50,10,14,2900,0.8363194621639912,0.7935359810664891,0.8513713728182705,0.7533567287152884,0.5666458223098754,0.47936893203883496,0.6804233873879076,0.5859143230093747
29,"[3, 4, 5, 6, 7, 8, 9, 10, 11, 12, 13, 14, 15, 16, 17, 18, 19, 20, 21, 22, 23]",50,10,14,3000,0.8385308615952399,0.7936247318985282,0.8555019444044362,0.7545955882352942,0.571432007311559,0.47825242718446603,0.6851910598413843,0.5854528167340147
30,"[3, 4, 5, 6, 7, 8, 9, 10, 11, 12, 13, 14, 15, 16, 17, 18, 19, 20, 21, 22, 23]",50,10,14,3100,0.8411564361708028,0.7943347385548406,0.8592543608807549,0.7547557449398874,0.5781543123767376,0.48150485436893203,0.6912183339563505,0.5879319542410053
31,"[3, 4, 5, 6, 7, 8, 9, 10, 11, 12, 13, 14, 15, 16, 17, 18, 19, 20, 21, 22, 23]",50,10,14,3200,0.8421031222149495,0.7941868205014422,0.8612450444658738,0.7537959307622228,0.5799701765356678,0.48199029126213594,0.6931600960087385,0.5880018950609973
32,"[3, 4, 5, 6, 7, 8, 9, 10, 11, 12, 13, 14, 15, 16, 17, 18, 19, 20, 21, 22, 23]",50,10,14,3300,0.8429795464042571,0.7954441239553287,0.8623969223645075,0.7569249449798892,0.5822911154937708,0.4841747572815534,0.6951896226211928,0.590579388341179
33,"[3, 4, 5, 6, 7, 8, 9, 10, 11, 12, 13, 14, 15, 16, 17, 18, 19, 20, 21, 22, 23]",50,10,14,3400,0.8452759996597847,0.7953849567339694,0.8654860054492056,0.7551851572516781,0.5882798595411035,0.4860679611650485,0.7004539011154226,0.5914527895094362
34,"[3, 4, 5, 6, 7, 8, 9, 10, 11, 12, 13, 14, 15, 16, 17, 18, 19, 20, 21, 22, 23]",50,10,14,3500,0.8464371692608083,0.7960949633902817,0.867211205984052,0.7582809065413477,0.5911419500697485,0.48563106796116506,0.703046338672769,0.5920752818631078
35,"[3, 4, 5, 6, 7, 8, 9, 10, 11, 12, 13, 14, 15, 16, 17, 18, 19, 20, 21, 22, 23]",50,10,14,3600,0.8478165204110688,0.7952518304859109,0.8707302865010856,0.7558298001211387,0.5931742748568954,0.4846116504854369,0.7056399985694359,0.5905702792238524
36,"[3, 4, 5, 6, 7, 8, 9, 10, 11, 12, 13, 14, 15, 16, 17, 18, 19, 20, 21, 22, 23]",50,10,14,3700,0.8490923277752508,0.7959914207529029,0.871786767804467,0.7560938910622931,0.5970705661647987,0.4878640776699029,0.7087389727924173,0.5930603092175145
37,"[3, 4, 5, 6, 7, 8, 9, 10, 11, 12, 13, 14, 15, 16, 17, 18, 19, 20, 21, 22, 23]",50,10,14,3800,0.8502017254832351,0.7964203831077583,0.8735678497599944,0.7562785816028188,0.5996560681129444,0.48970873786407765,0.7111481909325575,0.594478328766316
38,"[3, 4, 5, 6, 7, 8, 9, 10, 11, 12, 13, 14, 15, 16, 17, 18, 19, 20, 21, 22, 23]",50,10,14,3900,0.8516809224272143,0.7960357961689224,0.8773624601143097,0.7574268652203492,0.6017966232141998,0.48640776699029126,0.7139107237114284,0.5923911436932809
39,"[3, 4, 5, 6, 7, 8, 9, 10, 11, 12, 13, 14, 15, 16, 17, 18, 19, 20, 21, 22, 23]",50,10,14,4000,0.8525536486241619,0.7966866356038754,0.8776040757929999,0.7592858763900446,0.6048751743710616,0.48723300970873784,0.7161529152132128,0.5935716609006771
40,"[3, 4, 5, 6, 7, 8, 9, 10, 11, 12, 13, 14, 15, 16, 17, 18, 19, 20, 21, 22, 23]",50,10,14,4100,0.8542066512090586,0.7974262258708675,0.8795368939959383,0.7585948618081043,0.6093486940208764,0.4916504854368932,0.7199272556778222,0.5966245471414686
41,"[3, 4, 5, 6, 7, 8, 9, 10, 11, 12, 13, 14, 15, 16, 17, 18, 19, 20, 21, 22, 23]",50,10,14,4200,0.8557745999696764,0.7968641372679536,0.8817721212540421,0.7571717474346491,0.6132089085574102,0.49072815533980585,0.723367734156116,0.5955052870313098
42,"[3, 4, 5, 6, 7, 8, 9, 10, 11, 12, 13, 14, 15, 16, 17, 18, 19, 20, 21, 22, 23]",50,10,14,4300,0.8566843060902236,0.7972487242067895,0.8837398233453754,0.7589211929982721,0.6148323632690366,0.4903883495145631,0.7251593869894829,0.5957948748193801
43,"[3, 4, 5, 6, 7, 8, 9, 10, 11, 12, 13, 14, 15, 16, 17, 18, 19, 20, 21, 22, 23]",50,10,14,4400,0.8578010997829278,0.797855188225723,0.8856832260624989,0.7597003745318353,0.6172495069507913,0.4923300970873786,0.7274943483406444,0.5974668630338733
44,"[3, 4, 5, 6, 7, 8, 9, 10, 11, 12, 13, 14, 15, 16, 17, 18, 19, 20, 21, 22, 23]",50,10,14,4500,0.8584149665146792,0.7973670586495082,0.885492379332268,0.7575192178520785,0.6197147529943721,0.49271844660194175,0.7291391056433184,0.597076384599547
45,"[3, 4, 5, 6, 7, 8, 9, 10, 11, 12, 13, 14, 15, 16, 17, 18, 19, 20, 21, 22, 23]",50,10,14,4600,0.8599940092523769,0.7972487242067895,0.8872114891434433,0.7551262121548598,0.6240439655587089,0.49519417475728156,0.7327139488584217,0.5981412530417192
46,"[3, 4, 5, 6, 7, 8, 9, 10, 11, 12, 13, 14, 15, 16, 17, 18, 19, 20, 21, 22, 23]",50,10,14,4700,0.8616544078219934,0.79906811626359,0.8906023191078778,0.760817843866171,0.6271465678964837,0.496747572815534,0.7360086936272607,0.601057268722467
47,"[3, 4, 5, 6, 7, 8, 9, 10, 11, 12, 13, 14, 15, 16, 17, 18, 19, 20, 21, 22, 23]",50,10,14,4800,0.8624420801946623,0.7979883144737815,0.8918255294478736,0.7602518929454981,0.6289624320554139,0.49228155339805824,0.7376764784699793,0.5976015793040454
48,"[3, 4, 5, 6, 7, 8, 9, 10, 11, 12, 13, 14, 15, 16, 17, 18, 19, 20, 21, 22, 23]",50,10,14,4900,0.8637992433907632,0.7988906145995118,0.8930577474588064,0.760526707335218,0.6328707489537736,0.4962621359223301,0.7407819263117148,0.6006110099289114
49,"[3, 4, 5, 6, 7, 8, 9, 10, 11, 12, 13, 14, 15, 16, 17, 18, 19, 20, 21, 22, 23]",50,10,14,5000,0.8646682715953509,0.7985208194660158,0.8936422049374366,0.7590763976538718,0.6355524556255712,0.4963106796116505,0.7428177882723337,0.6001937245002789
50,"[3, 4, 5, 6, 7, 8, 9, 10, 11, 12, 13, 14, 15, 16, 17, 18, 19, 20, 21, 22, 23]",50,10,14,5100,0.8657517833568156,0.7988166555728127,0.8949773229249212,0.7605151492592869,0.6383423926114772,0.49592233009708736,0.7451830950325338,0.6003584755972144
51,"[3, 4, 5, 6, 7, 8, 9, 10, 11, 12, 13, 14, 15, 16, 17, 18, 19, 20, 21, 22, 23]",50,10,14,5200,0.8666023215996036,0.7997633311145625,0.8967289640876995,0.762740867494978,0.6398936937803646,0.49766990291262136,0.7468472577985192,0.6023324814194648
52,"[3, 4, 5, 6, 7, 8, 9, 10, 11, 12, 13, 14, 15, 16, 17, 18, 19, 20, 21, 22, 23]",50,10,14,5300,0.8676007795367895,0.7988610309888322,0.897703794534124,0.7592181252776544,0.6426836307662707,0.49776699029126215,0.7490836714813336,0.6013018237260307
53,"[3, 4, 5, 6, 7, 8, 9, 10, 11, 12, 13, 14, 15, 16, 17, 18, 19, 20, 21, 22, 23]",50,10,14,5400,0.8687989290614125,0.7979883144737815,0.8987104651357273,0.756824739217282,0.6461710519986531,0.49660194174757283,0.7517996432194199,0.5997010288126154
54,"[3, 4, 5, 6, 7, 8, 9, 10, 11, 12, 13, 14, 15, 16, 17, 18, 19, 20, 21, 22, 23]",50,10,14,5500,0.869120654396728,0.7993047851490275,0.9007046979865772,0.7609082813891362,0.645557746885372,0.49776699029126215,0.7520804729748661,0.6018312008451696
55,"[3, 4, 5, 6, 7, 8, 9, 10, 11, 12, 13, 14, 15, 16, 17, 18, 19, 20, 21, 22, 23]",50,10,14,5600,0.8703409918755108,0.7998372901412617,0.9024737229698065,0.7619718309859155,0.6484318630044735,0.49898058252427185,0.7546464759558865,0.6030507480199472
56,"[3, 4, 5, 6, 7, 8, 9, 10, 11, 12, 13, 14, 15, 16, 17, 18, 19, 20, 21, 22, 23]",50,10,14,5700,0.8706959991420657,0.7991864507063087,0.9023612317146483,0.7603795966785291,0.6498268314974265,0.4978640776699029,0.7555508948545862,0.6017366815301572
57,"[3, 4, 5, 6, 7, 8, 9, 10, 11, 12, 13, 14, 15, 16, 17, 18, 19, 20, 21, 22, 23]",50,10,14,5800,0.8725671832761993,0.7998816655572812,0.9043577905470489,0.7609802908393002,0.65485352830824,0.5004368932038835,0.7596428820534283,0.6038012124051895
58,"[3, 4, 5, 6, 7, 8, 9, 10, 11, 12, 13, 14, 15, 16, 17, 18, 19, 20, 21, 22, 23]",50,10,14,5900,0.8723305117651627,0.8017158494194216,0.9044846629848958,0.7648141332351859,0.6538794554812641,0.5043689320388349,0.7590317717348818,0.6078689483691678
59,"[3, 4, 5, 6, 7, 8, 9, 10, 11, 12, 13, 14, 15, 16, 17, 18, 19, 20, 21, 22, 23]",50,10,14,6000,0.8736950709459834,0.8019081428888396,0.9053890828466006,0.7652340300264939,0.6580282841887537,0.504757281553398,0.7621402157486785,0.6082836082836083
60,"[3, 4, 5, 6, 7, 8, 9, 10, 11, 12, 13, 14, 15, 16, 17, 18, 19, 20, 21, 22, 23]",50,10,14,6100,0.8748599385393669,0.8003106279121367,0.9070723412685311,0.7608376193975018,0.6607460676319207,0.5026699029126214,0.7645585472761428,0.6053785442852966
61,"[3, 4, 5, 6, 7, 8, 9, 10, 11, 12, 13, 14, 15, 16, 17, 18, 19, 20, 21, 22, 23]",50,10,14,6200,0.8753332815614403,0.8012720952592264,0.9085065600317261,0.7642156501216903,0.6611789888883545,0.5030097087378641,0.7653576847585506,0.6066922333791973
62,"[3, 4, 5, 6, 7, 8, 9, 10, 11, 12, 13, 14, 15, 16, 17, 18, 19, 20, 21, 22, 23]",50,10,14,6300,0.8759434503008316,0.8011537608165077,0.9090789148181743,0.7622956827677198,0.6628745971427197,0.5048543689320388,0.7666961075449784,0.6074234150045265
63,"[3, 4, 5, 6, 7, 8, 9, 10, 11, 12, 13, 14, 15, 16, 17, 18, 19, 20, 21, 22, 23]",50,10,14,6400,0.8763021555597467,0.8017898084461208,0.9081354484842513,0.7650957290132547,0.6650151522439752,0.5043689320388349,0.7677889621659147,0.6079578700994733
64,"[3, 4, 5, 6, 7, 8, 9, 10, 11, 12, 13, 14, 15, 16, 17, 18, 19, 20, 21, 22, 23]",50,10,14,6500,0.8771563917948946,0.8019377264995192,0.909917748846678,0.7657770569153642,0.6665063254605801,0.5042233009708738,0.7694197838505696,0.6080669710806698
65,"[3, 4, 5, 6, 7, 8, 9, 10, 11, 12, 13, 14, 15, 16, 17, 18, 19, 20, 21, 22, 23]",50,10,14,6600,0.8786503807083135,0.8021152281635974,0.9119760381033438,0.7650858904712964,0.6700538746452451,0.5059223300970874,0.772517729267329,0.6090818771550466
66,"[3, 4, 5, 6, 7, 8, 9, 10, 11, 12, 13, 14, 15, 16, 17, 18, 19, 20, 21, 22, 23]",50,10,14,6700,0.8790497638831878,0.8008875083203905,0.9124952985233274,0.7632180517660939,0.6710279474722208,0.5024271844660194,0.7733512580817284,0.6059541582506367
67,"[3, 4, 5, 6, 7, 8, 9, 10, 11, 12, 13, 14, 15, 16, 17, 18, 19, 20, 21, 22, 23]",50,10,14,6800,0.8790682538449875,0.8005177131868945,0.9122597725192836,0.7612367802585194,0.6713045360527202,0.5031553398058253,0.7734502729514784,0.6058569090483984
68,"[3, 4, 5, 6, 7, 8, 9, 10, 11, 12, 13, 14, 15, 16, 17, 18, 19, 20, 21, 22, 23]",50,10,14,6900,0.8802664033696106,0.8011537608165077,0.9134208298052497,0.7626807604786023,0.6745754966568859,0.5043689320388349,0.7760361905815948,0.6071939923443298
69,"[3, 4, 5, 6, 7, 8, 9, 10, 11, 12, 13, 14, 15, 16, 17, 18, 19, 20, 21, 22, 23]",50,10,14,7000,0.8807286524146041,0.8025737741291324,0.9141350863205168,0.7655414805594201,0.6755976718456876,0.5075242718446602,0.7769702585521356,0.6103861984411945
70,"[3, 4, 5, 6, 7, 8, 9, 10, 11, 12, 13, 14, 15, 16, 17, 18, 19, 20, 21, 22, 23]",50,10,14,7100,0.8809357399867612,0.8008875083203905,0.9144692964619764,0.7626756935756862,0.6760426186925778,0.5031067961165049,0.7773852078738306,0.606276872678347
71,"[3, 4, 5, 6, 7, 8, 9, 10, 11, 12, 13, 14, 15, 16, 17, 18, 19, 20, 21, 22, 23]",50,10,14,7200,0.8813573111157952,0.8021891871902965,0.9145603013035926,0.7647446699391897,0.6774736639569002,0.5066990291262136,0.7783634416773169,0.6095360448480247
72,"[3, 4, 5, 6, 7, 8, 9, 10, 11, 12, 13, 14, 15, 16, 17, 18, 19, 20, 21, 22, 23]",50,10,14,7300,0.8817640902753895,0.8021448117742771,0.9156691084509558,0.7655882352941177,0.6779426619847034,0.5054368932038835,0.7790745078529328,0.6088888888888889
73,"[3, 4, 5, 6, 7, 8, 9, 10, 11, 12, 13, 14, 15, 16, 17, 18, 19, 20, 21, 22, 23]",50,10,14,7400,0.8827070783271762,0.8021596035796169,0.9160573314352272,0.763513020643373,0.6809731107797393,0.5081067961165049,0.7812129238749551,0.6101605992596696
74,"[3, 4, 5, 6, 7, 8, 9, 10, 11, 12, 13, 14, 15, 16, 17, 18, 19, 20, 21, 22, 23]",50,10,14,7500,0.8838867378899995,0.8025146069077731,0.9179006863140896,0.7643883580129842,0.6835465871374284,0.5086893203883495,0.7835760712981024,0.6108601241656708
75,"[3, 4, 5, 6, 7, 8, 9, 10, 11, 12, 13, 14, 15, 16, 17, 18, 19, 20, 21, 22, 23]",50,10,14,7600,0.8836167844477233,0.8016270985873826,0.9173988887453159,0.7640490707412032,0.6830294867477993,0.5049029126213592,0.783053464582127,0.608014497413264
76,"[3, 4, 5, 6, 7, 8, 9, 10, 11, 12, 13, 14, 15, 16, 17, 18, 19, 20, 21, 22, 23]",50,10,14,7700,0.8844377387516318,0.8028844020412691,0.9185697696922779,0.7643168604651163,0.6849175044494684,0.5105339805825243,0.7847203086249654,0.6121653084982538
77,"[3, 4, 5, 6, 7, 8, 9, 10, 11, 12, 13, 14, 15, 16, 17, 18, 19, 20, 21, 22, 23]",50,10,14,7800,0.8851847332083412,0.8020412691368981,0.9193330328977016,0.7655847501287996,0.6869017268747896,0.5049514563106796,0.7863003138593689,0.608535408196098
78,"[3, 4, 5, 6, 7, 8, 9, 10, 11, 12, 13, 14, 15, 16, 17, 18, 19, 20, 21, 22, 23]",50,10,14,7900,0.8850146255597836,0.8035056578655425,0.9196382512251741,0.7660750654640675,0.6860238587714657,0.51126213592233,0.7858362950106068,0.6132525911261208
79,"[3, 4, 5, 6, 7, 8, 9, 10, 11, 12, 13, 14, 15, 16, 17, 18, 19, 20, 21, 22, 23]",50,10,14,8000,0.8859613116039302,0.8019525183048591,0.9198876404494382,0.7634251479506101,0.6891745634710664,0.5072330097087379,0.7879908700912991,0.6095021436696124
80,"[3, 4, 5, 6, 7, 8, 9, 10, 11, 12, 13, 14, 15, 16, 17, 18, 19, 20, 21, 22, 23]",50,10,14,8100,0.8858244858866121,0.802425856075734,0.9196782635220833,0.7640539555231498,0.6888739237096542,0.5086893203883495,0.7877175250785531,0.610753314876876
81,"[3, 4, 5, 6, 7, 8, 9, 10, 11, 12, 13, 14, 15, 16, 17, 18, 19, 20, 21, 22, 23]",50,10,14,8200,0.8863902787176842,0.802899193846609,0.9201173001730658,0.7648343647615581,0.6904973784212804,0.5099514563106796,0.7889392690299533,0.6119120431047037
82,"[3, 4, 5, 6, 7, 8, 9, 10, 11, 12, 13, 14, 15, 16, 17, 18, 19, 20, 21, 22, 23]",50,10,14,8300,0.8865308024273622,0.8022927298276755,0.9207453973955995,0.7646327187591454,0.6904372504689981,0.5073300970873786,0.7891307933366322,0.6099568110190265
83,"[3, 4, 5, 6, 7, 8, 9, 10, 11, 12, 13, 14, 15, 16, 17, 18, 19, 20, 21, 22, 23]",50,10,14,8400,0.8870707093119146,0.802618149545152,0.9200031928480205,0.7637394591451003,0.6930227524171437,0.51,0.7905429504238799,0.611596227733147
84,"[3, 4, 5, 6, 7, 8, 9, 10, 11, 12, 13, 14, 15, 16, 17, 18, 19, 20, 21, 22, 23]",50,10,14,8500,0.8872001390445128,0.8035056578655425,0.9215140016331236,0.7659976730657359,0.6921328587233633,0.5113592233009708,0.7905200771909101,0.6132976245924544
85,"[3, 4, 5, 6, 7, 8, 9, 10, 11, 12, 13, 14, 15, 16, 17, 18, 19, 20, 21, 22, 23]",50,10,14,8600,0.8875958242270271,0.8029435692626286,0.9210156723802227,0.7637338744745615,0.693984799653663,0.5115533980582524,0.7915426502256299,0.6127100412814699
86,"[3, 4, 5, 6, 7, 8, 9, 10, 11, 12, 13, 14, 15, 16, 17, 18, 19, 20, 21, 22, 23]",50,10,14,8700,0.8881135431574199,0.8029139856519488,0.9226725047141168,0.7657026000584283,0.6943455673673578,0.5089320388349514,0.7923888728779833,0.6114545666627784
87,"[3, 4, 5, 6, 7, 8, 9, 10, 11, 12, 13, 14, 15, 16, 17, 18, 19, 20, 21, 22, 23]",50,10,14,8800,0.8874811864638688,0.8030175282893277,0.9209496894509109,0.7643557168784029,0.6936360575304248,0.5111165048543689,0.7912914045833991,0.6125963636363636
88,"[3, 4, 5, 6, 7, 8, 9, 10, 11, 12, 13, 14, 15, 16, 17, 18, 19, 20, 21, 22, 23]",50,10,14,8900,0.8883354226990167,0.8036979513349605,0.9223959164141011,0.768914654729581,0.695379768146616,0.5086407766990291,0.7929596972148706,0.612265170771613
89,"[3, 4, 5, 6, 7, 8, 9, 10, 11, 12, 13, 14, 15, 16, 17, 18, 19, 20, 21, 22, 23]",50,10,14,9000,0.8878583816845834,0.8028400266252496,0.9227494598703689,0.7652681503101058,0.6933714945403819,0.509126213592233,0.7917825337645306,0.6114560559685177
90,"[3, 4, 5, 6, 7, 8, 9, 10, 11, 12, 13, 14, 15, 16, 17, 18, 19, 20, 21, 22, 23]",50,10,14,9100,0.8890787191633662,0.802899193846609,0.9236273806677823,0.7646416878865042,0.6969190437250469,0.5101941747572816,0.7944153912584561,0.6120250400349396
91,"[3, 4, 5, 6, 7, 8, 9, 10, 11, 12, 13, 14, 15, 16, 17, 18, 19, 20, 21, 22, 23]",50,10,14,9200,0.8893523705980023,0.8026033577398122,0.9235555272663623,0.7649937906348163,0.6979532445043052,0.5083495145631068,0.7950602401386312,0.6108081308874568
92,"[3, 4, 5, 6, 7, 8, 9, 10, 11, 12, 13, 14, 15, 16, 17, 18, 19, 20, 21, 22, 23]",50,10,14,9300,0.8881542210733793,0.8033577398121441,0.921998372972197,0.7660984848484849,0.6950911539756602,0.5105339805825243,0.7926251482718191,0.61273595898392
93,"[3, 4, 5, 6, 7, 8, 9, 10, 11, 12, 13, 14, 15, 16, 17, 18, 19, 20, 21, 22, 23]",50,10,14,9400,0.8887976717440101,0.8038014939723394,0.9224561906126152,0.7661828737300436,0.6969671460868728,0.5125242718446602,0.7940130835359797,0.6141942990110529
94,"[3, 4, 5, 6, 7, 8, 9, 10, 11, 12, 13, 14, 15, 16, 17, 18, 19, 20, 21, 22, 23]",50,10,14,9500,0.8896519079791582,0.8043192071592338,0.9240717762718336,0.7687987747064401,0.6985545240271297,0.5116990291262136,0.7956416332233013,0.6144385182594503
95,"[3, 4, 5, 6, 7, 8, 9, 10, 11, 12, 13, 14, 15, 16, 17, 18, 19, 20, 21, 22, 23]",50,10,14,9600,0.8892081488959643,0.8036239923082612,0.9229558248258753,0.7666763763472182,0.6979772956852182,0.5110679611650485,0.7948535352843702,0.613305371082372
96,"[3, 4, 5, 6, 7, 8, 9, 10, 11, 12, 13, 14, 15, 16, 17, 18, 19, 20, 21, 22, 23]",50,10,14,9700,0.8891046051098859,0.8035944086975816,0.9220486441861941,0.7661771121128399,0.6984222425321083,0.5115533980582524,0.7948051237135975,0.6134947895441579
97,"[3, 4, 5, 6, 7, 8, 9, 10, 11, 12, 13, 14, 15, 16, 17, 18, 19, 20, 21, 22, 23]",50,10,14,9800,0.8894004444986817,0.8031802381480659,0.9230598105892074,0.7668666764232401,0.6985665496175862,0.5087378640776699,0.7952740813756092,0.6116850522383703
98,"[3, 4, 5, 6, 7, 8, 9, 10, 11, 12, 13, 14, 15, 16, 17, 18, 19, 20, 21, 22, 23]",50,10,14,9900,0.8895446662007196,0.8023814806597145,0.9236052593923398,0.7633110270584812,0.6985906007984992,0.5094174757281553,0.795492047407448,0.6110399441015487
99,"[3, 4, 5, 6, 7, 8, 9, 10, 11, 12, 13, 14, 15, 16, 17, 18, 19, 20, 21, 22, 23]",50,10,14,10000,0.8890454372321267,0.8020116855262185,0.9232655921513665,0.7643825577134481,0.6971234787628072,0.5063106796116504,0.7944142958943157,0.6091400204409403
100,"[3, 4, 5, 6, 7, 8, 9, 10, 11, 12, 13, 14, 15, 16, 17, 18, 19, 20, 21, 22, 23]",50,10,14,10100,0.8890121553008872,0.8038014939723394,0.9232276253125846,0.7681678607983623,0.6970392996296119,0.5100485436893204,0.794345582743475,0.6130462687438007
101,"[3, 4, 5, 6, 7, 8, 9, 10, 11, 12, 13, 14, 15, 16, 17, 18, 19, 20, 21, 22, 23]",50,10,14,10200,0.8896888879027576,0.8031950299534059,0.9236929922135706,0.7657171996794638,0.6990235220549329,0.510242718446602,0.7958052106293554,0.6124042299064877
102,"[3, 4, 5, 6, 7, 8, 9, 10, 11, 12, 13, 14, 15, 16, 17, 18, 19, 20, 21, 22, 23]",50,10,14,10300,0.8892969007126031,0.8034464906441832,0.92333513633905,0.7667055733878028,0.6979532445043052,0.5101941747572816,0.7949785636993714,0.6126850880261163
103,"[3, 4, 5, 6, 7, 8, 9, 10, 11, 12, 13, 14, 15, 16, 17, 18, 19, 20, 21, 22, 23]",50,10,14,10400,0.8896814919180377,0.8035648250869019,0.9239196107736827,0.7658724393433096,0.6987950358362596,0.5117961165048543,0.7957411845258473,0.613571553279404
104,"[3, 4, 5, 6, 7, 8, 9, 10, 11, 12, 13, 14, 15, 16, 17, 18, 19, 20, 21, 22, 23]",50,10,14,10500,0.8895779481319591,0.8043192071592338,0.9235757884028484,0.7677442789683981,0.6987349078839771,0.5130097087378641,0.7955746638551907,0.6150443765459043
105,"[3, 4, 5, 6, 7, 8, 9, 10, 11, 12, 13, 14, 15, 16, 17, 18, 19, 20, 21, 22, 23]",50,10,14,10600,0.8895002902924003,0.8032394053694253,0.9235098653353896,0.7651504141839849,0.6985184472557603,0.5111650485436893,0.7954098854525412,0.6128863279203771
106,"[3, 4, 5, 6, 7, 8, 9, 10, 11, 12, 13, 14, 15, 16, 17, 18, 19, 20, 21, 22, 23]",50,10,14,10700,0.8896001360861189,0.8018785592781599,0.9235696122059759,0.7626476162705934,0.6988190870171725,0.5078640776699029,0.7956269339248063,0.6097091905122677
107,"[3, 4, 5, 6, 7, 8, 9, 10, 11, 12, 13, 14, 15, 16, 17, 18, 19, 20, 21, 22, 23]",50,10,14,10800,0.8898663915360351,0.8031062791213668,0.9236031746031746,0.7655760402244407,0.6997330318918659,0.51,0.7962314239579628,0.612184249628529
108,"[3, 4, 5, 6, 7, 8, 9, 10, 11, 12, 13, 14, 15, 16, 17, 18, 19, 20, 21, 22, 23]",50,10,14,10900,0.8898589955513152,0.8024850232970934,0.9232782412841417,0.7636998762826578,0.6999975948819087,0.5094174757281553,0.7962818566093487,0.6111644972481873
109,"[3, 4, 5, 6, 7, 8, 9, 10, 11, 12, 13, 14, 15, 16, 17, 18, 19, 20, 21, 22, 23]",50,10,14,11000,0.8899625393373938,0.804112121884476,0.9232988775445494,0.7678584431660963,0.7003463370051469,0.5118932038834951,0.796515126648066,0.6142778085224129
110,"[3, 4, 5, 6, 7, 8, 9, 10, 11, 12, 13, 14, 15, 16, 17, 18, 19, 20, 21, 22, 23]",50,10,14,11100,0.8895335722236398,0.8019821019155388,0.9244113805078535,0.7617768745009799,0.6978329885997403,0.5094660194174757,0.7952991160145276,0.6105826570090467
111,"[3, 4, 5, 6, 7, 8, 9, 10, 11, 12, 13, 14, 15, 16, 17, 18, 19, 20, 21, 22, 23]",50,10,14,11200,0.8894004444986817,0.8035352414762221,0.9227776542700162,0.7662640081501965,0.6988190870171725,0.5111650485436893,0.795332922740026,0.6132432589831692
112,"[3, 4, 5, 6, 7, 8, 9, 10, 11, 12, 13, 14, 15, 16, 17, 18, 19, 20, 21, 22, 23]",50,10,14,11300,0.8899958212686333,0.802899193846609,0.9238876807568374,0.7645646956142265,0.6999374669296262,0.5102912621359224,0.7964695015565666,0.6120702203848729
113,"[3, 4, 5, 6, 7, 8, 9, 10, 11, 12, 13, 14, 15, 16, 17, 18, 19, 20, 21, 22, 23]",50,10,14,11400,0.8889825713620075,0.8044227497966127,0.9230830480133768,0.7693880531619688,0.6970633508105248,0.5114563106796116,0.7943076786044632,0.6144515075523415
114,"[3, 4, 5, 6, 7, 8, 9, 10, 11, 12, 13, 14, 15, 16, 17, 18, 19, 20, 21, 22, 23]",50,10,14,11500,0.8893745585521621,0.8030175282893277,0.9236706826030907,0.7649712580950302,0.6979291933233922,0.5103398058252427,0.7950873010980278,0.6122353900358152
115,"[3, 4, 5, 6, 7, 8, 9, 10, 11, 12, 13, 14, 15, 16, 17, 18, 19, 20, 21, 22, 23]",50,10,14,11600,0.889444820407001,0.80374232675098,0.9238960873579319,0.7676693925233645,0.6979772956852182,0.5103883495145631,0.795202016742249,0.6131327268486122
116,"[3, 4, 5, 6, 7, 8, 9, 10, 11, 12, 13, 14, 15, 16, 17, 18, 19, 20, 21, 22, 23]",50,10,14,11700,0.889163772987645,0.8026329413504918,0.9237363758047039,0.7639484978540773,0.6971234787628072,0.5098058252427184,0.7945885191074071,0.6115235682883512
117,"[3, 4, 5, 6, 7, 8, 9, 10, 11, 12, 13, 14, 15, 16, 17, 18, 19, 20, 21, 22, 23]",50,10,14,11800,0.8894374244222811,0.803919828415058,0.9229645160265574,0.7660483987827851,0.698783010245803,0.5132524271844661,0.795378950682344,0.6146735654903784
118,"[3, 4, 5, 6, 7, 8, 9, 10, 11, 12, 13, 14, 15, 16, 17, 18, 19, 20, 21, 22, 23]",50,10,14,11900,0.8895076862771202,0.8025885659344723,0.9227192662297475,0.7640506697728596,0.6992520082736062,0.5094660194174757,0.7955915251106567,0.61131174277726
119,"[3, 4, 5, 6, 7, 8, 9, 10, 11, 12, 13, 14, 15, 16, 17, 18, 19, 20, 21, 22, 23]",50,10,14,12000,0.8894744043458807,0.8030471119000074,0.9231111393531168,0.7639684035075005,0.698783010245803,0.511747572815534,0.7954333899140339,0.6129247943254165
120,"[3, 4, 5, 6, 7, 8, 9, 10, 11, 12, 13, 14, 15, 16, 17, 18, 19, 20, 21, 22, 23]",50,10,14,12100,0.8892525248042837,0.8024406478810738,0.923887065421752,0.7633798720186155,0.6973038626196546,0.5096116504854369,0.7947614413574747,0.6112016767582674
121,"[3, 4, 5, 6, 7, 8, 9, 10, 11, 12, 13, 14, 15, 16, 17, 18, 19, 20, 21, 22, 23]",50,10,14,12200,0.8897628477499565,0.8037275349456401,0.9224020523865328,0.765789282865637,0.7004425417287988,0.5126699029126214,0.7962433869666853,0.6141723125236254
122,"[3, 4, 5, 6, 7, 8, 9, 10, 11, 12, 13, 14, 15, 16, 17, 18, 19, 20, 21, 22, 23]",50,10,14,12300,0.8893856525292418,0.8041269136898158,0.922464136092421,0.7662469243016355,0.6990475732358459,0.5139805825242718,0.7953643652683141,0.6152594572607355
123,"[3, 4, 5, 6, 7, 8, 9, 10, 11, 12, 13, 14, 15, 16, 17, 18, 19, 20, 21, 22, 23]",50,10,14,12400,0.888597980156573,0.803091487316027,0.9220936340915965,0.7661796932067202,0.6965823271922651,0.5091747572815534,0.7936290460695324,0.6117818606007582
124,"[3, 4, 5, 6, 7, 8, 9, 10, 11, 12, 13, 14, 15, 16, 17, 18, 19, 20, 21, 22, 23]",50,10,14,12500,0.8895261762389199,0.8038902448043784,0.9218952902796693,0.7663619213466841,0.7000577228341912,0.5127184466019418,0.7958059356673183,0.6143912512361119
125,"[3, 4, 5, 6, 7, 8, 9, 10, 11, 12, 13, 14, 15, 16, 17, 18, 19, 20, 21, 22, 23]",50,10,14,12600,0.889304296697323,0.8021300199689372,0.9236341059602649,0.762673648992654,0.6977127326951753,0.5090291262135922,0.7949332748746335,0.6105563480741797
126,"[3, 4, 5, 6, 7, 8, 9, 10, 11, 12, 13, 14, 15, 16, 17, 18, 19, 20, 21, 22, 23]",50,10,14,12700,0.8889936653390874,0.8025293987131129,0.9236128826530612,0.7626050420168067,0.6966304295540912,0.5110194174757282,0.7942224903342564,0.6119637251482385
127,"[3, 4, 5, 6, 7, 8, 9, 10, 11, 12, 13, 14, 15, 16, 17, 18, 19, 20, 21, 22, 23]",50,10,14,12800,0.8896297200249984,0.8026625249611715,0.924375099506448,0.7650624406631126,0.6982057819038915,0.5085436893203884,0.7955277256347368,0.6109701688391217
128,"[3, 4, 5, 6, 7, 8, 9, 10, 11, 12, 13, 14, 15, 16, 17, 18, 19, 20, 21, 22, 23]",50,10,14,12900,0.8892969007126031,0.8025737741291324,0.9233755489085471,0.7648046732384082,0.6979171677329357,0.5084466019417476,0.7949701386225413,0.6108179034844731
129,"[3, 4, 5, 6, 7, 8, 9, 10, 11, 12, 13, 14, 15, 16, 17, 18, 19, 20, 21, 22, 23]",50,10,14,13000,0.889237732834844,0.8027956512092301,0.9236526946107785,0.7631426502534395,0.697460195295589,0.5116019417475728,0.7947762216679913,0.6125544899738448
130,"[3, 4, 5, 6, 7, 8, 9, 10, 11, 12, 13, 14, 15, 16, 17, 18, 19, 20, 21, 22, 23]",50,10,14,13100,0.8887126179197313,0.8026329413504918,0.9231419457735247,0.764179104477612,0.6960532012121795,0.5095145631067961,0.7936732119350591,0.6113877967088978
131,"[3, 4, 5, 6, 7, 8, 9, 10, 11, 12, 13, 14, 15, 16, 17, 18, 19, 20, 21, 22, 23]",50,10,14,13200,0.8887976717440101,0.8034021152281636,0.9222948785260847,0.7661108279327168,0.6971114531723508,0.5107281553398059,0.7940469423117753,0.6128797366964728
132,"[3, 4, 5, 6, 7, 8, 9, 10, 11, 12, 13, 14, 15, 16, 17, 18, 19, 20, 21, 22, 23]",50,10,14,13300,0.8899329553985141,0.8037719103616596,0.9233159964480527,0.7676642335766424,0.700226081100582,0.5105339805825243,0.7964437149500753,0.6132361516034986
133,"[3, 4, 5, 6, 7, 8, 9, 10, 11, 12, 13, 14, 15, 16, 17, 18, 19, 20, 21, 22, 23]",50,10,14,13400,0.8892599207890036,0.8024702314917536,0.9229595243394486,0.7620046282904253,0.6981576795420655,0.511504854368932,0.7949718604937764,0.6121180434530035
134,"[3, 4, 5, 6, 7, 8, 9, 10, 11, 12, 13, 14, 15, 16, 17, 18, 19, 20, 21, 22, 23]",50,10,14,13500,0.8898331096047956,0.8029435692626286,0.9248332192271562,0.7648471615720523,0.6985184472557603,0.5101456310679612,0.7959003309057776,0.6120559114735004
135,"[3, 4, 5, 6, 7, 8, 9, 10, 11, 12, 13, 14, 15, 16, 17, 18, 19, 20, 21, 22, 23]",50,10,14,13600,0.8888346516676097,0.8030619037053472,0.9229666215247351,0.7654087133906455,0.6966424551445476,0.51,0.793991269248429,0.6121307463730118
136,"[3, 4, 5, 6, 7, 8, 9, 10, 11, 12, 13, 14, 15, 16, 17, 18, 19, 20, 21, 22, 23]",50,10,14,13700,0.889877485513115,0.8029731528733082,0.924550212366575,0.7661207778915046,0.698927317331281,0.5086893203883495,0.7960607866099617,0.6114125678277612
137,"[3, 4, 5, 6, 7, 8, 9, 10, 11, 12, 13, 14, 15, 16, 17, 18, 19, 20, 21, 22, 23]",50,10,14,13800,0.8893597665827222,0.8028548184305895,0.9226701811772552,0.7642825992150022,0.6987709846553466,0.5104368932038835,0.7952618505060459,0.6120845217998719
138,"[3, 4, 5, 6, 7, 8, 9, 10, 11, 12, 13, 14, 15, 16, 17, 18, 19, 20, 21, 22, 23]",50,10,14,13900,0.8892821087431634,0.8028696102359293,0.9234515246037304,0.7645689341578756,0.6977969118283708,0.5101456310679612,0.7949202696038139,0.6119668073955452
139,"[3, 4, 5, 6, 7, 8, 9, 10, 11, 12, 13, 14, 15, 16, 17, 18, 19, 20, 21, 22, 23]",50,10,14,14000,0.8899033714596346,0.8033133643961246,0.9242212333121425,0.7654285091226285,0.6993121362258887,0.5111650485436893,0.7961882855499877,0.6129755217277412
140,"[3, 4, 5, 6, 7, 8, 9, 10, 11, 12, 13, 14, 15, 16, 17, 18, 19, 20, 21, 22, 23]",50,10,14,14100,0.8896112300631986,0.8037719103616596,0.9237618252643295,0.7668461650414787,0.6986868055221511,0.5115533980582524,0.7956124915269323,0.6137091607943626
141,"[3, 4, 5, 6, 7, 8, 9, 10, 11, 12, 13, 14, 15, 16, 17, 18, 19, 20, 21, 22, 23]",50,10,14,14200,0.8893338806362026,0.803550033281562,0.922822736949131,0.7651619447866097,0.6985424984366733,0.512621359223301,0.7951704973237875,0.6139356414057731
142,"[3, 4, 5, 6, 7, 8, 9, 10, 11, 12, 13, 14, 15, 16, 17, 18, 19, 20, 21, 22, 23]",50,10,14,14300,0.8891674709800049,0.803919828415058,0.922565984967663,0.7665118304543476,0.6981817307229785,0.5126699029126214,0.7948414301067173,0.6144045610564897
143,"[3, 4, 5, 6, 7, 8, 9, 10, 11, 12, 13, 14, 15, 16, 17, 18, 19, 20, 21, 22, 23]",50,10,14,14400,0.8888383496599696,0.8031062791213668,0.9233590610448428,0.7641899238854657,0.6963057386117658,0.511747572815534,0.7939176218943673,0.6129960750109026
144,"[3, 4, 5, 6, 7, 8, 9, 10, 11, 12, 13, 14, 15, 16, 17, 18, 19, 20, 21, 22, 23]",50,10,14,14500,0.8897665457423165,0.8016418903927224,0.9242846008239617,0.763292807968361,0.6987709846553466,0.5059223300970874,0.795860926018504,0.6085128744088282
145,"[3, 4, 5, 6, 7, 8, 9, 10, 11, 12, 13, 14, 15, 16, 17, 18, 19, 20, 21, 22, 23]",50,10,14,14600,0.8890306452626869,0.8025589823237926,0.9217291944391545,0.7637090909090909,0.6984462937130214,0.5097572815533981,0.794701986754967,0.6114119359534207
146,"[3, 4, 5, 6, 7, 8, 9, 10, 11, 12, 13, 14, 15, 16, 17, 18, 19, 20, 21, 22, 23]",50,10,14,14700,0.8895705521472392,0.8021004363582576,0.923654170243887,0.7624482081849241,0.6986387031603252,0.5091747572815534,0.7955413751078368,0.6105888174171202
147,"[3, 4, 5, 6, 7, 8, 9, 10, 11, 12, 13, 14, 15, 16, 17, 18, 19, 20, 21, 22, 23]",50,10,14,14800,0.8892562227966437,0.8031506545373863,0.922917958255838,0.7662479918212356,0.6981817307229785,0.5093689320388349,0.794972032616063,0.6119437802531055
148,"[3, 4, 5, 6, 7, 8, 9, 10, 11, 12, 13, 14, 15, 16, 17, 18, 19, 20, 21, 22, 23]",50,10,14,14900,0.8898109216506359,0.8019968937208787,0.9232892795379904,0.7639010828211882,0.6998172110250613,0.5068446601941747,0.7961692376098778,0.6093731761410063
149,"[3, 4, 5, 6, 7, 8, 9, 10, 11, 12, 13, 14, 15, 16, 17, 18, 19, 20, 21, 22, 23]",50,10,14,15000,0.8893227866591228,0.8029731528733082,0.9238560894424183,0.7661986251279801,0.6975804512001539,0.5085922330097087,0.794929596765905,0.6113672171325202
150,"[3, 4, 5, 6, 7, 8, 9, 10, 11, 12, 13, 14, 15, 16, 17, 18, 19, 20, 21, 22, 23]",50,10,14,15100,0.8888494436370494,0.8020708527475778,0.9222315876524754,0.7624136677571792,0.6973519649814806,0.5090776699029126,0.7941794775225117,0.6105079318876437
151,"[3, 4, 5, 6, 7, 8, 9, 10, 11, 12, 13, 14, 15, 16, 17, 18, 19, 20, 21, 22, 23]",50,10,14,15200,0.8896666999485979,0.8032541971747652,0.923928253402875,0.7660567179412408,0.6987349078839771,0.5100970873786408,0.7957054038508942,0.6124078445085526
152,"[3, 4, 5, 6, 7, 8, 9, 10, 11, 12, 13, 14, 15, 16, 17, 18, 19, 20, 21, 22, 23]",50,10,14,15300,0.8896260220326385,0.8028844020412691,0.9235511909869539,0.7645475705557172,0.698927317331281,0.510242718446602,0.795690239377905,0.6120298125072784
153,"[3, 4, 5, 6, 7, 8, 9, 10, 11, 12, 13, 14, 15, 16, 17, 18, 19, 20, 21, 22, 23]",50,10,14,15400,0.8899107674443545,0.8028104430145699,0.9241562321235619,0.7657769652650823,0.6993963153590841,0.5083495145631068,0.7962187174853512,0.6110576221735959
154,"[3, 4, 5, 6, 7, 8, 9, 10, 11, 12, 13, 14, 15, 16, 17, 18, 19, 20, 21, 22, 23]",50,10,14,15500,0.8891489810182052,0.8034316988388432,0.9230304187348861,0.7661448853294504,0.6977007071047189,0.5108252427184466,0.7947018053310687,0.6129605358963157
155,"[3, 4, 5, 6, 7, 8, 9, 10, 11, 12, 13, 14, 15, 16, 17, 18, 19, 20, 21, 22, 23]",50,10,14,15600,0.8900438951693126,0.8033725316174839,0.9242534942820838,0.7680680901019884,0.6997811342536918,0.5081553398058253,0.7965041473897451,0.6116450962634024
156,"[3, 4, 5, 6, 7, 8, 9, 10, 11, 12, 13, 14, 15, 16, 17, 18, 19, 20, 21, 22, 23]",50,10,14,15700,0.8894818003306005,0.8046298350713704,0.9233960704520887,0.7679425837320574,0.6985545240271297,0.5142233009708738,0.7953910614525139,0.6159795313136012
157,"[3, 4, 5, 6, 7, 8, 9, 10, 11, 12, 13, 14, 15, 16, 17, 18, 19, 20, 21, 22, 23]",50,10,14,15800,0.8892414308272039,0.8026477331558317,0.9231417709841098,0.7656661786237189,0.6979291933233922,0.5077184466019418,0.7948912857387435,0.6105662580268535
158,"[3, 4, 5, 6, 7, 8, 9, 10, 11, 12, 13, 14, 15, 16, 17, 18, 19, 20, 21, 22, 23]",50,10,14,15900,0.8899736333144735,0.8032985725907847,0.9242575909242576,0.7664185639229422,0.6995285968541055,0.5098543689320388,0.7963420560875607,0.6123484141791045
159,"[3, 4, 5, 6, 7, 8, 9, 10, 11, 12, 13, 14, 15, 16, 17, 18, 19, 20, 21, 22, 23]",50,10,14,16000,0.8893560685903623,0.8031950299534059,0.9234354618052242,0.7657946513153101,0.6980735004088701,0.5101456310679612,0.7950937555643826,0.612359059522769
160,"[3, 4, 5, 6, 7, 8, 9, 10, 11, 12, 13, 14, 15, 16, 17, 18, 19, 20, 21, 22, 23]",50,10,14,16100,0.8891341890487654,0.8028104430145699,0.9229313142239048,0.7631216969521465,0.6977367838760883,0.5116990291262136,0.7946884716001698,0.6126173248481678
161,"[3, 4, 5, 6, 7, 8, 9, 10, 11, 12, 13, 14, 15, 16, 17, 18, 19, 20, 21, 22, 23]",50,10,14,16200,0.890014311230433,0.8042008727165151,0.9239744729489459,0.7671431681300341,0.6999254413391698,0.5132038834951457,0.7964939650217588,0.6149908379628283
162,"[3, 4, 5, 6, 7, 8, 9, 10, 11, 12, 13, 14, 15, 16, 17, 18, 19, 20, 21, 22, 23]",50,10,14,16300,0.8891046051098859,0.802987944678648,0.9231234481441396,0.7642831215970962,0.697460195295589,0.5110679611650485,0.7945802279701886,0.6125381818181818
163,"[3, 4, 5, 6, 7, 8, 9, 10, 11, 12, 13, 14, 15, 16, 17, 18, 19, 20, 21, 22, 23]",50,10,14,16400,0.8888383496599696,0.8022187708009763,0.9226446333619893,0.7630066215527905,0.6969430949059598,0.5090291262135922,0.7940672740974173,0.6106630172087469
164,"[3, 4, 5, 6, 7, 8, 9, 10, 11, 12, 13, 14, 15, 16, 17, 18, 19, 20, 21, 22, 23]",50,10,14,16500,0.8893412766209225,0.8036092005029214,0.9221277675569372,0.7653837790824092,0.6991918803213237,0.512621359223301,0.7953326767345151,0.6140070354972816
165,"[3, 4, 5, 6, 7, 8, 9, 10, 11, 12, 13, 14, 15, 16, 17, 18, 19, 20, 21, 22, 23]",50,10,14,16600,0.889307994689683,0.8038162857776792,0.9235948617544529,0.7664318396397705,0.6977608350570013,0.5122815533980583,0.7949499585556826,0.6140999156216358
166,"[3, 4, 5, 6, 7, 8, 9, 10, 11, 12, 13, 14, 15, 16, 17, 18, 19, 20, 21, 22, 23]",50,10,14,16700,0.8891156990869656,0.803091487316027,0.9231136504702943,0.7645180023228804,0.697508297657415,0.51126213592233,0.7946078129174116,0.6127530835466604
167,"[3, 4, 5, 6, 7, 8, 9, 10, 11, 12, 13, 14, 15, 16, 17, 18, 19, 20, 21, 22, 23]",50,10,14,16800,0.8890084573085272,0.8040973300791362,0.9236177539697723,0.7674131161843827,0.6966785319159171,0.512378640776699,0.7942555525089114,0.6144844850672411
168,"[3, 4, 5, 6, 7, 8, 9, 10, 11, 12, 13, 14, 15, 16, 17, 18, 19, 20, 21, 22, 23]",50,10,14,16900,0.8896038340784788,0.8027364839878707,0.9235169794530343,0.7641838812918242,0.698879214969455,0.51,0.7956463702638875,0.6117386747408874
169,"[3, 4, 5, 6, 7, 8, 9, 10, 11, 12, 13, 14, 15, 16, 17, 18, 19, 20, 21, 22, 23]",50,10,14,17000,0.8894374244222811,0.8030471119000074,0.9230182684670374,0.764620414093716,0.6987349078839771,0.5109223300970874,0.7953677467044475,0.6125418303506475
170,"[3, 4, 5, 6, 7, 8, 9, 10, 11, 12, 13, 14, 15, 16, 17, 18, 19, 20, 21, 22, 23]",50,10,14,17100,0.8894965923000403,0.803268988980105,0.9238995512269645,0.7664622572638341,0.6981576795420655,0.5096601941747573,0.7953203556310534,0.61222228701382
171,"[3, 4, 5, 6, 7, 8, 9, 10, 11, 12, 13, 14, 15, 16, 17, 18, 19, 20, 21, 22, 23]",50,10,14,17200,0.8892118468883243,0.8029731528733082,0.9229166997917098,0.7637298942182292,0.6980253980470441,0.5116990291262136,0.7948702147909265,0.6128132085343874
172,"[3, 4, 5, 6, 7, 8, 9, 10, 11, 12, 13, 14, 15, 16, 17, 18, 19, 20, 21, 22, 23]",50,10,14,17300,0.8898922774825547,0.8031210709267066,0.9229404028079294,0.7643219724437998,0.7004184905478859,0.5116504854368932,0.796428351667886,0.6129688863041581
173,"[3, 4, 5, 6, 7, 8, 9, 10, 11, 12, 13, 14, 15, 16, 17, 18, 19, 20, 21, 22, 23]",50,10,14,17400,0.8894633103688008,0.8033429480068043,0.9237942173352641,0.7656170460330158,0.6981336283611526,0.5110679611650485,0.795265720998089,0.6129661436348286
174,"[3, 4, 5, 6, 7, 8, 9, 10, 11, 12, 13, 14, 15, 16, 17, 18, 19, 20, 21, 22, 23]",50,10,14,17500,0.8897924316888361,0.803076695510687,0.923552013209704,0.7645777358216542,0.6995165712636491,0.5111165048543689,0.7960722594772136,0.6126676558726832
175,"[3, 4, 5, 6, 7, 8, 9, 10, 11, 12, 13, 14, 15, 16, 17, 18, 19, 20, 21, 22, 23]",50,10,14,17600,0.8886127721260128,0.8021596035796169,0.9227176356187531,0.7634745824520458,0.6960772523930925,0.5081553398058253,0.7935319802312748,0.6101833231325231
176,"[3, 4, 5, 6, 7, 8, 9, 10, 11, 12, 13, 14, 15, 16, 17, 18, 19, 20, 21, 22, 23]",50,10,14,17700,0.8896260220326385,0.8029435692626286,0.9233897228178858,0.7651172956433047,0.6990716244167589,0.5098058252427184,0.795723799029505,0.6118976868845772
177,"[3, 4, 5, 6, 7, 8, 9, 10, 11, 12, 13, 14, 15, 16, 17, 18, 19, 20, 21, 22, 23]",50,10,14,17800,0.8897221698339971,0.8029731528733082,0.9241216979181577,0.7651128914785142,0.69875895906489,0.5099514563106796,0.795792731779803,0.6120011651616662
178,"[3, 4, 5, 6, 7, 8, 9, 10, 11, 12, 13, 14, 15, 16, 17, 18, 19, 20, 21, 22, 23]",50,10,14,17900,0.8892969007126031,0.8024998151024333,0.9233890214797136,0.7638322655794991,0.6979051421424792,0.5093203883495145,0.7949673301097214,0.6111369990680335
179,"[3, 4, 5, 6, 7, 8, 9, 10, 11, 12, 13, 14, 15, 16, 17, 18, 19, 20, 21, 22, 23]",50,10,14,18000,0.8895705521472392,0.8028696102359293,0.9233176590201436,0.7635717909690513,0.6989393429217374,0.5114077669902912,0.7956113453430432,0.6125534203564265
180,"[3, 4, 5, 6, 7, 8, 9, 10, 11, 12, 13, 14, 15, 16, 17, 18, 19, 20, 21, 22, 23]",50,10,14,18100,0.8901326469859513,0.8032394053694253,0.923838223632038,0.7635037550548815,0.7004665929097119,0.5132524271844661,0.7967935652435605,0.6138527635856944
181,"[3, 4, 5, 6, 7, 8, 9, 10, 11, 12, 13, 14, 15, 16, 17, 18, 19, 20, 21, 22, 23]",50,10,14,18200,0.8892266388577641,0.8041564973004955,0.9233793312005603,0.768104327553548,0.6976646303333494,0.5117961165048543,0.7948076857211358,0.6142865466410301
182,"[3, 4, 5, 6, 7, 8, 9, 10, 11, 12, 13, 14, 15, 16, 17, 18, 19, 20, 21, 22, 23]",50,10,14,18300,0.8896999818798375,0.8040381628577767,0.9228366185122342,0.7684387322915145,0.6998292366155178,0.5108252427184466,0.7960086720422385,0.6136933574386191
183,"[3, 4, 5, 6, 7, 8, 9, 10, 11, 12, 13, 14, 15, 16, 17, 18, 19, 20, 21, 22, 23]",50,10,14,18400,0.8896149280555586,0.8030027364839879,0.9244648999872596,0.7644538059267868,0.6980735004088701,0.5109223300970874,0.7954751007208046,0.6124883612662942
184,"[3, 4, 5, 6, 7, 8, 9, 10, 11, 12, 13, 14, 15, 16, 17, 18, 19, 20, 21, 22, 23]",50,10,14,18500,0.888882725568289,0.8025589823237926,0.9231578276389597,0.7658747616952633,0.6966424551445476,0.5070388349514563,0.794062011678592,0.6101407792511244
185,"[3, 4, 5, 6, 7, 8, 9, 10, 11, 12, 13, 14, 15, 16, 17, 18, 19, 20, 21, 22, 23]",50,10,14,18600,0.8891674709800049,0.8028844020412691,0.9223243921419156,0.7637800986364955,0.6983981913511953,0.5112135922330097,0.7948919745693697,0.6124810980574619
186,"[3, 4, 5, 6, 7, 8, 9, 10, 11, 12, 13, 14, 15, 16, 17, 18, 19, 20, 21, 22, 23]",50,10,14,18700,0.8902140028178702,0.803919828415058,0.9238513492088658,0.765740338688667,0.7007431814902112,0.5136407766990291,0.7969773644259044,0.6148526933581264
187,"[3, 4, 5, 6, 7, 8, 9, 10, 11, 12, 13, 14, 15, 16, 17, 18, 19, 20, 21, 22, 23]",50,10,14,18800,0.8896630019562379,0.8035944086975816,0.9234556919802405,0.7666812354312355,0.6991437779594978,0.5109223300970874,0.7957950353493528,0.6132020508040085
188,"[3, 4, 5, 6, 7, 8, 9, 10, 11, 12, 13, 14, 15, 16, 17, 18, 19, 20, 21, 22, 23]",50,10,14,18900,0.8896666999485979,0.8026773167665113,0.923928253402875,0.7628910776361529,0.6987349078839771,0.5113592233009708,0.7957054038508942,0.6122994652406417
189,"[3, 4, 5, 6, 7, 8, 9, 10, 11, 12, 13, 14, 15, 16, 17, 18, 19, 20, 21, 22, 23]",50,10,14,19000,0.8890454372321267,0.8038014939723394,0.9230634531503709,0.7664535812872294,0.6973038626196546,0.5121844660194175,0.794456547056325,0.614037129721236
190,"[3, 4, 5, 6, 7, 8, 9, 10, 11, 12, 13, 14, 15, 16, 17, 18, 19, 20, 21, 22, 23]",50,10,14,19100,0.8895039882847602,0.8031506545373863,0.9231209098417943,0.7641263401912489,0.698879214969455,0.5120388349514563,0.7954993429697766,0.6131845134286711
191,"[3, 4, 5, 6, 7, 8, 9, 10, 11, 12, 13, 14, 15, 16, 17, 18, 19, 20, 21, 22, 23]",50,10,14,19200,0.8894374244222811,0.8027512757932106,0.9236239261851734,0.7657473114346331,0.6981937563134349,0.5081067961165049,0.7952416173570019,0.6108728004902391
192,"[3, 4, 5, 6, 7, 8, 9, 10, 11, 12, 13, 14, 15, 16, 17, 18, 19, 20, 21, 22, 23]",50,10,14,19300,0.8888975175377287,0.8035944086975816,0.9223954191188166,0.7642558105962177,0.6973760161623935,0.5139805825242718,0.7942558174571651,0.6146165902362569
193,"[3, 4, 5, 6, 7, 8, 9, 10, 11, 12, 13, 14, 15, 16, 17, 18, 19, 20, 21, 22, 23]",50,10,14,19400,0.8887828797745704,0.8022335626063161,0.923219211940489,0.7640999415546464,0.6962335850690269,0.5077184466019418,0.7938190269217849,0.6100676621558562
194,"[3, 4, 5, 6, 7, 8, 9, 10, 11, 12, 13, 14, 15, 16, 17, 18, 19, 20, 21, 22, 23]",50,10,14,19500,0.8900328011922327,0.8034464906441832,0.9237921459738199,0.7665111532293337,0.7001539275578431,0.5104368932038835,0.7965741101784773,0.6127979485984032
195,"[3, 4, 5, 6, 7, 8, 9, 10, 11, 12, 13, 14, 15, 16, 17, 18, 19, 20, 21, 22, 23]",50,10,14,19600,0.8889012155300887,0.8034316988388432,0.9223026158861414,0.7652180222012624,0.6974722208860455,0.5119902912621359,0.7942837970159066,0.6135008579821424
196,"[3, 4, 5, 6, 7, 8, 9, 10, 11, 12, 13, 14, 15, 16, 17, 18, 19, 20, 21, 22, 23]",50,10,14,19700,0.8901696269095508,0.8038162857776792,0.9249284578696343,0.7672470313979748,0.6996248015777574,0.51126213592233,0.7966533384455277,0.6136277565764559
197,"[3, 4, 5, 6, 7, 8, 9, 10, 11, 12, 13, 14, 15, 16, 17, 18, 19, 20, 21, 22, 23]",50,10,14,19800,0.8893301826438427,0.8027364839878707,0.9239935639068997,0.7651869158878505,0.697484246476502,0.5087378640776699,0.7949180069486796,0.6111499883368323
198,"[3, 4, 5, 6, 7, 8, 9, 10, 11, 12, 13, 14, 15, 16, 17, 18, 19, 20, 21, 22, 23]",50,10,14,19900,0.8895002902924003,0.8028696102359293,0.9235502695139209,0.7654573326520184,0.6984823704843908,0.5090291262135922,0.7954014803453684,0.6114463978541648
199,"[3, 4, 5, 6, 7, 8, 9, 10, 11, 12, 13, 14, 15, 16, 17, 18, 19, 20, 21, 22, 23]",50,10,14,20000,0.8893449746132824,0.8023518970490349,0.9233375216706694,0.7641220259816085,0.698121602770696,0.5082524271844661,0.7950886467756404,0.6104600314850447
200,"[3, 4, 5, 6, 7, 8, 9, 10, 11, 12, 13, 14, 15, 16, 17, 18, 19, 20, 21, 22, 23]",50,10,14,20100,0.8890380412474068,0.8027364839878707,0.9216781441401415,0.7631884057971015,0.6985184472557603,0.51126213592233,0.794729713089521,0.6123255813953489
201,"[3, 4, 5, 6, 7, 8, 9, 10, 11, 12, 13, 14, 15, 16, 17, 18, 19, 20, 21, 22, 23]",50,10,14,20200,0.8894559143840809,0.8034316988388432,0.9231588146500358,0.7656034294848507,0.6986747799316947,0.511504854368932,0.7953809611817293,0.6132759072257951
202,"[3, 4, 5, 6, 7, 8, 9, 10, 11, 12, 13, 14, 15, 16, 17, 18, 19, 20, 21, 22, 23]",50,10,14,20300,0.888738503866251,0.8037719103616596,0.9237722590433602,0.7678206251825884,0.6955842031843763,0.5103398058252427,0.7936009219940866,0.6131459232474047
203,"[3, 4, 5, 6, 7, 8, 9, 10, 11, 12, 13, 14, 15, 16, 17, 18, 19, 20, 21, 22, 23]",50,10,14,20400,0.8899995192609932,0.8036535759189409,0.9241043069495617,0.7669825072886297,0.6997570830727788,0.5108252427184466,0.7964331663518657,0.6132284382284382
204,"[3, 4, 5, 6, 7, 8, 9, 10, 11, 12, 13, 14, 15, 16, 17, 18, 19, 20, 21, 22, 23]",50,10,14,20500,0.8890417392397667,0.8023223134383551,0.9234802007808143,0.7642033007156419,0.6969190437250469,0.5080097087378641,0.7943609460561575,0.6103108415466262
205,"[3, 4, 5, 6, 7, 8, 9, 10, 11, 12, 13, 14, 15, 16, 17, 18, 19, 20, 21, 22, 23]",50,10,14,20600,0.8895668541548793,0.8026329413504918,0.9232760948644226,0.7629919547727767,0.6989633941026504,0.5110194174757282,0.7956114955273117,0.6120882635113527
206,"[3, 4, 5, 6, 7, 8, 9, 10, 11, 12, 13, 14, 15, 16, 17, 18, 19, 20, 21, 22, 23]",50,10,14,20700,0.8890158532932471,0.803091487316027,0.9215770268126289,0.7641728287661302,0.6985304728462167,0.5116990291262136,0.7946999028634754,0.612955748095598
207,"[3, 4, 5, 6, 7, 8, 9, 10, 11, 12, 13, 14, 15, 16, 17, 18, 19, 20, 21, 22, 23]",50,10,14,20800,0.8890010613238073,0.8029287774572886,0.9230622253359658,0.7655257972706706,0.6971475299437202,0.5092233009708738,0.7943546177034804,0.6116083141416202
208,"[3, 4, 5, 6, 7, 8, 9, 10, 11, 12, 13, 14, 15, 16, 17, 18, 19, 20, 21, 22, 23]",50,10,14,20900,0.8892895047278833,0.8037571185563198,0.9239937537843781,0.7688641196744151,0.6973399393910241,0.5089805825242718,0.7948243485888948,0.6124952536729269
209,"[3, 4, 5, 6, 7, 8, 9, 10, 11, 12, 13, 14, 15, 16, 17, 18, 19, 20, 21, 22, 23]",50,10,14,21000,0.8896482099867982,0.8031062791213668,0.9230610528320452,0.7654599752349042,0.6994444177209101,0.5101456310679612,0.7958431109621187,0.61225203180984
210,"[3, 4, 5, 6, 7, 8, 9, 10, 11, 12, 13, 14, 15, 16, 17, 18, 19, 20, 21, 22, 23]",50,10,14,21100,0.8895372702159997,0.8032394053694253,0.9238589178611769,0.7656909858744722,0.6983380633989129,0.5104854368932039,0.7954223254093814,0.6125706296965109
211,"[3, 4, 5, 6, 7, 8, 9, 10, 11, 12, 13, 14, 15, 16, 17, 18, 19, 20, 21, 22, 23]",50,10,14,21200,0.8894559143840809,0.8034908660602027,0.9241427638599118,0.7673415685987867,0.6977969118283708,0.5096116504854369,0.7951762650313474,0.6124675476211312
212,"[3, 4, 5, 6, 7, 8, 9, 10, 11, 12, 13, 14, 15, 16, 17, 18, 19, 20, 21, 22, 23]",50,10,14,21300,0.8897850357041163,0.8034464906441832,0.9244391408114558,0.7651581085001451,0.6986988311126077,0.5121359223300971,0.795871402545101,0.6135861346981505
213,"[3, 4, 5, 6, 7, 8, 9, 10, 11, 12, 13, 14, 15, 16, 17, 18, 19, 20, 21, 22, 23]",50,10,14,21400,0.8896962838874775,0.8031210709267066,0.9236550255807302,0.765090909090909,0.6990836500072154,0.5106796116504855,0.7958300820019988,0.6125181950509462
214,"[3, 4, 5, 6, 7, 8, 9, 10, 11, 12, 13, 14, 15, 16, 17, 18, 19, 20, 21, 22, 23]",50,10,14,21500,0.8887569938280507,0.8025441905184528,0.9220395050733166,0.7630032644178455,0.6971956323055462,0.5105825242718447,0.7940068751112754,0.6117783917405846
215,"[3, 4, 5, 6, 7, 8, 9, 10, 11, 12, 13, 14, 15, 16, 17, 18, 19, 20, 21, 22, 23]",50,10,14,21600,0.8892784107508034,0.8039494120257378,0.9226700131848581,0.7662751921125127,0.6984823704843908,0.5131067961165049,0.7950748424100147,0.6146420887364076
216,"[3, 4, 5, 6, 7, 8, 9, 10, 11, 12, 13, 14, 15, 16, 17, 18, 19, 20, 21, 22, 23]",50,10,14,21700,0.8893449746132824,0.8033873234228237,0.9234048645467127,0.7663265306122449,0.6980614748184136,0.5103883495145631,0.7950746135776852,0.6127039627039627
217,"[3, 4, 5, 6, 7, 8, 9, 10, 11, 12, 13, 14, 15, 16, 17, 18, 19, 20, 21, 22, 23]",50,10,14,21800,0.8892562227966437,0.803550033281562,0.9233217178226486,0.7650851140890982,0.6978209630092838,0.5127184466019418,0.7948877762785695,0.6139805260863248
218,"[3, 4, 5, 6, 7, 8, 9, 10, 11, 12, 13, 14, 15, 16, 17, 18, 19, 20, 21, 22, 23]",50,10,14,21900,0.8889640814002078,0.8032394053694253,0.923171275646744,0.7661172695449242,0.6969190437250469,0.5099514563106796,0.7942466354192363,0.6123222196316158
219,"[3, 4, 5, 6, 7, 8, 9, 10, 11, 12, 13, 14, 15, 16, 17, 18, 19, 20, 21, 22, 23]",50,10,14,22000,0.8893708605598021,0.802425856075734,0.9226604426661585,0.7634009746163357,0.6988190870171725,0.5095145631067961,0.7952893840068976,0.6111386066552156
220,"[3, 4, 5, 6, 7, 8, 9, 10, 11, 12, 13, 14, 15, 16, 17, 18, 19, 20, 21, 22, 23]",50,10,14,22100,0.8892303368501241,0.8033281562014644,0.9234344656330585,0.7667640613586559,0.69762855356198,0.5095631067961165,0.7948046965981176,0.6122484689413823
221,"[3, 4, 5, 6, 7, 8, 9, 10, 11, 12, 13, 14, 15, 16, 17, 18, 19, 20, 21, 22, 23]",50,10,14,22200,0.8896075320708388,0.8027512757932106,0.9234643617528361,0.7644703312704769,0.6989393429217374,0.5097087378640777,0.7956658042082494,0.6116207951070336
222,"[3, 4, 5, 6, 7, 8, 9, 10, 11, 12, 13, 14, 15, 16, 17, 18, 19, 20, 21, 22, 23]",50,10,14,22300,0.8893190886667628,0.8028400266252496,0.9234637049295102,0.7655782014756374,0.6979171677329357,0.5087378640776699,0.7950028081807098,0.6112747528361865
223,"[3, 4, 5, 6, 7, 8, 9, 10, 11, 12, 13, 14, 15, 16, 17, 18, 19, 20, 21, 22, 23]",50,10,14,22400,0.8898922774825547,0.8032985725907847,0.9234100607579675,0.7659140568099053,0.6999975948819087,0.5104854368932039,0.7963308776754017,0.6126420040780659
224,"[3, 4, 5, 6, 7, 8, 9, 10, 11, 12, 13, 14, 15, 16, 17, 18, 19, 20, 21, 22, 23]",50,10,14,22500,0.8895557601777995,0.8035796168922417,0.9237975569410867,0.766470117201718,0.6984583193034778,0.5111165048543689,0.7954775796422604,0.6132743105105279
225,"[3, 4, 5, 6, 7, 8, 9, 10, 11, 12, 13, 14, 15, 16, 17, 18, 19, 20, 21, 22, 23]",50,10,14,22600,0.8896334180173584,0.803831077583019,0.9240792299737491,0.7682409709021787,0.6984823704843908,0.5100970873786408,0.7955975919622494,0.6131046152050879
226,"[3, 4, 5, 6, 7, 8, 9, 10, 11, 12, 13, 14, 15, 16, 17, 18, 19, 20, 21, 22, 23]",50,10,14,22700,0.8889677793925678,0.8023518970490349,0.9232534055604238,0.7647015798712697,0.6968589157727645,0.5075242718446602,0.7942379780840317,0.6101190476190477
227,"[3, 4, 5, 6, 7, 8, 9, 10, 11, 12, 13, 14, 15, 16, 17, 18, 19, 20, 21, 22, 23]",50,10,14,22800,0.8890121553008872,0.8037719103616596,0.9233894740196625,0.7667297061390748,0.6968949925441339,0.5116990291262136,0.7943117568447384,0.6137766391056247
228,"[3, 4, 5, 6, 7, 8, 9, 10, 11, 12, 13, 14, 15, 16, 17, 18, 19, 20, 21, 22, 23]",50,10,14,22900,0.8898996734672746,0.803076695510687,0.9228490407616875,0.7633538127936393,0.7005267208619943,0.5126699029126214,0.7964642908414742,0.6133875417453172
229,"[3, 4, 5, 6, 7, 8, 9, 10, 11, 12, 13, 14, 15, 16, 17, 18, 19, 20, 21, 22, 23]",50,10,14,23000,0.8897110758569173,0.8022631462169958,0.9240910970450714,0.7634800349752259,0.6987469334744336,0.5086407766990291,0.7957735869728968,0.6105349026919938
230,"[3, 4, 5, 6, 7, 8, 9, 10, 11, 12, 13, 14, 15, 16, 17, 18, 19, 20, 21, 22, 23]",50,10,14,23100,0.8891378870411254,0.8024406478810738,0.9229863663119044,0.7631502470212148,0.6977007071047189,0.5099029126213592,0.7946854775194331,0.6113374461645908
231,"[3, 4, 5, 6, 7, 8, 9, 10, 11, 12, 13, 14, 15, 16, 17, 18, 19, 20, 21, 22, 23]",50,10,14,23200,0.8898515995665953,0.8024998151024333,0.9239617425566394,0.7644483362521891,0.6993602385877147,0.5085436893203884,0.7961231502142398,0.6107742537313433
232,"[3, 4, 5, 6, 7, 8, 9, 10, 11, 12, 13, 14, 15, 16, 17, 18, 19, 20, 21, 22, 23]",50,10,14,23300,0.8895187802542,0.8026033577398122,0.9237719521506744,0.7629194752482423,0.6983500889893693,0.5109708737864078,0.7953978906999041,0.6120301189057185
233,"[3, 4, 5, 6, 7, 8, 9, 10, 11, 12, 13, 14, 15, 16, 17, 18, 19, 20, 21, 22, 23]",50,10,14,23400,0.8899847272915534,0.8031358627320464,0.9251663853771933,0.765532813751912,0.69875895906489,0.5101941747572816,0.7961798276263685,0.6123102915902008
234,"[3, 4, 5, 6, 7, 8, 9, 10, 11, 12, 13, 14, 15, 16, 17, 18, 19, 20, 21, 22, 23]",50,10,14,23500,0.8886867319732118,0.8019377264995192,0.9217073364597409,0.7629467541940189,0.6972437346673722,0.5077669902912622,0.7939148711839574,0.6097347712037307
235,"[3, 4, 5, 6, 7, 8, 9, 10, 11, 12, 13, 14, 15, 16, 17, 18, 19, 20, 21, 22, 23]",50,10,14,23600,0.8893930485139617,0.8032394053694253,0.9242168329137321,0.7646888147395909,0.697508297657415,0.511747572815534,0.7950162424441795,0.6131565171872274
236,"[3, 4, 5, 6, 7, 8, 9, 10, 11, 12, 13, 14, 15, 16, 17, 18, 19, 20, 21, 22, 23]",50,10,14,23700,0.8896075320708388,0.804393166185933,0.9233029446332709,0.768883056284631,0.6990836500072154,0.5119417475728155,0.795699366265621,0.6146404009791351
237,"[3, 4, 5, 6, 7, 8, 9, 10, 11, 12, 13, 14, 15, 16, 17, 18, 19, 20, 21, 22, 23]",50,10,14,23800,0.8895742501395992,0.8023814806597145,0.9237631792376317,0.7630431623310565,0.6985545240271297,0.5097572815533981,0.7955272221803765,0.6111984168558291
238,"[3, 4, 5, 6, 7, 8, 9, 10, 11, 12, 13, 14, 15, 16, 17, 18, 19, 20, 21, 22, 23]",50,10,14,23900,0.8896740959333178,0.802425856075734,0.9236612108692198,0.7645554825042005,0.6989994708740199,0.5080582524271845,0.795777829497693,0.6104581644259093
239,"[3, 4, 5, 6, 7, 8, 9, 10, 11, 12, 13, 14, 15, 16, 17, 18, 19, 20, 21, 22, 23]",50,10,14,24000,0.8891120010946058,0.8026477331558317,0.9229508718340333,0.7649291867425901,0.6976405791524364,0.5086407766990291,0.7946333178094952,0.6109977258149163
240,"[3, 4, 5, 6, 7, 8, 9, 10, 11, 12, 13, 14, 15, 16, 17, 18, 19, 20, 21, 22, 23]",50,10,14,24100,0.8896445119944382,0.8031062791213668,0.9234630659253376,0.765730951512942,0.6990716244167589,0.5098058252427184,0.7957510300740559,0.6120938365146437
241,"[3, 4, 5, 6, 7, 8, 9, 10, 11, 12, 13, 14, 15, 16, 17, 18, 19, 20, 21, 22, 23]",50,10,14,24200,0.8892044509036044,0.8032985725907847,0.9228335691461457,0.7664185639229422,0.6980735004088701,0.5098543689320388,0.794870566004149,0.6123484141791045
242,"[3, 4, 5, 6, 7, 8, 9, 10, 11, 12, 13, 14, 15, 16, 17, 18, 19, 20, 21, 22, 23]",50,10,14,24300,0.8894596123764408,0.8021596035796169,0.9230659253375695,0.7629376228255331,0.6987709846553466,0.5088349514563106,0.7954088127797626,0.6105011794169893
243,"[3, 4, 5, 6, 7, 8, 9, 10, 11, 12, 13, 14, 15, 16, 17, 18, 19, 20, 21, 22, 23]",50,10,14,24400,0.8896371160097183,0.8032541971747652,0.9235279163621342,0.7645523740485684,0.6989874452835634,0.5119902912621359,0.7957205634728326,0.6132868149440325
244,"[3, 4, 5, 6, 7, 8, 9, 10, 11, 12, 13, 14, 15, 16, 17, 18, 19, 20, 21, 22, 23]",50,10,14,24500,0.8894152364681215,0.8030027364839879,0.9232260935910478,0.7644153957879448,0.6984703448939343,0.5109708737864078,0.7952734342908783,0.6125109106779167
245,"[3, 4, 5, 6, 7, 8, 9, 10, 11, 12, 13, 14, 15, 16, 17, 18, 19, 20, 21, 22, 23]",50,10,14,24600,0.8899181634290744,0.8031358627320464,0.9240643070470865,0.7648768437114001,0.6995045456731925,0.5110194174757282,0.7962547226633084,0.6126938858656114
246,"[3, 4, 5, 6, 7, 8, 9, 10, 11, 12, 13, 14, 15, 16, 17, 18, 19, 20, 21, 22, 23]",50,10,14,24700,0.8892710147660835,0.803919828415058,0.923205395345878,0.7662026968247064,0.6979772956852182,0.5130582524271845,0.7949460708782744,0.6145839390591383
247,"[3, 4, 5, 6, 7, 8, 9, 10, 11, 12, 13, 14, 15, 16, 17, 18, 19, 20, 21, 22, 23]",50,10,14,24800,0.8896408140020783,0.8026033577398122,0.9230049034387546,0.7634158739379856,0.6994684689018231,0.5103398058252427,0.7958378086240276,0.6117366384452009
248,"[3, 4, 5, 6, 7, 8, 9, 10, 11, 12, 13, 14, 15, 16, 17, 18, 19, 20, 21, 22, 23]",50,10,14,24900,0.8895372702159997,0.8022039789956364,0.9233335981568285,0.7624164972407784,0.698807061426716,0.5097087378640777,0.7955315522516787,0.6109624112649832
249,"[3, 4, 5, 6, 7, 8, 9, 10, 11, 12, 13, 14, 15, 16, 17, 18, 19, 20, 21, 22, 23]",50,10,14,25000,0.8895039882847602,0.8028696102359293,0.9225705130238904,0.7646459500764137,0.6993722641781711,0.5100485436893204,0.7956140470881158,0.6119216097376314
250,"[3, 4, 5, 6, 7, 8, 9, 10, 11, 12, 13, 14, 15, 16, 17, 18, 19, 20, 21, 22, 23]",50,10,14,25100,0.8887643898127706,0.8022631462169958,0.9224719816607234,0.7640572513509566,0.6968348645918515,0.5079126213592233,0.7939330830570247,0.610194203067592
251,"[3, 4, 5, 6, 7, 8, 9, 10, 11, 12, 13, 14, 15, 16, 17, 18, 19, 20, 21, 22, 23]",50,10,14,25200,0.8892192428730442,0.8036535759189409,0.9236196270166107,0.7659358211122405,0.6974241185242196,0.5121359223300971,0.7947405565033883,0.6138360388665852
252,"[3, 4, 5, 6, 7, 8, 9, 10, 11, 12, 13, 14, 15, 16, 17, 18, 19, 20, 21, 22, 23]",50,10,14,25300,0.8888013697363701,0.8026033577398122,0.9232658268218785,0.7652262923155663,0.6962576362499399,0.5080582524271845,0.793851891462027,0.6106718791026053
253,"[3, 4, 5, 6, 7, 8, 9, 10, 11, 12, 13, 14, 15, 16, 17, 18, 19, 20, 21, 22, 23]",50,10,14,25400,0.8901955128560705,0.8031654463427261,0.924653290759186,0.7651807141298814,0.6999615181105392,0.5107766990291263,0.7967694466308477,0.6126168088265261
254,"[3, 4, 5, 6, 7, 8, 9, 10, 11, 12, 13, 14, 15, 16, 17, 18, 19, 20, 21, 22, 23]",50,10,14,25500,0.8895261762389199,0.8029139856519488,0.9240171892408086,0.7648900538808796,0.6981576795420655,0.5099514563106796,0.7953639390078501,0.6119298654395061
255,"[3, 4, 5, 6, 7, 8, 9, 10, 11, 12, 13, 14, 15, 16, 17, 18, 19, 20, 21, 22, 23]",50,10,14,25600,0.8890676251862863,0.8028548184305895,0.922949619681105,0.7656729504603245,0.697484246476502,0.5086893203883495,0.7945314319374238,0.611269906084116
256,"[3, 4, 5, 6, 7, 8, 9, 10, 11, 12, 13, 14, 15, 16, 17, 18, 19, 20, 21, 22, 23]",50,10,14,25700,0.8896186260479186,0.8024554396864138,0.922943874069725,0.7637806742882108,0.6994444177209101,0.5091747572815534,0.7957995553275184,0.6110156409285527
257,"[3, 4, 5, 6, 7, 8, 9, 10, 11, 12, 13, 14, 15, 16, 17, 18, 19, 20, 21, 22, 23]",50,10,14,25800,0.8887606918204107,0.8018489756674803,0.9228881487737638,0.7623452294246176,0.6964500456972438,0.5081067961165049,0.7938372547272615,0.6097873579959219
258,"[3, 4, 5, 6, 7, 8, 9, 10, 11, 12, 13, 14, 15, 16, 17, 18, 19, 20, 21, 22, 23]",50,10,14,25900,0.8901030630470718,0.8030027364839879,0.9239227010217681,0.765340329398047,0.7002862090528645,0.5098058252427184,0.7967082580857002,0.611968999475555
259,"[3, 4, 5, 6, 7, 8, 9, 10, 11, 12, 13, 14, 15, 16, 17, 18, 19, 20, 21, 22, 23]",50,10,14,26000,0.889877485513115,0.8034316988388432,0.9240779877012061,0.7656420318290822,0.6993482129972581,0.5114563106796116,0.7961585061161346,0.6132533977474461
260,"[3, 4, 5, 6, 7, 8, 9, 10, 11, 12, 13, 14, 15, 16, 17, 18, 19, 20, 21, 22, 23]",50,10,14,26100,0.8902546807338296,0.8035204496708823,0.9249018766585626,0.7652432393242949,0.6999494925200828,0.512378640776699,0.796853929507759,0.6137876893553921
261,"[3, 4, 5, 6, 7, 8, 9, 10, 11, 12, 13, 14, 15, 16, 17, 18, 19, 20, 21, 22, 23]",50,10,14,26200,0.8899107674443545,0.8031802381480659,0.9251019238119506,0.7669448104230713,0.6985545240271297,0.5086407766990291,0.7960232411543837,0.611639717471251
262,"[3, 4, 5, 6, 7, 8, 9, 10, 11, 12, 13, 14, 15, 16, 17, 18, 19, 20, 21, 22, 23]",50,10,14,26300,0.8891415850334853,0.8033873234228237,0.9229606770170526,0.7674180327868853,0.6977367838760883,0.5090291262135922,0.7946993562525682,0.612070978286248
263,"[3, 4, 5, 6, 7, 8, 9, 10, 11, 12, 13, 14, 15, 16, 17, 18, 19, 20, 21, 22, 23]",50,10,14,26400,0.8896445119944382,0.8021448117742771,0.9238266344441618,0.7641123135419713,0.6987469334744336,0.5072815533980582,0.7956755128310465,0.6097560975609756
264,"[3, 4, 5, 6, 7, 8, 9, 10, 11, 12, 13, 14, 15, 16, 17, 18, 19, 20, 21, 22, 23]",50,10,14,26500,0.889307994689683,0.8023666888543747,0.9242025728085697,0.7635238441936658,0.6972196834864591,0.5090776699029126,0.7948234616729157,0.6108635503130915
265,"[3, 4, 5, 6, 7, 8, 9, 10, 11, 12, 13, 14, 15, 16, 17, 18, 19, 20, 21, 22, 23]",50,10,14,26600,0.8893264846514827,0.803461282449523,0.9236548869786693,0.7662176920276665,0.6977728606474578,0.510873786407767,0.7949799967117883,0.6130187854958498
266,"[3, 4, 5, 6, 7, 8, 9, 10, 11, 12, 13, 14, 15, 16, 17, 18, 19, 20, 21, 22, 23]",50,10,14,26700,0.8891970549188846,0.8038014939723394,0.922737026146388,0.7665697674418605,0.6981336283611526,0.5120388349514563,0.7948737257908826,0.6139697322467985
267,"[3, 4, 5, 6, 7, 8, 9, 10, 11, 12, 13, 14, 15, 16, 17, 18, 19, 20, 21, 22, 23]",50,10,14,26800,0.8893486726056424,0.8036239923082612,0.9231368434439782,0.7657088956610071,0.6983140122179999,0.5122815533980583,0.7951389839791868,0.6138677214821708
268,"[3, 4, 5, 6, 7, 8, 9, 10, 11, 12, 13, 14, 15, 16, 17, 18, 19, 20, 21, 22, 23]",50,10,14,26900,0.8893523705980023,0.8033725316174839,0.9231784289098396,0.7642294062341795,0.698289961037087,0.5129611650485437,0.7951388175687242,0.613878641763732
269,"[3, 4, 5, 6, 7, 8, 9, 10, 11, 12, 13, 14, 15, 16, 17, 18, 19, 20, 21, 22, 23]",50,10,14,27000,0.8897184718416372,0.802337105243695,0.924228444161629,0.7638736964923795,0.6986507287507817,0.508495145631068,0.7957621082621082,0.6105557660361962
270,"[3, 4, 5, 6, 7, 8, 9, 10, 11, 12, 13, 14, 15, 16, 17, 18, 19, 20, 21, 22, 23]",50,10,14,27100,0.8898848814978348,0.8018785592781599,0.9229915843859454,0.7615038467121498,0.7003463370051469,0.5093203883495145,0.7964007575912972,0.6103903659317005
271,"[3, 4, 5, 6, 7, 8, 9, 10, 11, 12, 13, 14, 15, 16, 17, 18, 19, 20, 21, 22, 23]",50,10,14,27200,0.8892229408654042,0.8031210709267066,0.9228665903599135,0.7640538974210374,0.6981095771802396,0.5119902912621359,0.7949062029303027,0.6131263806534123
272,"[3, 4, 5, 6, 7, 8, 9, 10, 11, 12, 13, 14, 15, 16, 17, 18, 19, 20, 21, 22, 23]",50,10,14,27300,0.8896038340784788,0.8032985725907847,0.9239346557017195,0.7646802957807742,0.6985064216653037,0.5120388349514563,0.7955596036240866,0.6133627958364831
273,"[3, 4, 5, 6, 7, 8, 9, 10, 11, 12, 13, 14, 15, 16, 17, 18, 19, 20, 21, 22, 23]",50,10,14,27400,0.8893745585521621,0.803076695510687,0.9226616706095295,0.7646161667513981,0.698831112607629,0.5110679611650485,0.7952976276011193,0.6126451162384706
274,"[3, 4, 5, 6, 7, 8, 9, 10, 11, 12, 13, 14, 15, 16, 17, 18, 19, 20, 21, 22, 23]",50,10,14,27500,0.8897776397193964,0.8032394053694253,0.9246259153135944,0.766000874763085,0.6985064216653037,0.5100970873786408,0.7958157505343344,0.6123899994172155
275,"[3, 4, 5, 6, 7, 8, 9, 10, 11, 12, 13, 14, 15, 16, 17, 18, 19, 20, 21, 22, 23]",50,10,14,27600,0.8896297200249984,0.8035204496708823,0.9226926736441484,0.765435681636799,0.6997089807109529,0.5121359223300971,0.7958773321661105,0.6136753628246517
276,"[3, 4, 5, 6, 7, 8, 9, 10, 11, 12, 13, 14, 15, 16, 17, 18, 19, 20, 21, 22, 23]",50,10,14,27700,0.8897184718416372,0.8027660675985504,0.9229768740284872,0.7628418463319346,0.6997691086632354,0.5118446601941747,0.7960219422442921,0.612631456626576
277,"[3, 4, 5, 6, 7, 8, 9, 10, 11, 12, 13, 14, 15, 16, 17, 18, 19, 20, 21, 22, 23]",50,10,14,27800,0.8895483641930796,0.8025146069077731,0.9235660689304337,0.7627401232330554,0.6986387031603252,0.5107766990291263,0.795508695056826,0.6118331152783835
278,"[3, 4, 5, 6, 7, 8, 9, 10, 11, 12, 13, 14, 15, 16, 17, 18, 19, 20, 21, 22, 23]",50,10,14,27900,0.8893745585521621,0.8033577398121441,0.9234280806120664,0.7653639401423797,0.698145653951609,0.5114563106796116,0.7951378188666325,0.613164173892801
279,"[3, 4, 5, 6, 7, 8, 9, 10, 11, 12, 13, 14, 15, 16, 17, 18, 19, 20, 21, 22, 23]",50,10,14,28000,0.8889344974613282,0.8028844020412691,0.9222465979905888,0.7649329836829837,0.6976405791524364,0.5097572815533981,0.794372175818157,0.6118037753437426
280,"[3, 4, 5, 6, 7, 8, 9, 10, 11, 12, 13, 14, 15, 16, 17, 18, 19, 20, 21, 22, 23]",50,10,14,28100,0.889733263811077,0.8027216921825309,0.9237614008326183,0.7650149602276873,0.6991197267785848,0.508883495145631,0.7958929427065508,0.6112001865726029
281,"[3, 4, 5, 6, 7, 8, 9, 10, 11, 12, 13, 14, 15, 16, 17, 18, 19, 20, 21, 22, 23]",50,10,14,28200,0.8894965923000403,0.8037275349456401,0.9234817170111288,0.7670284840096161,0.6985304728462167,0.5111165048543689,0.7954072410582242,0.6134529670521746
282,"[3, 4, 5, 6, 7, 8, 9, 10, 11, 12, 13, 14, 15, 16, 17, 18, 19, 20, 21, 22, 23]",50,10,14,28300,0.8902177008102301,0.8031062791213668,0.92476842657176,0.7647272463136486,0.6999374669296262,0.5110679611650485,0.7967966049488346,0.6126807693426833
283,"[3, 4, 5, 6, 7, 8, 9, 10, 11, 12, 13, 14, 15, 16, 17, 18, 19, 20, 21, 22, 23]",50,10,14,28400,0.8896814919180377,0.803076695510687,0.924310904576994,0.7648084889890253,0.6984462937130214,0.5108252427184466,0.7956600361663653,0.61253237870718
284,"[3, 4, 5, 6, 7, 8, 9, 10, 11, 12, 13, 14, 15, 16, 17, 18, 19, 20, 21, 22, 23]",50,10,14,28500,0.8894041424910416,0.8031506545373863,0.9241393592786707,0.7645479611086925,0.6976165279715234,0.511504854368932,0.7950578706083096,0.6129370019196091
285,"[3, 4, 5, 6, 7, 8, 9, 10, 11, 12, 13, 14, 15, 16, 17, 18, 19, 20, 21, 22, 23]",50,10,14,28600,0.8893930485139617,0.8034316988388432,0.9230842576995201,0.7656034294848507,0.6985184472557603,0.511504854368932,0.795251981763667,0.6132759072257951
286,"[3, 4, 5, 6, 7, 8, 9, 10, 11, 12, 13, 14, 15, 16, 17, 18, 19, 20, 21, 22, 23]",50,10,14,28700,0.8894189344604814,0.8033281562014644,0.9233349762309808,0.765406976744186,0.6983861657607389,0.51126213592233,0.7952592552018788,0.6130384167636785
287,"[3, 4, 5, 6, 7, 8, 9, 10, 11, 12, 13, 14, 15, 16, 17, 18, 19, 20, 21, 22, 23]",50,10,14,28800,0.8901141570241516,0.8028400266252496,0.9243976429853401,0.7639584694692514,0.6999013901582568,0.5107766990291263,0.7966355728628428,0.6122247112559277
288,"[3, 4, 5, 6, 7, 8, 9, 10, 11, 12, 13, 14, 15, 16, 17, 18, 19, 20, 21, 22, 23]",50,10,14,28900,0.8894189344604814,0.8031950299534059,0.9222742050590754,0.766376980939166,0.6993361874068017,0.5094174757281553,0.7954805042028301,0.6120199457615257
289,"[3, 4, 5, 6, 7, 8, 9, 10, 11, 12, 13, 14, 15, 16, 17, 18, 19, 20, 21, 22, 23]",50,10,14,29000,0.8890343432550468,0.8026921085718512,0.9226157344825942,0.7639787682687413,0.6976646303333494,0.5100485436893204,0.7945246752535318,0.6117078566646289
290,"[3, 4, 5, 6, 7, 8, 9, 10, 11, 12, 13, 14, 15, 16, 17, 18, 19, 20, 21, 22, 23]",50,10,14,29100,0.8887348058738911,0.8013312624805857,0.9224083036169128,0.7605961468556889,0.6967867622300254,0.5078640776699029,0.7938782780259227,0.6090525396594382
291,"[3, 4, 5, 6, 7, 8, 9, 10, 11, 12, 13, 14, 15, 16, 17, 18, 19, 20, 21, 22, 23]",50,10,14,29200,0.8892229408654042,0.8017602248354412,0.9236208434195439,0.7598555956678701,0.697436144114676,0.510873786407767,0.7947488146463123,0.6109724238026125
292,"[3, 4, 5, 6, 7, 8, 9, 10, 11, 12, 13, 14, 15, 16, 17, 18, 19, 20, 21, 22, 23]",50,10,14,29300,0.8895002902924003,0.8044967088233119,0.9234829334986725,0.7672869451886177,0.6985424984366733,0.5144174757281553,0.795415488473678,0.6159077039318822
293,"[3, 4, 5, 6, 7, 8, 9, 10, 11, 12, 13, 14, 15, 16, 17, 18, 19, 20, 21, 22, 23]",50,10,14,29400,0.8897073778645573,0.8024998151024333,0.9246301574915999,0.7634103794156127,0.6982538842657174,0.5098543689320388,0.7956533952710804,0.6113859945282031
294,"[3, 4, 5, 6, 7, 8, 9, 10, 11, 12, 13, 14, 15, 16, 17, 18, 19, 20, 21, 22, 23]",50,10,14,29500,0.8895520621854395,0.8031358627320464,0.9228815845858397,0.7650308978553253,0.6992640338640628,0.5108252427184466,0.795659640264636,0.6126036966962597
295,"[3, 4, 5, 6, 7, 8, 9, 10, 11, 12, 13, 14, 15, 16, 17, 18, 19, 20, 21, 22, 23]",50,10,14,29600,0.8899144654367144,0.8039346202203979,0.9233770559406176,0.7667998547039593,0.7001058251960172,0.512378640776699,0.7963886323997126,0.6142877928124546
296,"[3, 4, 5, 6, 7, 8, 9, 10, 11, 12, 13, 14, 15, 16, 17, 18, 19, 20, 21, 22, 23]",50,10,14,29700,0.8896112300631986,0.801967310110199,0.9233041627622572,0.7623308598865124,0.6990956755976718,0.5086893203883495,0.7957076081823719,0.6102020613754149
297,"[3, 4, 5, 6, 7, 8, 9, 10, 11, 12, 13, 14, 15, 16, 17, 18, 19, 20, 21, 22, 23]",50,10,14,29800,0.8896297200249984,0.8031358627320464,0.9238622268867475,0.764185810565983,0.6986627543412381,0.5118932038834951,0.7956341326467729,0.6130992180005232
298,"[3, 4, 5, 6, 7, 8, 9, 10, 11, 12, 13, 14, 15, 16, 17, 18, 19, 20, 21, 22, 23]",50,10,14,29900,0.8894559143840809,0.8025293987131129,0.9242103251087147,0.7644055433989788,0.6977367838760883,0.5087378640776699,0.7951622297598245,0.610900612066453
