,accuracy_score(train),precision_score(train),recall_score(train),f1_score(train),accuracy_score(test),precision_score(test),recall_score(test),f1_score(test)
average,0.99536625,0.999144888,0.986616123,0.992834603,0.89201,0.948756067,0.724211679,0.821028291
0,0.9975,1,0.992322457,0.996146435,0.905,0.962616822,0.751824818,0.844262295
1,0.995625,0.998062016,0.988483685,0.993249759,0.8825,0.932692308,0.708029197,0.804979253
2,0.994375,0.998054475,0.984644914,0.991304348,0.8925,0.935185185,0.737226277,0.824489796
3,0.995,1,0.984644914,0.992263056,0.865,0.919191919,0.664233577,0.771186441
4,0.995,1,0.984644914,0.992263056,0.88,0.940594059,0.693430657,0.798319328
5,0.994375,0.998054475,0.984644914,0.991304348,0.9025,0.953703704,0.751824818,0.840816327
6,0.995625,1,0.986564299,0.993236715,0.8925,0.979591837,0.700729927,0.817021277
7,0.99375,1,0.980806142,0.990310078,0.88,0.923809524,0.708029197,0.801652893
8,0.994375,1,0.982725528,0.991287512,0.8875,0.96,0.700729927,0.810126582
9,0.995,0.998058252,0.986564299,0.992277992,0.895,0.952380952,0.729927007,0.826446281
10,0.995625,0.996138996,0.990403071,0.993262753,0.8875,0.910714286,0.744525547,0.819277108
11,0.995625,1,0.986564299,0.993236715,0.8775,0.958333333,0.671532847,0.789699571
12,0.996875,1,0.990403071,0.995178399,0.9025,0.945454545,0.759124088,0.842105263
13,0.996875,1,0.990403071,0.995178399,0.9125,0.963636364,0.773722628,0.858299595
14,0.99125,1,0.973128599,0.986381323,0.885,0.95959596,0.693430657,0.805084746
15,0.991875,0.998039216,0.97696737,0.987390883,0.8975,0.952830189,0.737226277,0.83127572
16,0.995,1,0.984644914,0.992263056,0.88,0.923809524,0.708029197,0.801652893
17,0.99375,1,0.980806142,0.990310078,0.875,0.939393939,0.678832117,0.788135593
18,0.996875,1,0.990403071,0.995178399,0.8925,0.943396226,0.729927007,0.823045267
19,0.99625,1,0.988483685,0.994208494,0.9,0.961904762,0.737226277,0.834710744
20,0.993125,1,0.978886756,0.989330747,0.8725,0.921568627,0.686131387,0.786610879
21,0.99625,1,0.988483685,0.994208494,0.89,0.942857143,0.722627737,0.818181818
22,0.994375,1,0.982725528,0.991287512,0.8825,0.924528302,0.715328467,0.806584362
23,0.996875,1,0.990403071,0.995178399,0.8975,0.944444444,0.744525547,0.832653061
24,0.995625,0.998062016,0.988483685,0.993249759,0.8925,0.97,0.708029197,0.818565401
25,0.99625,0.994241843,0.994241843,0.994241843,0.89,0.904347826,0.759124088,0.825396825
26,0.998125,1,0.994241843,0.997112608,0.9075,0.931034483,0.788321168,0.853754941
27,0.994375,1,0.982725528,0.991287512,0.8975,0.944444444,0.744525547,0.832653061
28,0.998125,1,0.994241843,0.997112608,0.9025,0.962264151,0.744525547,0.839506173
29,0.99375,1,0.980806142,0.990310078,0.895,0.961165049,0.722627737,0.825
30,0.993125,0.998046875,0.980806142,0.989351404,0.8775,0.9,0.722627737,0.801619433
31,0.995,0.998058252,0.986564299,0.992277992,0.9,0.936936937,0.759124088,0.838709677
32,0.9975,1,0.992322457,0.996146435,0.905,0.980582524,0.737226277,0.841666667
33,0.9975,1,0.992322457,0.996146435,0.91,1,0.737226277,0.848739496
34,0.99875,1,0.996161228,0.998076923,0.915,0.947826087,0.795620438,0.865079365
35,0.99375,1,0.980806142,0.990310078,0.9,0.98019802,0.722627737,0.831932773
36,0.996875,1,0.990403071,0.995178399,0.9025,0.962264151,0.744525547,0.839506173
37,0.996875,1,0.990403071,0.995178399,0.8925,0.927272727,0.744525547,0.825910931
38,0.995625,1,0.986564299,0.993236715,0.8925,0.960784314,0.715328467,0.820083682
39,0.99625,1,0.988483685,0.994208494,0.885,0.90990991,0.737226277,0.814516129
40,0.993125,1,0.978886756,0.989330747,0.8725,0.93877551,0.671532847,0.782978723
41,0.994375,0.994208494,0.988483685,0.991337825,0.8925,0.935185185,0.737226277,0.824489796
42,0.996875,1,0.990403071,0.995178399,0.9025,0.945454545,0.759124088,0.842105263
43,0.995,0.998058252,0.986564299,0.992277992,0.905,0.95412844,0.759124088,0.845528455
44,0.994375,0.998054475,0.984644914,0.991304348,0.8875,0.933962264,0.722627737,0.814814815
45,0.995,0.996131528,0.988483685,0.992292871,0.895,0.961165049,0.722627737,0.825
46,0.994375,1,0.982725528,0.991287512,0.8925,0.943396226,0.729927007,0.823045267
47,0.994375,1,0.982725528,0.991287512,0.8875,0.96,0.700729927,0.810126582
48,0.995625,0.998062016,0.988483685,0.993249759,0.8975,0.952830189,0.737226277,0.83127572
49,0.996875,1,0.990403071,0.995178399,0.9025,0.962264151,0.744525547,0.839506173
50,0.995625,1,0.986564299,0.993236715,0.8975,0.961538462,0.729927007,0.829875519
51,0.99625,1,0.988483685,0.994208494,0.915,0.981308411,0.766423358,0.860655738
52,0.9925,1,0.97696737,0.988349515,0.88,0.923809524,0.708029197,0.801652893
53,0.995625,1,0.986564299,0.993236715,0.8975,0.961538462,0.729927007,0.829875519
54,0.995,1,0.984644914,0.992263056,0.9,0.98019802,0.722627737,0.831932773
55,0.995,0.998058252,0.986564299,0.992277992,0.885,0.933333333,0.715328467,0.809917355
56,0.998125,1,0.994241843,0.997112608,0.9025,0.980392157,0.729927007,0.836820084
57,0.995,1,0.984644914,0.992263056,0.91,0.980952381,0.751824818,0.851239669
58,0.99375,1,0.980806142,0.990310078,0.89,0.979381443,0.693430657,0.811965812
59,0.9975,0.998073218,0.994241843,0.996153846,0.885,0.917431193,0.729927007,0.81300813
60,0.995,1,0.984644914,0.992263056,0.9,0.98019802,0.722627737,0.831932773
61,0.995625,0.998062016,0.988483685,0.993249759,0.8875,0.933962264,0.722627737,0.814814815
62,0.995,0.998058252,0.986564299,0.992277992,0.88,0.932038835,0.700729927,0.8
63,0.995625,0.998062016,0.988483685,0.993249759,0.8925,0.951923077,0.722627737,0.821576763
64,0.994375,1,0.982725528,0.991287512,0.8775,0.958333333,0.671532847,0.789699571
65,0.99375,0.994197292,0.986564299,0.990366089,0.89,0.951456311,0.715328467,0.816666667
66,0.996875,1,0.990403071,0.995178399,0.8775,0.907407407,0.715328467,0.8
67,0.993125,1,0.978886756,0.989330747,0.8875,0.925925926,0.729927007,0.816326531
68,0.994375,0.998054475,0.984644914,0.991304348,0.8975,0.921052632,0.766423358,0.836653386
69,0.994375,1,0.982725528,0.991287512,0.8875,0.979166667,0.686131387,0.806866953
70,0.996875,1,0.990403071,0.995178399,0.8975,0.961538462,0.729927007,0.829875519
71,0.995625,1,0.986564299,0.993236715,0.8725,0.921568627,0.686131387,0.786610879
72,0.99625,1,0.988483685,0.994208494,0.895,0.97979798,0.708029197,0.822033898
73,0.99875,1,0.996161228,0.998076923,0.925,0.949579832,0.824817518,0.8828125
74,0.993125,0.994186047,0.984644914,0.989392478,0.8575,0.877358491,0.678832117,0.765432099
75,0.9975,1,0.992322457,0.996146435,0.9,0.944954128,0.751824818,0.837398374
76,0.9975,1,0.992322457,0.996146435,0.91,1,0.737226277,0.848739496
77,0.99,0.998027613,0.971209213,0.984435798,0.865,0.927835052,0.656934307,0.769230769
78,0.994375,0.996124031,0.986564299,0.991321119,0.8825,0.924528302,0.715328467,0.806584362
79,0.995625,1,0.986564299,0.993236715,0.8925,0.960784314,0.715328467,0.820083682
80,0.994375,0.998054475,0.984644914,0.991304348,0.8925,0.951923077,0.722627737,0.821576763
81,0.99125,0.998035363,0.975047985,0.986407767,0.865,0.910891089,0.671532847,0.773109244
82,0.995625,0.998062016,0.988483685,0.993249759,0.8925,0.951923077,0.722627737,0.821576763
83,0.995,0.998058252,0.986564299,0.992277992,0.895,0.935779817,0.744525547,0.829268293
84,0.99625,1,0.988483685,0.994208494,0.9,0.961904762,0.737226277,0.834710744
85,0.99625,1,0.988483685,0.994208494,0.9,0.961904762,0.737226277,0.834710744
86,0.994375,0.998054475,0.984644914,0.991304348,0.8875,0.933962264,0.722627737,0.814814815
87,0.996875,1,0.990403071,0.995178399,0.8925,0.943396226,0.729927007,0.823045267
88,0.99625,1,0.988483685,0.994208494,0.905,0.945945946,0.766423358,0.846774194
89,0.996875,1,0.990403071,0.995178399,0.9025,0.962264151,0.744525547,0.839506173
90,0.996875,1,0.990403071,0.995178399,0.9125,0.963636364,0.773722628,0.858299595
91,0.996875,1,0.990403071,0.995178399,0.9175,0.948275862,0.802919708,0.869565217
92,0.99375,0.998050682,0.982725528,0.99032882,0.895,0.952380952,0.729927007,0.826446281
93,0.995,1,0.984644914,0.992263056,0.895,0.961165049,0.722627737,0.825
94,0.995,0.996131528,0.988483685,0.992292871,0.895,0.943925234,0.737226277,0.827868852
95,0.995625,1,0.986564299,0.993236715,0.8825,0.924528302,0.715328467,0.806584362
96,0.995625,1,0.986564299,0.993236715,0.8925,0.943396226,0.729927007,0.823045267
97,0.996875,1,0.990403071,0.995178399,0.8925,0.943396226,0.729927007,0.823045267
98,0.99375,1,0.980806142,0.990310078,0.895,0.961165049,0.722627737,0.825
99,0.995,1,0.984644914,0.992263056,0.905,0.962616822,0.751824818,0.844262295
100,0.995,0.998058252,0.986564299,0.992277992,0.885,0.917431193,0.729927007,0.81300813
101,0.99625,1,0.988483685,0.994208494,0.895,0.961165049,0.722627737,0.825
102,0.99625,0.998065764,0.990403071,0.994219653,0.895,0.97029703,0.715328467,0.823529412
103,0.9975,1,0.992322457,0.996146435,0.905,0.945945946,0.766423358,0.846774194
104,0.993125,1,0.978886756,0.989330747,0.8975,0.961538462,0.729927007,0.829875519
105,0.993125,0.998046875,0.980806142,0.989351404,0.8675,0.896226415,0.693430657,0.781893004
106,0.995,0.998058252,0.986564299,0.992277992,0.895,0.935779817,0.744525547,0.829268293
107,0.995,1,0.984644914,0.992263056,0.89,0.942857143,0.722627737,0.818181818
108,0.99625,1,0.988483685,0.994208494,0.895,0.961165049,0.722627737,0.825
109,0.996875,1,0.990403071,0.995178399,0.8775,0.923076923,0.700729927,0.796680498
110,0.99375,1,0.980806142,0.990310078,0.885,0.95959596,0.693430657,0.805084746
111,0.9925,1,0.97696737,0.988349515,0.9,0.98019802,0.722627737,0.831932773
112,0.99,1,0.969289827,0.984405458,0.865,0.919191919,0.664233577,0.771186441
113,0.995625,1,0.986564299,0.993236715,0.9075,0.962962963,0.759124088,0.848979592
114,0.99625,1,0.988483685,0.994208494,0.895,0.927927928,0.751824818,0.830645161
115,0.993125,0.996108949,0.982725528,0.989371981,0.8775,0.907407407,0.715328467,0.8
116,0.9925,1,0.97696737,0.988349515,0.885,0.941747573,0.708029197,0.808333333
117,0.996875,0.998069498,0.992322457,0.99518768,0.8975,0.952830189,0.737226277,0.83127572
118,0.993125,0.998046875,0.980806142,0.989351404,0.8725,0.947916667,0.664233577,0.78111588
119,0.995625,1,0.986564299,0.993236715,0.8925,0.943396226,0.729927007,0.823045267
120,1,1,1,1,0.91,0.931623932,0.795620438,0.858267717
121,0.995625,0.998062016,0.988483685,0.993249759,0.8775,0.9,0.722627737,0.801619433
122,0.996875,1,0.990403071,0.995178399,0.9075,0.962962963,0.759124088,0.848979592
123,0.995625,0.998062016,0.988483685,0.993249759,0.9025,0.971153846,0.737226277,0.838174274
124,0.9925,1,0.97696737,0.988349515,0.895,0.961165049,0.722627737,0.825
125,0.99375,0.998050682,0.982725528,0.99032882,0.895,0.97029703,0.715328467,0.823529412
126,0.996875,1,0.990403071,0.995178399,0.8875,0.96,0.700729927,0.810126582
127,0.995,0.996131528,0.988483685,0.992292871,0.9,0.944954128,0.751824818,0.837398374
128,0.991875,0.998039216,0.97696737,0.987390883,0.8725,0.93,0.678832117,0.784810127
129,0.9925,0.998043053,0.978886756,0.988372093,0.875,0.914285714,0.700729927,0.79338843
130,0.995,1,0.984644914,0.992263056,0.89,0.979381443,0.693430657,0.811965812
131,0.994375,1,0.982725528,0.991287512,0.8925,0.960784314,0.715328467,0.820083682
132,0.994375,1,0.982725528,0.991287512,0.9175,0.964285714,0.788321168,0.86746988
133,0.998125,0.998076923,0.996161228,0.997118156,0.9175,0.972727273,0.781021898,0.866396761
134,0.995625,1,0.986564299,0.993236715,0.9025,0.980392157,0.729927007,0.836820084
135,0.9925,1,0.97696737,0.988349515,0.9,0.961904762,0.737226277,0.834710744
136,0.996875,0.998069498,0.992322457,0.99518768,0.8825,0.95,0.693430657,0.801687764
137,0.99375,1,0.980806142,0.990310078,0.9,0.98019802,0.722627737,0.831932773
138,0.99375,1,0.980806142,0.990310078,0.88,0.923809524,0.708029197,0.801652893
139,0.998125,1,0.994241843,0.997112608,0.9075,0.980769231,0.744525547,0.846473029
140,0.995625,1,0.986564299,0.993236715,0.8875,0.96,0.700729927,0.810126582
141,0.99625,0.998065764,0.990403071,0.994219653,0.9,0.970873786,0.729927007,0.833333333
142,0.996875,0.998069498,0.992322457,0.99518768,0.8925,0.935185185,0.737226277,0.824489796
143,0.994375,1,0.982725528,0.991287512,0.9075,0.980769231,0.744525547,0.846473029
144,0.995,0.996131528,0.988483685,0.992292871,0.9,0.961904762,0.737226277,0.834710744
145,0.998125,1,0.994241843,0.997112608,0.8975,0.944444444,0.744525547,0.832653061
146,0.995625,1,0.986564299,0.993236715,0.8775,0.892857143,0.729927007,0.803212851
147,0.995,1,0.984644914,0.992263056,0.9,0.961904762,0.737226277,0.834710744
148,0.99625,1,0.988483685,0.994208494,0.9,0.944954128,0.751824818,0.837398374
149,0.993125,1,0.978886756,0.989330747,0.8875,0.942307692,0.715328467,0.813278008
150,0.99375,0.996116505,0.984644914,0.99034749,0.885,0.925233645,0.722627737,0.81147541
151,0.995625,0.998062016,0.988483685,0.993249759,0.8775,0.931372549,0.693430657,0.794979079
152,0.995625,1,0.986564299,0.993236715,0.8875,0.96,0.700729927,0.810126582
153,0.9975,1,0.992322457,0.996146435,0.9,0.961904762,0.737226277,0.834710744
154,0.99625,1,0.988483685,0.994208494,0.895,0.961165049,0.722627737,0.825
155,0.9975,0.998073218,0.994241843,0.996153846,0.895,0.935779817,0.744525547,0.829268293
156,0.994375,1,0.982725528,0.991287512,0.9025,0.980392157,0.729927007,0.836820084
157,0.99625,0.996146435,0.992322457,0.994230769,0.905,0.945945946,0.766423358,0.846774194
158,0.99625,1,0.988483685,0.994208494,0.905,0.945945946,0.766423358,0.846774194
159,0.993125,1,0.978886756,0.989330747,0.8975,0.98,0.715328467,0.827004219
160,0.993125,0.998046875,0.980806142,0.989351404,0.8725,0.913461538,0.693430657,0.788381743
161,0.99625,1,0.988483685,0.994208494,0.885,0.95959596,0.693430657,0.805084746
162,0.995,0.998058252,0.986564299,0.992277992,0.89,0.918918919,0.744525547,0.822580645
163,0.99375,0.998050682,0.982725528,0.99032882,0.88,0.949494949,0.686131387,0.796610169
164,0.995625,1,0.986564299,0.993236715,0.8925,0.943396226,0.729927007,0.823045267
165,0.998125,1,0.994241843,0.997112608,0.8875,0.910714286,0.744525547,0.819277108
166,0.99375,1,0.980806142,0.990310078,0.865,0.902912621,0.678832117,0.775
167,0.99625,1,0.988483685,0.994208494,0.88,0.908256881,0.722627737,0.804878049
168,0.995625,1,0.986564299,0.993236715,0.8975,0.928571429,0.759124088,0.835341365
169,0.99,0.996070727,0.973128599,0.984466019,0.88,0.958762887,0.678832117,0.794871795
170,0.996875,1,0.990403071,0.995178399,0.8925,0.943396226,0.729927007,0.823045267
171,0.99375,0.996116505,0.984644914,0.99034749,0.89,0.96039604,0.708029197,0.81512605
172,0.996875,1,0.990403071,0.995178399,0.8875,0.925925926,0.729927007,0.816326531
173,0.998125,0.998076923,0.996161228,0.997118156,0.9125,0.972222222,0.766423358,0.857142857
174,0.995625,1,0.986564299,0.993236715,0.9025,0.962264151,0.744525547,0.839506173
175,0.995625,0.998062016,0.988483685,0.993249759,0.9125,0.972222222,0.766423358,0.857142857
176,0.995625,1,0.986564299,0.993236715,0.9075,0.980769231,0.744525547,0.846473029
177,0.9975,0.998073218,0.994241843,0.996153846,0.885,0.933333333,0.715328467,0.809917355
178,0.995,1,0.984644914,0.992263056,0.89,1,0.678832117,0.808695652
179,0.994375,1,0.982725528,0.991287512,0.8825,0.909090909,0.729927007,0.809716599
180,0.994375,1,0.982725528,0.991287512,0.9025,0.962264151,0.744525547,0.839506173
181,0.995,1,0.984644914,0.992263056,0.89,0.979381443,0.693430657,0.811965812
182,0.994375,0.996124031,0.986564299,0.991321119,0.8725,0.905660377,0.700729927,0.790123457
183,0.996875,1,0.990403071,0.995178399,0.8975,0.961538462,0.729927007,0.829875519
184,0.996875,1,0.990403071,0.995178399,0.9075,0.946428571,0.773722628,0.851405622
185,0.994375,0.998054475,0.984644914,0.991304348,0.8925,0.951923077,0.722627737,0.821576763
186,0.995,0.994219653,0.990403071,0.992307692,0.9,0.936936937,0.759124088,0.838709677
187,0.995,1,0.984644914,0.992263056,0.89,0.926605505,0.737226277,0.821138211
188,0.995625,1,0.986564299,0.993236715,0.8925,0.979591837,0.700729927,0.817021277
189,0.99625,0.998065764,0.990403071,0.994219653,0.89,0.918918919,0.744525547,0.822580645
190,0.995625,1,0.986564299,0.993236715,0.8825,0.924528302,0.715328467,0.806584362
191,0.995,0.996131528,0.988483685,0.992292871,0.9,0.944954128,0.751824818,0.837398374
192,0.993125,0.998046875,0.980806142,0.989351404,0.8875,0.933962264,0.722627737,0.814814815
193,0.996875,0.998069498,0.992322457,0.99518768,0.8975,0.952830189,0.737226277,0.83127572
194,0.995625,1,0.986564299,0.993236715,0.8875,0.96,0.700729927,0.810126582
195,0.994375,1,0.982725528,0.991287512,0.9025,0.945454545,0.759124088,0.842105263
196,0.996875,1,0.990403071,0.995178399,0.9075,0.946428571,0.773722628,0.851405622
197,0.996875,1,0.990403071,0.995178399,0.8975,1,0.700729927,0.824034335
198,0.993125,1,0.978886756,0.989330747,0.8875,0.942307692,0.715328467,0.813278008
199,0.995625,1,0.986564299,0.993236715,0.8825,0.894736842,0.744525547,0.812749004
200,0.995,1,0.984644914,0.992263056,0.88,0.940594059,0.693430657,0.798319328
201,0.994375,1,0.982725528,0.991287512,0.8975,0.98,0.715328467,0.827004219
202,0.998125,1,0.994241843,0.997112608,0.8825,0.909090909,0.729927007,0.809716599
203,0.996875,1,0.990403071,0.995178399,0.9025,0.929824561,0.773722628,0.844621514
204,0.995625,1,0.986564299,0.993236715,0.8825,0.924528302,0.715328467,0.806584362
205,0.99625,1,0.988483685,0.994208494,0.895,0.927927928,0.751824818,0.830645161
206,0.995625,1,0.986564299,0.993236715,0.8825,0.941176471,0.700729927,0.80334728
207,0.99625,1,0.988483685,0.994208494,0.895,0.961165049,0.722627737,0.825
208,0.99375,0.996116505,0.984644914,0.99034749,0.91,0.946902655,0.781021898,0.856
209,0.998125,1,0.994241843,0.997112608,0.9075,0.962962963,0.759124088,0.848979592
210,0.991875,0.998039216,0.97696737,0.987390883,0.8725,0.93,0.678832117,0.784810127
211,0.99375,0.996116505,0.984644914,0.99034749,0.885,0.95959596,0.693430657,0.805084746
212,0.99625,1,0.988483685,0.994208494,0.89,0.96039604,0.708029197,0.81512605
213,0.9975,1,0.992322457,0.996146435,0.89,0.942857143,0.722627737,0.818181818
214,0.996875,0.996153846,0.994241843,0.995196926,0.8925,0.912280702,0.759124088,0.828685259
215,0.99625,0.998065764,0.990403071,0.994219653,0.89,0.951456311,0.715328467,0.816666667
216,0.996875,1,0.990403071,0.995178399,0.9025,0.962264151,0.744525547,0.839506173
217,0.99625,1,0.988483685,0.994208494,0.895,0.943925234,0.737226277,0.827868852
218,0.99375,0.996116505,0.984644914,0.99034749,0.87,0.920792079,0.678832117,0.781512605
219,0.994375,1,0.982725528,0.991287512,0.8875,0.96,0.700729927,0.810126582
220,0.995,1,0.984644914,0.992263056,0.91,0.963302752,0.766423358,0.853658537
221,0.994375,0.998054475,0.984644914,0.991304348,0.8875,0.950980392,0.708029197,0.811715481
222,0.9975,1,0.992322457,0.996146435,0.895,0.943925234,0.737226277,0.827868852
223,0.993125,1,0.978886756,0.989330747,0.8875,0.979166667,0.686131387,0.806866953
224,0.9925,1,0.97696737,0.988349515,0.89,1,0.678832117,0.808695652
225,0.9925,0.998043053,0.978886756,0.988372093,0.87,0.947368421,0.656934307,0.775862069
226,0.998125,1,0.994241843,0.997112608,0.8925,0.927272727,0.744525547,0.825910931
227,0.995625,1,0.986564299,0.993236715,0.8675,0.903846154,0.686131387,0.780082988
228,0.99625,0.998065764,0.990403071,0.994219653,0.885,0.933333333,0.715328467,0.809917355
229,0.99625,1,0.988483685,0.994208494,0.905,0.962616822,0.751824818,0.844262295
230,0.996875,1,0.990403071,0.995178399,0.8975,0.98,0.715328467,0.827004219
231,0.995,1,0.984644914,0.992263056,0.885,0.941747573,0.708029197,0.808333333
232,0.9975,1,0.992322457,0.996146435,0.905,0.962616822,0.751824818,0.844262295
233,0.994375,0.998054475,0.984644914,0.991304348,0.8775,0.931372549,0.693430657,0.794979079
234,0.995,0.998058252,0.986564299,0.992277992,0.88,0.900900901,0.729927007,0.806451613
235,0.994375,0.998054475,0.984644914,0.991304348,0.8675,0.911764706,0.678832117,0.778242678
236,0.99375,0.998050682,0.982725528,0.99032882,0.905,0.95412844,0.759124088,0.845528455
237,0.995625,0.998062016,0.988483685,0.993249759,0.8925,0.935185185,0.737226277,0.824489796
238,0.9975,1,0.992322457,0.996146435,0.905,0.980582524,0.737226277,0.841666667
239,0.995,0.994219653,0.990403071,0.992307692,0.895,0.935779817,0.744525547,0.829268293
240,0.99375,1,0.980806142,0.990310078,0.88,0.940594059,0.693430657,0.798319328
241,0.99375,1,0.980806142,0.990310078,0.875,0.922330097,0.693430657,0.791666667
242,0.996875,1,0.990403071,0.995178399,0.8825,0.894736842,0.744525547,0.812749004
243,0.9975,1,0.992322457,0.996146435,0.905,0.962616822,0.751824818,0.844262295
244,0.9975,1,0.992322457,0.996146435,0.9,0.961904762,0.737226277,0.834710744
245,0.991875,0.998039216,0.97696737,0.987390883,0.8825,0.95,0.693430657,0.801687764
246,0.998125,1,0.994241843,0.997112608,0.9075,0.931034483,0.788321168,0.853754941
247,0.995,1,0.984644914,0.992263056,0.885,0.941747573,0.708029197,0.808333333
248,0.998125,1,0.994241843,0.997112608,0.8975,0.961538462,0.729927007,0.829875519
249,0.99625,1,0.988483685,0.994208494,0.9,0.961904762,0.737226277,0.834710744
250,0.99625,1,0.988483685,0.994208494,0.9,0.961904762,0.737226277,0.834710744
251,0.993125,0.998046875,0.980806142,0.989351404,0.8925,0.989583333,0.693430657,0.815450644
252,0.995,1,0.984644914,0.992263056,0.9,0.961904762,0.737226277,0.834710744
253,0.994375,1,0.982725528,0.991287512,0.9025,0.980392157,0.729927007,0.836820084
254,0.99875,1,0.996161228,0.998076923,0.91,0.963302752,0.766423358,0.853658537
255,0.9975,1,0.992322457,0.996146435,0.885,0.90990991,0.737226277,0.814516129
256,0.99875,1,0.996161228,0.998076923,0.905,0.962616822,0.751824818,0.844262295
257,0.995625,1,0.986564299,0.993236715,0.8925,0.960784314,0.715328467,0.820083682
258,0.994375,0.998054475,0.984644914,0.991304348,0.8925,0.951923077,0.722627737,0.821576763
259,0.99625,1,0.988483685,0.994208494,0.92,0.981651376,0.781021898,0.869918699
260,0.995625,0.996138996,0.990403071,0.993262753,0.8925,0.927272727,0.744525547,0.825910931
261,0.995625,0.998062016,0.988483685,0.993249759,0.8875,0.950980392,0.708029197,0.811715481
262,0.995625,1,0.986564299,0.993236715,0.8975,0.961538462,0.729927007,0.829875519
263,0.9975,0.998073218,0.994241843,0.996153846,0.905,0.971428571,0.744525547,0.842975207
264,0.994375,1,0.982725528,0.991287512,0.8925,0.960784314,0.715328467,0.820083682
265,0.993125,0.996108949,0.982725528,0.989371981,0.8875,0.925925926,0.729927007,0.816326531
266,0.993125,1,0.978886756,0.989330747,0.8725,0.905660377,0.700729927,0.790123457
267,0.996875,1,0.990403071,0.995178399,0.9025,0.980392157,0.729927007,0.836820084
268,0.995625,1,0.986564299,0.993236715,0.8875,0.96,0.700729927,0.810126582
269,0.995625,0.996138996,0.990403071,0.993262753,0.9025,0.945454545,0.759124088,0.842105263
270,0.99625,1,0.988483685,0.994208494,0.9,0.961904762,0.737226277,0.834710744
271,0.99625,0.998065764,0.990403071,0.994219653,0.89,0.934579439,0.729927007,0.819672131
272,0.995625,0.998062016,0.988483685,0.993249759,0.8925,0.97,0.708029197,0.818565401
273,0.99375,1,0.980806142,0.990310078,0.88,0.923809524,0.708029197,0.801652893
274,0.99875,1,0.996161228,0.998076923,0.9,0.961904762,0.737226277,0.834710744
275,0.995625,1,0.986564299,0.993236715,0.8925,0.943396226,0.729927007,0.823045267
276,0.99625,1,0.988483685,0.994208494,0.89,0.942857143,0.722627737,0.818181818
277,0.993125,1,0.978886756,0.989330747,0.8975,0.961538462,0.729927007,0.829875519
278,0.996875,1,0.990403071,0.995178399,0.8975,0.961538462,0.729927007,0.829875519
279,0.993125,0.998046875,0.980806142,0.989351404,0.8875,0.933962264,0.722627737,0.814814815
280,0.991875,0.998039216,0.97696737,0.987390883,0.8775,0.931372549,0.693430657,0.794979079
281,0.995625,0.998062016,0.988483685,0.993249759,0.8875,0.950980392,0.708029197,0.811715481
282,0.995,0.998058252,0.986564299,0.992277992,0.885,0.933333333,0.715328467,0.809917355
283,0.995625,1,0.986564299,0.993236715,0.8975,0.961538462,0.729927007,0.829875519
284,0.996875,1,0.990403071,0.995178399,0.8925,0.927272727,0.744525547,0.825910931
285,0.9925,1,0.97696737,0.988349515,0.885,0.941747573,0.708029197,0.808333333
286,0.990625,0.998031496,0.973128599,0.985422741,0.8775,0.948979592,0.678832117,0.791489362
287,0.995625,1,0.986564299,0.993236715,0.8925,0.960784314,0.715328467,0.820083682
288,0.995,1,0.984644914,0.992263056,0.9,0.98019802,0.722627737,0.831932773
289,0.9925,0.998043053,0.978886756,0.988372093,0.895,0.97029703,0.715328467,0.823529412
290,0.993125,0.996108949,0.982725528,0.989371981,0.8975,0.961538462,0.729927007,0.829875519
291,0.99375,1,0.980806142,0.990310078,0.875,0.957894737,0.664233577,0.784482759
292,0.9975,1,0.992322457,0.996146435,0.9,0.944954128,0.751824818,0.837398374
293,0.995625,0.998062016,0.988483685,0.993249759,0.8975,0.952830189,0.737226277,0.83127572
294,0.998125,1,0.994241843,0.997112608,0.9025,0.962264151,0.744525547,0.839506173
295,0.994375,0.994208494,0.988483685,0.991337825,0.8875,0.933962264,0.722627737,0.814814815
296,0.995,0.996131528,0.988483685,0.992292871,0.885,0.941747573,0.708029197,0.808333333
297,0.9975,0.998073218,0.994241843,0.996153846,0.9,0.953271028,0.744525547,0.836065574
298,0.995625,1,0.986564299,0.993236715,0.8775,0.94,0.686131387,0.793248945
299,0.996875,1,0.990403071,0.995178399,0.9175,0.964285714,0.788321168,0.86746988
300,0.995,1,0.984644914,0.992263056,0.885,0.95959596,0.693430657,0.805084746
301,0.994375,1,0.982725528,0.991287512,0.8975,0.961538462,0.729927007,0.829875519
302,0.99375,1,0.980806142,0.990310078,0.875,0.891891892,0.722627737,0.798387097
303,0.995625,1,0.986564299,0.993236715,0.8875,0.910714286,0.744525547,0.819277108
304,0.993125,1,0.978886756,0.989330747,0.8775,0.923076923,0.700729927,0.796680498
305,0.99875,1,0.996161228,0.998076923,0.89,0.942857143,0.722627737,0.818181818
306,0.996875,1,0.990403071,0.995178399,0.8975,0.944444444,0.744525547,0.832653061
307,0.994375,0.998054475,0.984644914,0.991304348,0.8775,0.968085106,0.664233577,0.787878788
308,0.995,0.998058252,0.986564299,0.992277992,0.89,0.934579439,0.729927007,0.819672131
309,0.995625,0.998062016,0.988483685,0.993249759,0.8775,0.91509434,0.708029197,0.798353909
310,0.996875,0.998069498,0.992322457,0.99518768,0.9075,0.938596491,0.781021898,0.852589641
311,0.995,0.998058252,0.986564299,0.992277992,0.88,0.91588785,0.715328467,0.803278689
312,0.995,1,0.984644914,0.992263056,0.9,0.98019802,0.722627737,0.831932773
313,0.994375,1,0.982725528,0.991287512,0.8875,0.96,0.700729927,0.810126582
314,0.994375,0.996124031,0.986564299,0.991321119,0.8825,0.909090909,0.729927007,0.809716599
315,0.99625,1,0.988483685,0.994208494,0.885,0.941747573,0.708029197,0.808333333
316,0.99625,0.998065764,0.990403071,0.994219653,0.9,0.953271028,0.744525547,0.836065574
317,0.990625,0.998031496,0.973128599,0.985422741,0.8675,0.928571429,0.664233577,0.774468085
318,0.995,0.998058252,0.986564299,0.992277992,0.89,0.96969697,0.700729927,0.813559322
319,0.995,0.998058252,0.986564299,0.992277992,0.9,0.98989899,0.715328467,0.830508475
320,0.9975,1,0.992322457,0.996146435,0.9,0.98019802,0.722627737,0.831932773
321,0.995625,0.996138996,0.990403071,0.993262753,0.9025,0.962264151,0.744525547,0.839506173
322,0.99375,1,0.980806142,0.990310078,0.88,0.958762887,0.678832117,0.794871795
323,0.99375,1,0.980806142,0.990310078,0.89,1,0.678832117,0.808695652
324,0.995625,1,0.986564299,0.993236715,0.9075,0.962962963,0.759124088,0.848979592
325,0.996875,1,0.990403071,0.995178399,0.9025,0.945454545,0.759124088,0.842105263
326,0.9975,1,0.992322457,0.996146435,0.9,0.961904762,0.737226277,0.834710744
327,0.995,1,0.984644914,0.992263056,0.885,0.941747573,0.708029197,0.808333333
328,0.998125,1,0.994241843,0.997112608,0.9025,1,0.715328467,0.834042553
329,0.998125,1,0.994241843,0.997112608,0.8975,0.928571429,0.759124088,0.835341365
330,0.994375,0.998054475,0.984644914,0.991304348,0.8825,0.932692308,0.708029197,0.804979253
331,0.99625,1,0.988483685,0.994208494,0.89,0.942857143,0.722627737,0.818181818
332,0.995,0.998058252,0.986564299,0.992277992,0.89,0.934579439,0.729927007,0.819672131
333,0.994375,1,0.982725528,0.991287512,0.8875,0.910714286,0.744525547,0.819277108
334,0.995,1,0.984644914,0.992263056,0.89,0.96039604,0.708029197,0.81512605
335,0.996875,0.998069498,0.992322457,0.99518768,0.9075,0.938596491,0.781021898,0.852589641
336,0.99375,1,0.980806142,0.990310078,0.875,0.957894737,0.664233577,0.784482759
337,0.995625,0.998062016,0.988483685,0.993249759,0.9025,0.971153846,0.737226277,0.838174274
338,0.998125,1,0.994241843,0.997112608,0.9125,0.981132075,0.759124088,0.855967078
339,0.995,1,0.984644914,0.992263056,0.89,0.942857143,0.722627737,0.818181818
340,0.994375,1,0.982725528,0.991287512,0.8725,0.921568627,0.686131387,0.786610879
341,0.995,1,0.984644914,0.992263056,0.89,0.942857143,0.722627737,0.818181818
342,0.994375,1,0.982725528,0.991287512,0.8775,0.923076923,0.700729927,0.796680498
343,0.9975,1,0.992322457,0.996146435,0.905,0.945945946,0.766423358,0.846774194
344,0.995625,1,0.986564299,0.993236715,0.8925,0.979591837,0.700729927,0.817021277
345,0.99625,1,0.988483685,0.994208494,0.895,0.943925234,0.737226277,0.827868852
346,0.99375,1,0.980806142,0.990310078,0.89,0.942857143,0.722627737,0.818181818
347,0.99375,1,0.980806142,0.990310078,0.88,0.958762887,0.678832117,0.794871795
348,0.991875,1,0.975047985,0.987366375,0.8825,0.941176471,0.700729927,0.80334728
349,0.9975,0.998073218,0.994241843,0.996153846,0.9,0.953271028,0.744525547,0.836065574
350,0.994375,1,0.982725528,0.991287512,0.8975,0.944444444,0.744525547,0.832653061
351,0.995625,1,0.986564299,0.993236715,0.8925,0.943396226,0.729927007,0.823045267
352,0.995,1,0.984644914,0.992263056,0.88,0.908256881,0.722627737,0.804878049
353,0.999375,1,0.998080614,0.999039385,0.9075,0.962962963,0.759124088,0.848979592
354,0.995625,1,0.986564299,0.993236715,0.8975,0.944444444,0.744525547,0.832653061
355,0.996875,1,0.990403071,0.995178399,0.8875,0.96,0.700729927,0.810126582
356,0.995625,0.998062016,0.988483685,0.993249759,0.8875,0.933962264,0.722627737,0.814814815
357,0.99375,1,0.980806142,0.990310078,0.885,0.978947368,0.678832117,0.801724138
358,0.991875,1,0.975047985,0.987366375,0.8875,0.96,0.700729927,0.810126582
359,0.9925,1,0.97696737,0.988349515,0.875,0.939393939,0.678832117,0.788135593
360,0.99625,0.996146435,0.992322457,0.994230769,0.915,0.947826087,0.795620438,0.865079365
361,0.995625,1,0.986564299,0.993236715,0.8825,0.941176471,0.700729927,0.80334728
362,0.99625,0.996146435,0.992322457,0.994230769,0.895,0.961165049,0.722627737,0.825
363,0.998125,1,0.994241843,0.997112608,0.9075,0.962962963,0.759124088,0.848979592
364,0.9925,1,0.97696737,0.988349515,0.88,0.958762887,0.678832117,0.794871795
365,0.995625,0.998062016,0.988483685,0.993249759,0.8825,0.916666667,0.722627737,0.808163265
366,0.99625,1,0.988483685,0.994208494,0.9,0.961904762,0.737226277,0.834710744
367,0.994375,1,0.982725528,0.991287512,0.8975,0.944444444,0.744525547,0.832653061
368,0.99625,0.998065764,0.990403071,0.994219653,0.885,0.917431193,0.729927007,0.81300813
369,0.995625,0.998062016,0.988483685,0.993249759,0.8975,0.936363636,0.751824818,0.834008097
370,0.99375,0.998050682,0.982725528,0.99032882,0.875,0.914285714,0.700729927,0.79338843
371,0.996875,1,0.990403071,0.995178399,0.8925,0.960784314,0.715328467,0.820083682
372,0.996875,1,0.990403071,0.995178399,0.8825,0.924528302,0.715328467,0.806584362
373,0.994375,0.998054475,0.984644914,0.991304348,0.8925,0.919642857,0.751824818,0.827309237
374,0.995625,1,0.986564299,0.993236715,0.8725,0.905660377,0.700729927,0.790123457
375,0.99625,1,0.988483685,0.994208494,0.91,0.963302752,0.766423358,0.853658537
376,0.995625,0.996138996,0.990403071,0.993262753,0.8875,0.979166667,0.686131387,0.806866953
377,0.99375,1,0.980806142,0.990310078,0.885,0.941747573,0.708029197,0.808333333
378,0.99625,1,0.988483685,0.994208494,0.88,0.923809524,0.708029197,0.801652893
379,0.998125,1,0.994241843,0.997112608,0.9025,0.945454545,0.759124088,0.842105263
380,0.996875,0.998069498,0.992322457,0.99518768,0.9175,0.956140351,0.795620438,0.868525896
381,0.994375,1,0.982725528,0.991287512,0.8925,0.979591837,0.700729927,0.817021277
382,0.998125,1,0.994241843,0.997112608,0.9125,0.963636364,0.773722628,0.858299595
383,0.994375,1,0.982725528,0.991287512,0.8825,0.941176471,0.700729927,0.80334728
384,0.99625,1,0.988483685,0.994208494,0.89,0.96039604,0.708029197,0.81512605
385,0.995625,1,0.986564299,0.993236715,0.8875,0.96,0.700729927,0.810126582
386,0.9975,1,0.992322457,0.996146435,0.895,0.943925234,0.737226277,0.827868852
387,0.996875,1,0.990403071,0.995178399,0.9075,1,0.729927007,0.843881857
388,0.99625,1,0.988483685,0.994208494,0.9,0.961904762,0.737226277,0.834710744
389,0.996875,0.996153846,0.994241843,0.995196926,0.9075,0.980769231,0.744525547,0.846473029
390,0.995625,1,0.986564299,0.993236715,0.8975,0.961538462,0.729927007,0.829875519
391,0.995625,0.998062016,0.988483685,0.993249759,0.8825,0.932692308,0.708029197,0.804979253
392,0.995,0.998058252,0.986564299,0.992277992,0.91,0.990291262,0.744525547,0.85
393,0.995625,1,0.986564299,0.993236715,0.8925,0.943396226,0.729927007,0.823045267
394,0.994375,1,0.982725528,0.991287512,0.8775,0.923076923,0.700729927,0.796680498
395,0.994375,0.998054475,0.984644914,0.991304348,0.8975,0.952830189,0.737226277,0.83127572
396,0.99625,1,0.988483685,0.994208494,0.885,0.95959596,0.693430657,0.805084746
397,0.99375,1,0.980806142,0.990310078,0.885,0.941747573,0.708029197,0.808333333
398,0.99625,1,0.988483685,0.994208494,0.89,0.942857143,0.722627737,0.818181818
399,0.993125,0.996108949,0.982725528,0.989371981,0.8675,0.92,0.671532847,0.776371308
400,0.993125,1,0.978886756,0.989330747,0.8875,1,0.671532847,0.80349345
401,0.995,1,0.984644914,0.992263056,0.88,0.923809524,0.708029197,0.801652893
402,0.993125,1,0.978886756,0.989330747,0.8825,0.959183673,0.686131387,0.8
403,0.994375,1,0.982725528,0.991287512,0.8875,0.925925926,0.729927007,0.816326531
404,0.995625,0.998062016,0.988483685,0.993249759,0.8875,0.933962264,0.722627737,0.814814815
405,0.995625,1,0.986564299,0.993236715,0.8875,0.910714286,0.744525547,0.819277108
406,0.99375,1,0.980806142,0.990310078,0.895,0.97979798,0.708029197,0.822033898
407,0.99625,0.996146435,0.992322457,0.994230769,0.885,0.90990991,0.737226277,0.814516129
408,0.99625,1,0.988483685,0.994208494,0.89,0.926605505,0.737226277,0.821138211
409,0.995625,1,0.986564299,0.993236715,0.9025,0.980392157,0.729927007,0.836820084
410,0.991875,1,0.975047985,0.987366375,0.8825,0.941176471,0.700729927,0.80334728
411,0.99375,1,0.980806142,0.990310078,0.885,0.95959596,0.693430657,0.805084746
412,0.9975,0.998073218,0.994241843,0.996153846,0.895,0.920353982,0.759124088,0.832
413,0.996875,1,0.990403071,0.995178399,0.8875,0.96,0.700729927,0.810126582
414,0.99625,0.998065764,0.990403071,0.994219653,0.9,0.953271028,0.744525547,0.836065574
415,0.99375,1,0.980806142,0.990310078,0.9,0.961904762,0.737226277,0.834710744
416,0.994375,0.994208494,0.988483685,0.991337825,0.8875,0.933962264,0.722627737,0.814814815
417,0.995625,0.998062016,0.988483685,0.993249759,0.8875,0.933962264,0.722627737,0.814814815
418,0.994375,1,0.982725528,0.991287512,0.8775,0.958333333,0.671532847,0.789699571
419,0.99625,0.998065764,0.990403071,0.994219653,0.91,0.954954955,0.773722628,0.85483871
420,0.994375,0.994208494,0.988483685,0.991337825,0.8925,0.97,0.708029197,0.818565401
421,0.996875,0.998069498,0.992322457,0.99518768,0.8975,0.952830189,0.737226277,0.83127572
422,0.995625,1,0.986564299,0.993236715,0.8975,0.98,0.715328467,0.827004219
423,0.995625,1,0.986564299,0.993236715,0.9025,0.980392157,0.729927007,0.836820084
424,0.996875,0.998069498,0.992322457,0.99518768,0.8775,0.9,0.722627737,0.801619433
425,0.99375,1,0.980806142,0.990310078,0.88,0.940594059,0.693430657,0.798319328
426,0.9975,1,0.992322457,0.996146435,0.89,0.926605505,0.737226277,0.821138211
427,0.9975,1,0.992322457,0.996146435,0.9,0.944954128,0.751824818,0.837398374
428,0.99375,0.992292871,0.988483685,0.990384615,0.895,0.927927928,0.751824818,0.830645161
429,0.99375,0.998050682,0.982725528,0.99032882,0.89,0.989473684,0.686131387,0.810344828
430,0.996875,1,0.990403071,0.995178399,0.9025,0.945454545,0.759124088,0.842105263
431,0.99375,0.996116505,0.984644914,0.99034749,0.89,0.942857143,0.722627737,0.818181818
432,0.99625,0.998065764,0.990403071,0.994219653,0.89,0.951456311,0.715328467,0.816666667
433,0.994375,0.998054475,0.984644914,0.991304348,0.8775,0.948979592,0.678832117,0.791489362
434,0.994375,1,0.982725528,0.991287512,0.9075,0.962962963,0.759124088,0.848979592
435,0.99375,0.998050682,0.982725528,0.99032882,0.885,0.933333333,0.715328467,0.809917355
436,0.99375,1,0.980806142,0.990310078,0.86,0.917525773,0.649635036,0.760683761
437,0.995625,0.998062016,0.988483685,0.993249759,0.8925,0.951923077,0.722627737,0.821576763
438,0.993125,0.994186047,0.984644914,0.989392478,0.8825,0.932692308,0.708029197,0.804979253
439,0.99625,1,0.988483685,0.994208494,0.91,0.980952381,0.751824818,0.851239669
440,0.995,1,0.984644914,0.992263056,0.905,0.980582524,0.737226277,0.841666667
441,0.995625,1,0.986564299,0.993236715,0.9025,0.962264151,0.744525547,0.839506173
442,0.99625,1,0.988483685,0.994208494,0.88,0.940594059,0.693430657,0.798319328
443,0.993125,1,0.978886756,0.989330747,0.8975,0.98,0.715328467,0.827004219
444,0.995,1,0.984644914,0.992263056,0.875,0.922330097,0.693430657,0.791666667
445,0.995625,1,0.986564299,0.993236715,0.8875,0.96,0.700729927,0.810126582
446,0.994375,0.998054475,0.984644914,0.991304348,0.8925,0.951923077,0.722627737,0.821576763
447,0.994375,0.998054475,0.984644914,0.991304348,0.8975,0.970588235,0.722627737,0.828451883
448,0.996875,1,0.990403071,0.995178399,0.8975,0.928571429,0.759124088,0.835341365
449,0.99625,1,0.988483685,0.994208494,0.895,0.961165049,0.722627737,0.825
450,0.994375,0.998054475,0.984644914,0.991304348,0.8825,0.932692308,0.708029197,0.804979253
451,0.993125,0.998046875,0.980806142,0.989351404,0.8925,0.97,0.708029197,0.818565401
452,0.995625,1,0.986564299,0.993236715,0.8925,0.960784314,0.715328467,0.820083682
453,0.995,0.998058252,0.986564299,0.992277992,0.89,0.951456311,0.715328467,0.816666667
454,0.995625,1,0.986564299,0.993236715,0.8875,0.979166667,0.686131387,0.806866953
455,0.995,1,0.984644914,0.992263056,0.88,0.940594059,0.693430657,0.798319328
456,0.995,0.998058252,0.986564299,0.992277992,0.885,0.933333333,0.715328467,0.809917355
457,0.995,1,0.984644914,0.992263056,0.89,0.96039604,0.708029197,0.81512605
458,0.99375,1,0.980806142,0.990310078,0.88,0.940594059,0.693430657,0.798319328
459,0.995625,1,0.986564299,0.993236715,0.8975,0.961538462,0.729927007,0.829875519
460,0.99625,1,0.988483685,0.994208494,0.905,0.980582524,0.737226277,0.841666667
461,0.995625,0.996138996,0.990403071,0.993262753,0.9025,0.962264151,0.744525547,0.839506173
462,0.995,1,0.984644914,0.992263056,0.885,0.925233645,0.722627737,0.81147541
463,0.995,1,0.984644914,0.992263056,0.895,0.961165049,0.722627737,0.825
464,0.9975,0.998073218,0.994241843,0.996153846,0.9,0.953271028,0.744525547,0.836065574
465,0.996875,0.998069498,0.992322457,0.99518768,0.9025,0.971153846,0.737226277,0.838174274
466,0.99625,1,0.988483685,0.994208494,0.895,0.943925234,0.737226277,0.827868852
467,0.9975,1,0.992322457,0.996146435,0.89,0.942857143,0.722627737,0.818181818
468,0.99625,1,0.988483685,0.994208494,0.885,0.941747573,0.708029197,0.808333333
469,0.995,1,0.984644914,0.992263056,0.885,0.941747573,0.708029197,0.808333333
470,0.996875,1,0.990403071,0.995178399,0.9175,0.964285714,0.788321168,0.86746988
471,0.993125,1,0.978886756,0.989330747,0.8825,0.959183673,0.686131387,0.8
472,0.9925,1,0.97696737,0.988349515,0.875,0.922330097,0.693430657,0.791666667
473,0.995625,1,0.986564299,0.993236715,0.8925,0.960784314,0.715328467,0.820083682
474,0.99375,0.998050682,0.982725528,0.99032882,0.895,0.935779817,0.744525547,0.829268293
475,0.995,1,0.984644914,0.992263056,0.885,0.978947368,0.678832117,0.801724138
476,0.9975,0.998073218,0.994241843,0.996153846,0.9,0.953271028,0.744525547,0.836065574
477,0.99375,1,0.980806142,0.990310078,0.895,0.943925234,0.737226277,0.827868852
478,0.99375,1,0.980806142,0.990310078,0.865,0.919191919,0.664233577,0.771186441
479,0.993125,0.998046875,0.980806142,0.989351404,0.8575,0.892156863,0.664233577,0.761506276
480,0.99375,0.998050682,0.982725528,0.99032882,0.88,0.932038835,0.700729927,0.8
481,0.99375,0.998050682,0.982725528,0.99032882,0.89,0.934579439,0.729927007,0.819672131
482,0.9975,1,0.992322457,0.996146435,0.89,0.96039604,0.708029197,0.81512605
483,0.998125,1,0.994241843,0.997112608,0.8925,0.912280702,0.759124088,0.828685259
484,0.99625,1,0.988483685,0.994208494,0.9,0.961904762,0.737226277,0.834710744
485,0.995625,1,0.986564299,0.993236715,0.8875,0.942307692,0.715328467,0.813278008
486,0.99625,1,0.988483685,0.994208494,0.9,0.98019802,0.722627737,0.831932773
487,0.995,0.998058252,0.986564299,0.992277992,0.89,0.934579439,0.729927007,0.819672131
488,0.994375,0.998054475,0.984644914,0.991304348,0.8825,0.95,0.693430657,0.801687764
489,0.995625,1,0.986564299,0.993236715,0.8925,0.979591837,0.700729927,0.817021277
490,0.994375,1,0.982725528,0.991287512,0.9075,0.962962963,0.759124088,0.848979592
491,0.9925,1,0.97696737,0.988349515,0.885,0.95959596,0.693430657,0.805084746
492,0.994375,1,0.982725528,0.991287512,0.8875,0.942307692,0.715328467,0.813278008
493,0.9975,1,0.992322457,0.996146435,0.9,0.961904762,0.737226277,0.834710744
494,0.998125,1,0.994241843,0.997112608,0.8925,0.960784314,0.715328467,0.820083682
495,0.995,1,0.984644914,0.992263056,0.9,0.98019802,0.722627737,0.831932773
496,0.99625,1,0.988483685,0.994208494,0.91,0.980952381,0.751824818,0.851239669
497,0.99375,1,0.980806142,0.990310078,0.855,0.883495146,0.664233577,0.758333333
498,0.995,0.998058252,0.986564299,0.992277992,0.89,0.934579439,0.729927007,0.819672131
499,0.99625,1,0.988483685,0.994208494,0.905,0.962616822,0.751824818,0.844262295
500,0.996875,0.998069498,0.992322457,0.99518768,0.8975,0.952830189,0.737226277,0.83127572
501,0.99625,0.998065764,0.990403071,0.994219653,0.885,0.917431193,0.729927007,0.81300813
502,0.994375,1,0.982725528,0.991287512,0.9025,0.945454545,0.759124088,0.842105263
503,0.9925,1,0.97696737,0.988349515,0.87,0.920792079,0.678832117,0.781512605
504,0.991875,1,0.975047985,0.987366375,0.8925,0.960784314,0.715328467,0.820083682
505,0.994375,0.998054475,0.984644914,0.991304348,0.8875,0.933962264,0.722627737,0.814814815
506,0.99375,0.998050682,0.982725528,0.99032882,0.885,0.95049505,0.700729927,0.806722689
507,0.994375,1,0.982725528,0.991287512,0.8725,0.921568627,0.686131387,0.786610879
508,0.99625,1,0.988483685,0.994208494,0.895,0.943925234,0.737226277,0.827868852
509,0.995625,1,0.986564299,0.993236715,0.9025,0.962264151,0.744525547,0.839506173
510,0.99625,1,0.988483685,0.994208494,0.885,0.90990991,0.737226277,0.814516129
511,0.993125,0.998046875,0.980806142,0.989351404,0.8875,0.933962264,0.722627737,0.814814815
512,0.995625,0.996138996,0.990403071,0.993262753,0.8925,0.943396226,0.729927007,0.823045267
513,0.995,1,0.984644914,0.992263056,0.875,0.922330097,0.693430657,0.791666667
514,0.996875,0.998069498,0.992322457,0.99518768,0.9075,0.954545455,0.766423358,0.850202429
515,0.995625,1,0.986564299,0.993236715,0.8975,0.944444444,0.744525547,0.832653061
516,0.998125,1,0.994241843,0.997112608,0.9075,1,0.729927007,0.843881857
517,0.998125,1,0.994241843,0.997112608,0.8975,0.98,0.715328467,0.827004219
518,0.995625,1,0.986564299,0.993236715,0.8975,0.961538462,0.729927007,0.829875519
519,0.994375,0.998054475,0.984644914,0.991304348,0.8725,0.913461538,0.693430657,0.788381743
520,0.995,1,0.984644914,0.992263056,0.89,0.96039604,0.708029197,0.81512605
521,0.9925,1,0.97696737,0.988349515,0.89,0.96039604,0.708029197,0.81512605
522,0.996875,1,0.990403071,0.995178399,0.8925,0.912280702,0.759124088,0.828685259
523,0.994375,1,0.982725528,0.991287512,0.8575,0.844827586,0.715328467,0.774703557
524,0.99625,0.998065764,0.990403071,0.994219653,0.895,0.952380952,0.729927007,0.826446281
525,0.996875,0.998069498,0.992322457,0.99518768,0.9025,0.953703704,0.751824818,0.840816327
526,0.995625,1,0.986564299,0.993236715,0.8925,0.979591837,0.700729927,0.817021277
527,0.995,1,0.984644914,0.992263056,0.895,0.961165049,0.722627737,0.825
528,0.99375,1,0.980806142,0.990310078,0.885,0.978947368,0.678832117,0.801724138
529,0.99625,1,0.988483685,0.994208494,0.885,0.925233645,0.722627737,0.81147541
530,0.995,1,0.984644914,0.992263056,0.89,0.96039604,0.708029197,0.81512605
531,0.994375,0.998054475,0.984644914,0.991304348,0.8925,0.951923077,0.722627737,0.821576763
532,0.99375,0.998050682,0.982725528,0.99032882,0.89,0.934579439,0.729927007,0.819672131
533,0.995625,1,0.986564299,0.993236715,0.9175,0.964285714,0.788321168,0.86746988
534,0.99625,0.998065764,0.990403071,0.994219653,0.89,0.934579439,0.729927007,0.819672131
535,0.994375,0.996124031,0.986564299,0.991321119,0.8825,0.924528302,0.715328467,0.806584362
536,0.994375,0.998054475,0.984644914,0.991304348,0.8875,0.933962264,0.722627737,0.814814815
537,0.9975,1,0.992322457,0.996146435,0.9,0.98019802,0.722627737,0.831932773
538,0.995,1,0.984644914,0.992263056,0.87,0.920792079,0.678832117,0.781512605
539,0.99375,0.998050682,0.982725528,0.99032882,0.875,0.930693069,0.686131387,0.789915966
540,0.998125,1,0.994241843,0.997112608,0.9025,0.945454545,0.759124088,0.842105263
541,0.99625,1,0.988483685,0.994208494,0.895,0.943925234,0.737226277,0.827868852
542,0.995625,1,0.986564299,0.993236715,0.9025,0.962264151,0.744525547,0.839506173
543,0.995,1,0.984644914,0.992263056,0.9,0.961904762,0.737226277,0.834710744
544,0.99625,0.996146435,0.992322457,0.994230769,0.895,0.961165049,0.722627737,0.825
545,0.99625,1,0.988483685,0.994208494,0.885,0.925233645,0.722627737,0.81147541
546,0.99625,1,0.988483685,0.994208494,0.9,0.944954128,0.751824818,0.837398374
547,0.99625,1,0.988483685,0.994208494,0.895,0.943925234,0.737226277,0.827868852
548,0.998125,1,0.994241843,0.997112608,0.8925,0.979591837,0.700729927,0.817021277
549,0.995625,0.998062016,0.988483685,0.993249759,0.8775,0.948979592,0.678832117,0.791489362
550,0.995,0.998058252,0.986564299,0.992277992,0.905,0.95412844,0.759124088,0.845528455
551,0.994375,1,0.982725528,0.991287512,0.8975,0.961538462,0.729927007,0.829875519
552,0.996875,0.998069498,0.992322457,0.99518768,0.8975,0.952830189,0.737226277,0.83127572
553,0.99625,0.998065764,0.990403071,0.994219653,0.895,0.952380952,0.729927007,0.826446281
554,0.995,1,0.984644914,0.992263056,0.875,0.957894737,0.664233577,0.784482759
555,0.995625,0.998062016,0.988483685,0.993249759,0.8875,0.903508772,0.751824818,0.820717131
556,0.9975,1,0.992322457,0.996146435,0.895,0.927927928,0.751824818,0.830645161
557,0.99375,1,0.980806142,0.990310078,0.895,0.943925234,0.737226277,0.827868852
558,0.994375,0.998054475,0.984644914,0.991304348,0.8975,0.952830189,0.737226277,0.83127572
559,0.994375,0.998054475,0.984644914,0.991304348,0.8875,0.969387755,0.693430657,0.808510638
560,0.993125,0.998046875,0.980806142,0.989351404,0.8925,0.97,0.708029197,0.818565401
561,0.995625,1,0.986564299,0.993236715,0.8925,0.943396226,0.729927007,0.823045267
562,0.995625,1,0.986564299,0.993236715,0.8925,0.960784314,0.715328467,0.820083682
563,0.995625,0.998062016,0.988483685,0.993249759,0.8925,0.951923077,0.722627737,0.821576763
564,0.99375,0.998050682,0.982725528,0.99032882,0.89,0.934579439,0.729927007,0.819672131
565,0.995625,1,0.986564299,0.993236715,0.8875,0.942307692,0.715328467,0.813278008
566,0.99625,0.998065764,0.990403071,0.994219653,0.9,0.936936937,0.759124088,0.838709677
567,0.9925,0.996101365,0.980806142,0.988394584,0.89,0.942857143,0.722627737,0.818181818
568,0.996875,1,0.990403071,0.995178399,0.9075,0.962962963,0.759124088,0.848979592
569,0.99375,1,0.980806142,0.990310078,0.865,0.902912621,0.678832117,0.775
570,0.995625,1,0.986564299,0.993236715,0.8975,0.944444444,0.744525547,0.832653061
571,0.996875,1,0.990403071,0.995178399,0.8825,0.924528302,0.715328467,0.806584362
572,0.99625,1,0.988483685,0.994208494,0.89,0.942857143,0.722627737,0.818181818
573,0.998125,1,0.994241843,0.997112608,0.9025,0.962264151,0.744525547,0.839506173
574,0.996875,0.998069498,0.992322457,0.99518768,0.8875,0.918181818,0.737226277,0.817813765
575,0.995625,0.998062016,0.988483685,0.993249759,0.9075,0.971698113,0.751824818,0.847736626
576,0.998125,1,0.994241843,0.997112608,0.9075,0.980769231,0.744525547,0.846473029
577,0.995,0.998058252,0.986564299,0.992277992,0.91,0.990291262,0.744525547,0.85
578,0.993125,1,0.978886756,0.989330747,0.8875,0.96,0.700729927,0.810126582
579,0.996875,1,0.990403071,0.995178399,0.9075,0.962962963,0.759124088,0.848979592
580,0.995,1,0.984644914,0.992263056,0.885,0.95959596,0.693430657,0.805084746
581,0.99375,0.996116505,0.984644914,0.99034749,0.88,0.923809524,0.708029197,0.801652893
582,0.995,0.998058252,0.986564299,0.992277992,0.9,0.970873786,0.729927007,0.833333333
583,0.996875,1,0.990403071,0.995178399,0.9125,1,0.744525547,0.853556485
584,0.995625,1,0.986564299,0.993236715,0.8975,0.98,0.715328467,0.827004219
585,0.995625,1,0.986564299,0.993236715,0.9025,0.980392157,0.729927007,0.836820084
586,0.991875,0.998039216,0.97696737,0.987390883,0.8875,0.950980392,0.708029197,0.811715481
587,0.99625,1,0.988483685,0.994208494,0.9,0.944954128,0.751824818,0.837398374
588,0.996875,1,0.990403071,0.995178399,0.8925,0.960784314,0.715328467,0.820083682
589,0.994375,1,0.982725528,0.991287512,0.8925,0.960784314,0.715328467,0.820083682
590,0.996875,1,0.990403071,0.995178399,0.8975,0.944444444,0.744525547,0.832653061
591,0.991875,0.998039216,0.97696737,0.987390883,0.8925,0.951923077,0.722627737,0.821576763
592,0.9975,1,0.992322457,0.996146435,0.91,0.963302752,0.766423358,0.853658537
593,0.990625,1,0.971209213,0.985394352,0.8825,0.959183673,0.686131387,0.8
594,0.99375,1,0.980806142,0.990310078,0.89,0.979381443,0.693430657,0.811965812
595,0.9975,1,0.992322457,0.996146435,0.89,0.926605505,0.737226277,0.821138211
596,0.994375,1,0.982725528,0.991287512,0.8975,0.98,0.715328467,0.827004219
597,0.994375,1,0.982725528,0.991287512,0.8925,0.979591837,0.700729927,0.817021277
598,0.99375,0.998050682,0.982725528,0.99032882,0.885,0.969072165,0.686131387,0.803418803
599,0.995625,1,0.986564299,0.993236715,0.8825,0.941176471,0.700729927,0.80334728
600,0.994375,0.996124031,0.986564299,0.991321119,0.8825,0.924528302,0.715328467,0.806584362
601,0.99625,0.998065764,0.990403071,0.994219653,0.9,0.953271028,0.744525547,0.836065574
602,0.995625,0.998062016,0.988483685,0.993249759,0.8825,0.932692308,0.708029197,0.804979253
603,0.9975,1,0.992322457,0.996146435,0.885,0.95959596,0.693430657,0.805084746
604,0.993125,0.998046875,0.980806142,0.989351404,0.8725,0.947916667,0.664233577,0.78111588
605,0.9975,1,0.992322457,0.996146435,0.885,0.925233645,0.722627737,0.81147541
606,0.993125,1,0.978886756,0.989330747,0.8775,0.958333333,0.671532847,0.789699571
607,0.996875,0.998069498,0.992322457,0.99518768,0.9025,0.9375,0.766423358,0.843373494
608,0.994375,0.998054475,0.984644914,0.991304348,0.8925,0.97,0.708029197,0.818565401
609,0.996875,0.998069498,0.992322457,0.99518768,0.9025,0.953703704,0.751824818,0.840816327
610,0.995625,1,0.986564299,0.993236715,0.8925,0.927272727,0.744525547,0.825910931
611,0.99375,1,0.980806142,0.990310078,0.885,0.941747573,0.708029197,0.808333333
612,0.995625,1,0.986564299,0.993236715,0.8875,0.96,0.700729927,0.810126582
613,0.995625,0.998062016,0.988483685,0.993249759,0.8825,0.932692308,0.708029197,0.804979253
614,0.9975,1,0.992322457,0.996146435,0.895,1,0.693430657,0.818965517
615,0.995,1,0.984644914,0.992263056,0.88,0.940594059,0.693430657,0.798319328
616,0.996875,1,0.990403071,0.995178399,0.9025,0.980392157,0.729927007,0.836820084
617,0.995,1,0.984644914,0.992263056,0.885,0.925233645,0.722627737,0.81147541
618,0.99625,1,0.988483685,0.994208494,0.885,0.925233645,0.722627737,0.81147541
619,0.995625,0.998062016,0.988483685,0.993249759,0.9025,0.953703704,0.751824818,0.840816327
620,0.995625,0.996138996,0.990403071,0.993262753,0.8975,0.944444444,0.744525547,0.832653061
621,0.995,0.998058252,0.986564299,0.992277992,0.88,0.949494949,0.686131387,0.796610169
622,0.9975,0.998073218,0.994241843,0.996153846,0.9,0.953271028,0.744525547,0.836065574
623,0.998125,1,0.994241843,0.997112608,0.9025,0.962264151,0.744525547,0.839506173
624,0.996875,1,0.990403071,0.995178399,0.8925,0.960784314,0.715328467,0.820083682
625,0.996875,1,0.990403071,0.995178399,0.8925,0.943396226,0.729927007,0.823045267
626,0.995625,1,0.986564299,0.993236715,0.8925,0.927272727,0.744525547,0.825910931
627,0.996875,0.996153846,0.994241843,0.995196926,0.9075,0.962962963,0.759124088,0.848979592
628,0.995625,1,0.986564299,0.993236715,0.8875,0.942307692,0.715328467,0.813278008
629,0.9925,0.996101365,0.980806142,0.988394584,0.885,0.941747573,0.708029197,0.808333333
630,0.996875,0.998069498,0.992322457,0.99518768,0.8875,0.933962264,0.722627737,0.814814815
631,0.99375,1,0.980806142,0.990310078,0.89,0.979381443,0.693430657,0.811965812
632,0.995625,0.998062016,0.988483685,0.993249759,0.8875,0.950980392,0.708029197,0.811715481
633,0.99875,1,0.996161228,0.998076923,0.92,0.96460177,0.795620438,0.872
634,0.994375,1,0.982725528,0.991287512,0.8775,0.94,0.686131387,0.793248945
635,0.995625,1,0.986564299,0.993236715,0.8975,0.961538462,0.729927007,0.829875519
636,0.995625,1,0.986564299,0.993236715,0.8925,0.979591837,0.700729927,0.817021277
637,0.994375,1,0.982725528,0.991287512,0.8825,0.978723404,0.671532847,0.796536797
638,0.995,1,0.984644914,0.992263056,0.9,0.92920354,0.766423358,0.84
639,0.995625,1,0.986564299,0.993236715,0.8925,0.927272727,0.744525547,0.825910931
640,0.995625,1,0.986564299,0.993236715,0.9025,0.962264151,0.744525547,0.839506173
641,0.994375,1,0.982725528,0.991287512,0.8825,0.941176471,0.700729927,0.80334728
642,0.99875,1,0.996161228,0.998076923,0.905,0.915966387,0.795620438,0.8515625
643,0.9975,1,0.992322457,0.996146435,0.905,0.962616822,0.751824818,0.844262295
644,0.995,0.998058252,0.986564299,0.992277992,0.895,0.952380952,0.729927007,0.826446281
645,0.9925,1,0.97696737,0.988349515,0.9,0.961904762,0.737226277,0.834710744
646,0.996875,1,0.990403071,0.995178399,0.8925,0.960784314,0.715328467,0.820083682
647,0.99375,0.998050682,0.982725528,0.99032882,0.885,0.933333333,0.715328467,0.809917355
648,0.99625,1,0.988483685,0.994208494,0.89,0.911504425,0.751824818,0.824
649,0.995,0.998058252,0.986564299,0.992277992,0.9,0.936936937,0.759124088,0.838709677
650,0.99375,1,0.980806142,0.990310078,0.87,0.920792079,0.678832117,0.781512605
651,0.999375,1,0.998080614,0.999039385,0.9075,0.962962963,0.759124088,0.848979592
652,0.99625,1,0.988483685,0.994208494,0.88,0.940594059,0.693430657,0.798319328
653,0.995,1,0.984644914,0.992263056,0.895,0.961165049,0.722627737,0.825
654,0.99625,1,0.988483685,0.994208494,0.9,0.961904762,0.737226277,0.834710744
655,0.9975,1,0.992322457,0.996146435,0.915,0.963963964,0.781021898,0.862903226
656,0.99375,0.998050682,0.982725528,0.99032882,0.89,0.904347826,0.759124088,0.825396825
657,0.99375,0.998050682,0.982725528,0.99032882,0.89,0.918918919,0.744525547,0.822580645
658,0.9975,1,0.992322457,0.996146435,0.895,0.943925234,0.737226277,0.827868852
659,0.9925,0.996101365,0.980806142,0.988394584,0.86,0.871559633,0.693430657,0.772357724
660,0.995625,1,0.986564299,0.993236715,0.8875,0.96,0.700729927,0.810126582
661,0.990625,0.998031496,0.973128599,0.985422741,0.8825,0.96875,0.678832117,0.798283262
662,0.995625,1,0.986564299,0.993236715,0.8825,0.959183673,0.686131387,0.8
663,0.996875,1,0.990403071,0.995178399,0.8875,0.925925926,0.729927007,0.816326531
664,0.99375,1,0.980806142,0.990310078,0.9,0.944954128,0.751824818,0.837398374
665,0.996875,0.998069498,0.992322457,0.99518768,0.9125,0.972222222,0.766423358,0.857142857
666,0.99625,1,0.988483685,0.994208494,0.9,0.944954128,0.751824818,0.837398374
667,0.995625,1,0.986564299,0.993236715,0.8975,0.961538462,0.729927007,0.829875519
668,0.996875,1,0.990403071,0.995178399,0.8875,0.96,0.700729927,0.810126582
669,0.99625,1,0.988483685,0.994208494,0.905,0.962616822,0.751824818,0.844262295
670,0.9975,1,0.992322457,0.996146435,0.9,0.961904762,0.737226277,0.834710744
671,0.993125,0.998046875,0.980806142,0.989351404,0.8925,0.919642857,0.751824818,0.827309237
672,0.998125,1,0.994241843,0.997112608,0.9025,0.945454545,0.759124088,0.842105263
673,0.993125,1,0.978886756,0.989330747,0.8875,0.96,0.700729927,0.810126582
674,0.99375,1,0.980806142,0.990310078,0.87,0.93814433,0.664233577,0.777777778
675,0.996875,1,0.990403071,0.995178399,0.9025,0.945454545,0.759124088,0.842105263
676,0.995625,1,0.986564299,0.993236715,0.8825,0.924528302,0.715328467,0.806584362
677,0.995625,0.996138996,0.990403071,0.993262753,0.8875,0.910714286,0.744525547,0.819277108
678,0.996875,1,0.990403071,0.995178399,0.8925,0.927272727,0.744525547,0.825910931
679,0.996875,1,0.990403071,0.995178399,0.8925,0.979591837,0.700729927,0.817021277
680,0.995625,0.998062016,0.988483685,0.993249759,0.8925,0.951923077,0.722627737,0.821576763
681,0.998125,1,0.994241843,0.997112608,0.9175,0.981481481,0.773722628,0.865306122
682,0.99375,0.998050682,0.982725528,0.99032882,0.89,0.951456311,0.715328467,0.816666667
683,0.996875,0.998069498,0.992322457,0.99518768,0.9075,0.954545455,0.766423358,0.850202429
684,0.994375,1,0.982725528,0.991287512,0.9075,0.980769231,0.744525547,0.846473029
685,0.996875,1,0.990403071,0.995178399,0.9075,0.931034483,0.788321168,0.853754941
686,0.995,1,0.984644914,0.992263056,0.9,0.961904762,0.737226277,0.834710744
687,0.994375,1,0.982725528,0.991287512,0.8925,1,0.686131387,0.813852814
688,0.994375,0.998054475,0.984644914,0.991304348,0.8775,0.91509434,0.708029197,0.798353909
689,0.995,1,0.984644914,0.992263056,0.88,0.940594059,0.693430657,0.798319328
690,0.995625,0.998062016,0.988483685,0.993249759,0.8875,0.969387755,0.693430657,0.808510638
691,0.995625,1,0.986564299,0.993236715,0.8825,0.941176471,0.700729927,0.80334728
692,0.995625,0.998062016,0.988483685,0.993249759,0.8875,0.933962264,0.722627737,0.814814815
693,0.996875,1,0.990403071,0.995178399,0.9075,0.962962963,0.759124088,0.848979592
694,0.99375,1,0.980806142,0.990310078,0.885,0.95959596,0.693430657,0.805084746
695,0.995625,0.998062016,0.988483685,0.993249759,0.8775,0.9,0.722627737,0.801619433
696,0.995625,1,0.986564299,0.993236715,0.9025,0.980392157,0.729927007,0.836820084
697,0.996875,1,0.990403071,0.995178399,0.9025,0.962264151,0.744525547,0.839506173
698,0.9925,1,0.97696737,0.988349515,0.89,0.979381443,0.693430657,0.811965812
699,0.995625,1,0.986564299,0.993236715,0.8975,0.98,0.715328467,0.827004219
700,0.995625,1,0.986564299,0.993236715,0.8975,0.961538462,0.729927007,0.829875519
701,0.995,1,0.984644914,0.992263056,0.885,0.95959596,0.693430657,0.805084746
702,0.994375,0.998054475,0.984644914,0.991304348,0.8825,0.932692308,0.708029197,0.804979253
703,0.9975,1,0.992322457,0.996146435,0.91,0.980952381,0.751824818,0.851239669
704,0.99625,1,0.988483685,0.994208494,0.905,0.980582524,0.737226277,0.841666667
705,0.995625,1,0.986564299,0.993236715,0.8925,0.979591837,0.700729927,0.817021277
706,0.99625,1,0.988483685,0.994208494,0.89,0.96039604,0.708029197,0.81512605
707,0.9975,1,0.992322457,0.996146435,0.895,0.943925234,0.737226277,0.827868852
708,0.995625,1,0.986564299,0.993236715,0.8875,0.942307692,0.715328467,0.813278008
709,0.995625,1,0.986564299,0.993236715,0.9175,0.981481481,0.773722628,0.865306122
710,0.995625,1,0.986564299,0.993236715,0.9025,0.962264151,0.744525547,0.839506173
711,0.996875,0.998069498,0.992322457,0.99518768,0.8975,0.952830189,0.737226277,0.83127572
712,0.9925,0.998043053,0.978886756,0.988372093,0.89,0.96969697,0.700729927,0.813559322
713,0.99625,1,0.988483685,0.994208494,0.88,0.940594059,0.693430657,0.798319328
714,0.995625,0.998062016,0.988483685,0.993249759,0.8875,0.918181818,0.737226277,0.817813765
715,0.994375,1,0.982725528,0.991287512,0.8775,0.923076923,0.700729927,0.796680498
716,0.99625,1,0.988483685,0.994208494,0.885,0.941747573,0.708029197,0.808333333
717,0.995625,1,0.986564299,0.993236715,0.8875,0.942307692,0.715328467,0.813278008
718,0.994375,1,0.982725528,0.991287512,0.8825,0.941176471,0.700729927,0.80334728
719,0.994375,1,0.982725528,0.991287512,0.9025,0.980392157,0.729927007,0.836820084
720,0.995,0.996131528,0.988483685,0.992292871,0.895,0.943925234,0.737226277,0.827868852
721,0.9975,1,0.992322457,0.996146435,0.9,0.961904762,0.737226277,0.834710744
722,0.99625,1,0.988483685,0.994208494,0.905,0.930434783,0.781021898,0.849206349
723,0.993125,0.996108949,0.982725528,0.989371981,0.8775,0.94,0.686131387,0.793248945
724,0.99625,1,0.988483685,0.994208494,0.895,0.961165049,0.722627737,0.825
725,0.995625,0.998062016,0.988483685,0.993249759,0.8825,0.932692308,0.708029197,0.804979253
726,0.994375,1,0.982725528,0.991287512,0.8925,1,0.686131387,0.813852814
727,0.9975,1,0.992322457,0.996146435,0.9,0.961904762,0.737226277,0.834710744
728,0.994375,1,0.982725528,0.991287512,0.8975,0.944444444,0.744525547,0.832653061
729,0.99375,1,0.980806142,0.990310078,0.885,0.941747573,0.708029197,0.808333333
730,0.995625,0.998062016,0.988483685,0.993249759,0.8825,0.916666667,0.722627737,0.808163265
731,0.994375,1,0.982725528,0.991287512,0.8775,0.923076923,0.700729927,0.796680498
732,0.995,1,0.984644914,0.992263056,0.895,0.97979798,0.708029197,0.822033898
733,0.9975,1,0.992322457,0.996146435,0.9,0.944954128,0.751824818,0.837398374
734,0.995625,1,0.986564299,0.993236715,0.8975,0.944444444,0.744525547,0.832653061
735,0.99625,1,0.988483685,0.994208494,0.885,0.941747573,0.708029197,0.808333333
736,0.994375,1,0.982725528,0.991287512,0.9075,0.946428571,0.773722628,0.851405622
737,0.991875,0.998039216,0.97696737,0.987390883,0.8775,0.948979592,0.678832117,0.791489362
738,0.995625,1,0.986564299,0.993236715,0.8975,0.944444444,0.744525547,0.832653061
739,0.993125,0.998046875,0.980806142,0.989351404,0.8925,0.951923077,0.722627737,0.821576763
740,0.99375,1,0.980806142,0.990310078,0.895,0.97979798,0.708029197,0.822033898
741,0.99375,1,0.980806142,0.990310078,0.88,0.923809524,0.708029197,0.801652893
742,0.995,1,0.984644914,0.992263056,0.89,0.942857143,0.722627737,0.818181818
743,0.9925,0.998043053,0.978886756,0.988372093,0.885,0.933333333,0.715328467,0.809917355
744,0.994375,1,0.982725528,0.991287512,0.9025,0.980392157,0.729927007,0.836820084
745,0.995,1,0.984644914,0.992263056,0.885,0.978947368,0.678832117,0.801724138
746,0.99625,1,0.988483685,0.994208494,0.88,0.940594059,0.693430657,0.798319328
747,0.99625,1,0.988483685,0.994208494,0.89,0.96039604,0.708029197,0.81512605
748,0.994375,0.998054475,0.984644914,0.991304348,0.8925,0.951923077,0.722627737,0.821576763
749,0.99625,1,0.988483685,0.994208494,0.89,0.942857143,0.722627737,0.818181818
750,0.994375,1,0.982725528,0.991287512,0.8875,0.925925926,0.729927007,0.816326531
751,0.996875,1,0.990403071,0.995178399,0.8975,0.944444444,0.744525547,0.832653061
752,0.99625,1,0.988483685,0.994208494,0.88,0.908256881,0.722627737,0.804878049
753,0.994375,1,0.982725528,0.991287512,0.8825,0.978723404,0.671532847,0.796536797
754,0.995625,0.998062016,0.988483685,0.993249759,0.8975,0.970588235,0.722627737,0.828451883
755,0.996875,1,0.990403071,0.995178399,0.8975,0.913793103,0.773722628,0.837944664
756,0.990625,0.994140625,0.97696737,0.985479187,0.8825,0.95,0.693430657,0.801687764
757,0.995625,1,0.986564299,0.993236715,0.9025,0.962264151,0.744525547,0.839506173
758,0.996875,1,0.990403071,0.995178399,0.9025,0.945454545,0.759124088,0.842105263
759,0.995,1,0.984644914,0.992263056,0.885,0.978947368,0.678832117,0.801724138
760,0.995625,1,0.986564299,0.993236715,0.8975,0.961538462,0.729927007,0.829875519
761,0.996875,1,0.990403071,0.995178399,0.9125,0.963636364,0.773722628,0.858299595
762,0.99375,0.998050682,0.982725528,0.99032882,0.885,0.969072165,0.686131387,0.803418803
763,0.995625,0.998062016,0.988483685,0.993249759,0.8875,0.933962264,0.722627737,0.814814815
764,0.995,1,0.984644914,0.992263056,0.905,0.962616822,0.751824818,0.844262295
765,0.995625,1,0.986564299,0.993236715,0.8875,0.942307692,0.715328467,0.813278008
766,0.99625,0.998065764,0.990403071,0.994219653,0.91,0.954954955,0.773722628,0.85483871
767,0.995,1,0.984644914,0.992263056,0.9,0.98019802,0.722627737,0.831932773
768,0.9925,1,0.97696737,0.988349515,0.895,0.961165049,0.722627737,0.825
769,0.995,0.996131528,0.988483685,0.992292871,0.905,0.962616822,0.751824818,0.844262295
770,0.995,1,0.984644914,0.992263056,0.88,0.89380531,0.737226277,0.808
771,0.995625,1,0.986564299,0.993236715,0.8875,0.96,0.700729927,0.810126582
772,0.996875,0.998069498,0.992322457,0.99518768,0.9025,0.9375,0.766423358,0.843373494
773,0.996875,1,0.990403071,0.995178399,0.9025,0.962264151,0.744525547,0.839506173
774,0.991875,0.998039216,0.97696737,0.987390883,0.8675,0.928571429,0.664233577,0.774468085
775,0.99125,0.998035363,0.975047985,0.986407767,0.895,0.952380952,0.729927007,0.826446281
776,0.99625,1,0.988483685,0.994208494,0.91,0.946902655,0.781021898,0.856
777,0.995625,0.998062016,0.988483685,0.993249759,0.8875,0.950980392,0.708029197,0.811715481
778,0.996875,1,0.990403071,0.995178399,0.9025,0.962264151,0.744525547,0.839506173
779,0.995625,1,0.986564299,0.993236715,0.8825,0.941176471,0.700729927,0.80334728
780,0.995625,1,0.986564299,0.993236715,0.9125,0.963636364,0.773722628,0.858299595
781,0.99625,1,0.988483685,0.994208494,0.895,0.97979798,0.708029197,0.822033898
782,0.996875,0.998069498,0.992322457,0.99518768,0.8875,0.950980392,0.708029197,0.811715481
783,0.995,1,0.984644914,0.992263056,0.9,0.961904762,0.737226277,0.834710744
784,0.9975,1,0.992322457,0.996146435,0.905,0.915966387,0.795620438,0.8515625
785,0.995,0.998058252,0.986564299,0.992277992,0.885,0.933333333,0.715328467,0.809917355
786,0.9925,0.998043053,0.978886756,0.988372093,0.885,0.933333333,0.715328467,0.809917355
787,0.9975,1,0.992322457,0.996146435,0.91,1,0.737226277,0.848739496
788,0.995625,0.998062016,0.988483685,0.993249759,0.8775,0.931372549,0.693430657,0.794979079
789,0.99625,1,0.988483685,0.994208494,0.89,0.926605505,0.737226277,0.821138211
790,0.995625,1,0.986564299,0.993236715,0.9025,0.980392157,0.729927007,0.836820084
791,0.9975,0.998073218,0.994241843,0.996153846,0.895,0.952380952,0.729927007,0.826446281
792,0.995,1,0.984644914,0.992263056,0.88,0.940594059,0.693430657,0.798319328
793,0.994375,1,0.982725528,0.991287512,0.8725,0.957446809,0.656934307,0.779220779
794,0.998125,0.998076923,0.996161228,0.997118156,0.9125,0.972222222,0.766423358,0.857142857
795,0.9975,1,0.992322457,0.996146435,0.895,0.927927928,0.751824818,0.830645161
796,0.995625,0.998062016,0.988483685,0.993249759,0.8825,0.932692308,0.708029197,0.804979253
797,0.99625,0.996146435,0.992322457,0.994230769,0.9,0.944954128,0.751824818,0.837398374
798,0.99375,1,0.980806142,0.990310078,0.89,0.942857143,0.722627737,0.818181818
799,0.995,1,0.984644914,0.992263056,0.885,0.90990991,0.737226277,0.814516129
800,0.995625,0.996138996,0.990403071,0.993262753,0.8875,0.942307692,0.715328467,0.813278008
801,0.995,0.998058252,0.986564299,0.992277992,0.895,0.935779817,0.744525547,0.829268293
802,0.995625,0.998062016,0.988483685,0.993249759,0.8975,0.952830189,0.737226277,0.83127572
803,0.995625,1,0.986564299,0.993236715,0.8925,0.960784314,0.715328467,0.820083682
804,0.99875,0.998080614,0.998080614,0.998080614,0.915,0.972477064,0.773722628,0.861788618
805,0.994375,1,0.982725528,0.991287512,0.8725,0.921568627,0.686131387,0.786610879
806,0.995,1,0.984644914,0.992263056,0.9,0.98019802,0.722627737,0.831932773
807,0.995,1,0.984644914,0.992263056,0.89,0.96039604,0.708029197,0.81512605
808,0.994375,1,0.982725528,0.991287512,0.8925,1,0.686131387,0.813852814
809,0.995,1,0.984644914,0.992263056,0.875,0.922330097,0.693430657,0.791666667
810,0.995,1,0.984644914,0.992263056,0.875,0.922330097,0.693430657,0.791666667
811,0.995625,0.998062016,0.988483685,0.993249759,0.8875,0.950980392,0.708029197,0.811715481
812,0.995625,0.998062016,0.988483685,0.993249759,0.8825,0.95,0.693430657,0.801687764
813,0.993125,1,0.978886756,0.989330747,0.8775,0.923076923,0.700729927,0.796680498
814,0.995,1,0.984644914,0.992263056,0.895,0.927927928,0.751824818,0.830645161
815,0.9925,1,0.97696737,0.988349515,0.86,0.885714286,0.678832117,0.768595041
816,0.9975,1,0.992322457,0.996146435,0.895,0.961165049,0.722627737,0.825
817,0.994375,1,0.982725528,0.991287512,0.9125,0.981132075,0.759124088,0.855967078
818,0.995625,1,0.986564299,0.993236715,0.8925,0.960784314,0.715328467,0.820083682
819,0.995,0.996131528,0.988483685,0.992292871,0.885,0.925233645,0.722627737,0.81147541
820,0.994375,0.998054475,0.984644914,0.991304348,0.8925,0.951923077,0.722627737,0.821576763
821,0.995,1,0.984644914,0.992263056,0.89,0.96039604,0.708029197,0.81512605
822,0.9975,1,0.992322457,0.996146435,0.895,0.943925234,0.737226277,0.827868852
823,0.99625,0.998065764,0.990403071,0.994219653,0.895,0.920353982,0.759124088,0.832
824,0.995625,0.998062016,0.988483685,0.993249759,0.9025,0.953703704,0.751824818,0.840816327
825,0.994375,1,0.982725528,0.991287512,0.8875,0.942307692,0.715328467,0.813278008
826,0.995625,1,0.986564299,0.993236715,0.9025,0.962264151,0.744525547,0.839506173
827,0.995625,0.998062016,0.988483685,0.993249759,0.8975,0.970588235,0.722627737,0.828451883
828,0.998125,1,0.994241843,0.997112608,0.8975,0.944444444,0.744525547,0.832653061
829,0.993125,1,0.978886756,0.989330747,0.8825,0.941176471,0.700729927,0.80334728
830,0.99375,0.992292871,0.988483685,0.990384615,0.89,0.96039604,0.708029197,0.81512605
831,0.995625,1,0.986564299,0.993236715,0.8825,0.959183673,0.686131387,0.8
832,0.993125,0.998046875,0.980806142,0.989351404,0.8875,0.989361702,0.678832117,0.805194805
833,0.99625,1,0.988483685,0.994208494,0.905,0.980582524,0.737226277,0.841666667
834,0.995625,0.998062016,0.988483685,0.993249759,0.8875,0.933962264,0.722627737,0.814814815
835,0.99375,0.998050682,0.982725528,0.99032882,0.88,0.932038835,0.700729927,0.8
836,0.99375,0.998050682,0.982725528,0.99032882,0.875,0.930693069,0.686131387,0.789915966
837,0.996875,1,0.990403071,0.995178399,0.8875,0.96,0.700729927,0.810126582
838,0.998125,1,0.994241843,0.997112608,0.9025,0.980392157,0.729927007,0.836820084
839,0.994375,0.998054475,0.984644914,0.991304348,0.8825,0.932692308,0.708029197,0.804979253
840,0.99375,1,0.980806142,0.990310078,0.88,0.958762887,0.678832117,0.794871795
841,0.99375,0.998050682,0.982725528,0.99032882,0.885,0.95049505,0.700729927,0.806722689
842,0.99625,1,0.988483685,0.994208494,0.89,0.926605505,0.737226277,0.821138211
843,0.996875,1,0.990403071,0.995178399,0.8825,0.941176471,0.700729927,0.80334728
844,0.995,1,0.984644914,0.992263056,0.875,0.922330097,0.693430657,0.791666667
845,0.99375,1,0.980806142,0.990310078,0.895,0.943925234,0.737226277,0.827868852
846,0.994375,1,0.982725528,0.991287512,0.8775,0.923076923,0.700729927,0.796680498
847,0.995625,1,0.986564299,0.993236715,0.8775,0.94,0.686131387,0.793248945
848,0.99625,0.998065764,0.990403071,0.994219653,0.885,0.933333333,0.715328467,0.809917355
849,0.99625,0.998065764,0.990403071,0.994219653,0.885,0.933333333,0.715328467,0.809917355
850,0.995625,0.998062016,0.988483685,0.993249759,0.8975,0.952830189,0.737226277,0.83127572
851,0.995625,1,0.986564299,0.993236715,0.8975,0.98,0.715328467,0.827004219
852,0.9975,1,0.992322457,0.996146435,0.895,0.961165049,0.722627737,0.825
853,0.99625,0.998065764,0.990403071,0.994219653,0.885,0.917431193,0.729927007,0.81300813
854,0.993125,1,0.978886756,0.989330747,0.8675,0.9375,0.656934307,0.772532189
855,0.994375,0.998054475,0.984644914,0.991304348,0.8825,0.932692308,0.708029197,0.804979253
856,0.996875,1,0.990403071,0.995178399,0.9025,0.962264151,0.744525547,0.839506173
857,0.994375,1,0.982725528,0.991287512,0.8975,0.98,0.715328467,0.827004219
858,0.99375,0.998050682,0.982725528,0.99032882,0.905,0.95412844,0.759124088,0.845528455
859,0.996875,1,0.990403071,0.995178399,0.8925,0.927272727,0.744525547,0.825910931
860,0.994375,1,0.982725528,0.991287512,0.8775,0.94,0.686131387,0.793248945
861,0.99375,1,0.980806142,0.990310078,0.885,0.95959596,0.693430657,0.805084746
862,0.998125,1,0.994241843,0.997112608,0.8975,0.944444444,0.744525547,0.832653061
863,0.993125,0.996108949,0.982725528,0.989371981,0.8975,0.944444444,0.744525547,0.832653061
864,0.99625,0.998065764,0.990403071,0.994219653,0.915,0.972477064,0.773722628,0.861788618
865,0.995625,0.996138996,0.990403071,0.993262753,0.9025,0.945454545,0.759124088,0.842105263
866,0.996875,1,0.990403071,0.995178399,0.8875,0.96,0.700729927,0.810126582
867,0.996875,1,0.990403071,0.995178399,0.8975,0.928571429,0.759124088,0.835341365
868,0.995,0.996131528,0.988483685,0.992292871,0.88,0.88034188,0.751824818,0.811023622
869,0.994375,0.996124031,0.986564299,0.991321119,0.8975,0.944444444,0.744525547,0.832653061
870,0.9975,1,0.992322457,0.996146435,0.905,0.930434783,0.781021898,0.849206349
871,0.993125,0.992277992,0.986564299,0.989412897,0.8925,0.943396226,0.729927007,0.823045267
872,0.9975,1,0.992322457,0.996146435,0.905,0.945945946,0.766423358,0.846774194
873,0.9975,1,0.992322457,0.996146435,0.9,0.944954128,0.751824818,0.837398374
874,0.995,1,0.984644914,0.992263056,0.89,0.942857143,0.722627737,0.818181818
875,0.995625,1,0.986564299,0.993236715,0.8825,0.941176471,0.700729927,0.80334728
876,0.996875,1,0.990403071,0.995178399,0.8925,0.943396226,0.729927007,0.823045267
877,0.994375,1,0.982725528,0.991287512,0.8875,0.96,0.700729927,0.810126582
878,0.995625,0.998062016,0.988483685,0.993249759,0.8875,0.933962264,0.722627737,0.814814815
879,0.995625,0.998062016,0.988483685,0.993249759,0.8925,0.935185185,0.737226277,0.824489796
880,0.99375,1,0.980806142,0.990310078,0.9,0.961904762,0.737226277,0.834710744
881,0.996875,1,0.990403071,0.995178399,0.8875,0.942307692,0.715328467,0.813278008
882,0.995,0.998058252,0.986564299,0.992277992,0.885,0.95049505,0.700729927,0.806722689
883,0.99625,1,0.988483685,0.994208494,0.905,0.962616822,0.751824818,0.844262295
884,0.99375,0.998050682,0.982725528,0.99032882,0.895,0.952380952,0.729927007,0.826446281
885,0.995,1,0.984644914,0.992263056,0.885,0.941747573,0.708029197,0.808333333
886,0.993125,0.998046875,0.980806142,0.989351404,0.8975,0.936363636,0.751824818,0.834008097
887,0.995625,0.998062016,0.988483685,0.993249759,0.8875,0.933962264,0.722627737,0.814814815
888,0.993125,0.998046875,0.980806142,0.989351404,0.8825,0.95,0.693430657,0.801687764
889,0.991875,0.998039216,0.97696737,0.987390883,0.8775,0.931372549,0.693430657,0.794979079
890,0.99625,0.996146435,0.992322457,0.994230769,0.905,0.962616822,0.751824818,0.844262295
891,0.9975,1,0.992322457,0.996146435,0.905,0.962616822,0.751824818,0.844262295
892,0.99625,1,0.988483685,0.994208494,0.895,0.961165049,0.722627737,0.825
893,0.991875,1,0.975047985,0.987366375,0.8775,0.958333333,0.671532847,0.789699571
894,0.9975,0.998073218,0.994241843,0.996153846,0.875,0.884955752,0.729927007,0.8
895,0.991875,0.99609375,0.978886756,0.987415295,0.8825,0.959183673,0.686131387,0.8
896,0.995625,1,0.986564299,0.993236715,0.8825,0.924528302,0.715328467,0.806584362
897,0.994375,0.996124031,0.986564299,0.991321119,0.8925,0.943396226,0.729927007,0.823045267
898,0.995,1,0.984644914,0.992263056,0.88,0.940594059,0.693430657,0.798319328
899,0.99375,0.998050682,0.982725528,0.99032882,0.9,0.953271028,0.744525547,0.836065574
900,0.995625,1,0.986564299,0.993236715,0.9075,0.980769231,0.744525547,0.846473029
901,0.994375,1,0.982725528,0.991287512,0.8775,0.923076923,0.700729927,0.796680498
902,0.994375,0.998054475,0.984644914,0.991304348,0.8875,0.918181818,0.737226277,0.817813765
903,0.995,0.994219653,0.990403071,0.992307692,0.9,0.953271028,0.744525547,0.836065574
904,0.99625,1,0.988483685,0.994208494,0.9,0.944954128,0.751824818,0.837398374
905,0.996875,1,0.990403071,0.995178399,0.9125,0.981132075,0.759124088,0.855967078
906,0.998125,1,0.994241843,0.997112608,0.8975,0.944444444,0.744525547,0.832653061
907,0.995,1,0.984644914,0.992263056,0.88,0.940594059,0.693430657,0.798319328
908,0.994375,0.996124031,0.986564299,0.991321119,0.8825,0.924528302,0.715328467,0.806584362
909,0.999375,1,0.998080614,0.999039385,0.9125,0.947368421,0.788321168,0.860557769
910,0.994375,1,0.982725528,0.991287512,0.8975,0.928571429,0.759124088,0.835341365
911,0.991875,0.998039216,0.97696737,0.987390883,0.8725,0.93,0.678832117,0.784810127
912,0.996875,1,0.990403071,0.995178399,0.8975,0.98,0.715328467,0.827004219
913,0.995625,1,0.986564299,0.993236715,0.8875,0.942307692,0.715328467,0.813278008
914,0.995,1,0.984644914,0.992263056,0.88,0.958762887,0.678832117,0.794871795
915,0.993125,1,0.978886756,0.989330747,0.8725,0.93877551,0.671532847,0.782978723
916,0.994375,1,0.982725528,0.991287512,0.8875,0.925925926,0.729927007,0.816326531
917,0.995625,0.998062016,0.988483685,0.993249759,0.8825,0.932692308,0.708029197,0.804979253
918,0.995,1,0.984644914,0.992263056,0.895,0.97979798,0.708029197,0.822033898
919,0.993125,1,0.978886756,0.989330747,0.8875,0.979166667,0.686131387,0.806866953
920,0.995,1,0.984644914,0.992263056,0.89,0.942857143,0.722627737,0.818181818
921,0.995,1,0.984644914,0.992263056,0.905,0.980582524,0.737226277,0.841666667
922,0.994375,1,0.982725528,0.991287512,0.8975,0.98,0.715328467,0.827004219
923,0.994375,1,0.982725528,0.991287512,0.8975,0.944444444,0.744525547,0.832653061
924,0.998125,1,0.994241843,0.997112608,0.8975,0.98,0.715328467,0.827004219
925,0.99125,1,0.973128599,0.986381323,0.89,0.979381443,0.693430657,0.811965812
926,0.99375,1,0.980806142,0.990310078,0.89,0.979381443,0.693430657,0.811965812
927,0.99625,0.996146435,0.992322457,0.994230769,0.905,0.930434783,0.781021898,0.849206349
928,0.99625,1,0.988483685,0.994208494,0.895,0.961165049,0.722627737,0.825
929,0.99875,1,0.996161228,0.998076923,0.895,0.913043478,0.766423358,0.833333333
930,0.998125,0.998076923,0.996161228,0.997118156,0.9125,0.955357143,0.781021898,0.859437751
931,0.995625,0.998062016,0.988483685,0.993249759,0.8975,0.952830189,0.737226277,0.83127572
932,0.995625,1,0.986564299,0.993236715,0.8925,0.960784314,0.715328467,0.820083682
933,0.994375,1,0.982725528,0.991287512,0.8725,0.921568627,0.686131387,0.786610879
934,0.995,0.998058252,0.986564299,0.992277992,0.89,0.951456311,0.715328467,0.816666667
935,0.995,0.998058252,0.986564299,0.992277992,0.88,0.932038835,0.700729927,0.8
936,0.993125,0.998046875,0.980806142,0.989351404,0.8775,0.948979592,0.678832117,0.791489362
937,0.994375,1,0.982725528,0.991287512,0.9025,0.962264151,0.744525547,0.839506173
938,0.995,1,0.984644914,0.992263056,0.875,0.922330097,0.693430657,0.791666667
939,0.9925,1,0.97696737,0.988349515,0.875,0.939393939,0.678832117,0.788135593
940,0.996875,0.998069498,0.992322457,0.99518768,0.8925,0.951923077,0.722627737,0.821576763
941,0.99375,1,0.980806142,0.990310078,0.895,0.97979798,0.708029197,0.822033898
942,0.99375,1,0.980806142,0.990310078,0.895,0.943925234,0.737226277,0.827868852
943,0.99625,1,0.988483685,0.994208494,0.9,0.961904762,0.737226277,0.834710744
944,0.995,1,0.984644914,0.992263056,0.89,0.96039604,0.708029197,0.81512605
945,0.993125,1,0.978886756,0.989330747,0.8925,0.960784314,0.715328467,0.820083682
946,0.99625,0.998065764,0.990403071,0.994219653,0.91,0.954954955,0.773722628,0.85483871
947,0.99625,1,0.988483685,0.994208494,0.91,0.980952381,0.751824818,0.851239669
948,0.994375,0.998054475,0.984644914,0.991304348,0.8825,0.95,0.693430657,0.801687764
949,0.996875,1,0.990403071,0.995178399,0.9125,0.963636364,0.773722628,0.858299595
950,0.996875,0.998069498,0.992322457,0.99518768,0.9175,0.972727273,0.781021898,0.866396761
951,0.994375,1,0.982725528,0.991287512,0.8775,0.94,0.686131387,0.793248945
952,0.995,1,0.984644914,0.992263056,0.9,0.98019802,0.722627737,0.831932773
953,0.99875,1,0.996161228,0.998076923,0.895,0.927927928,0.751824818,0.830645161
954,0.996875,0.998069498,0.992322457,0.99518768,0.9075,0.954545455,0.766423358,0.850202429
955,0.991875,0.998039216,0.97696737,0.987390883,0.8775,0.91509434,0.708029197,0.798353909
956,0.998125,1,0.994241843,0.997112608,0.9025,0.980392157,0.729927007,0.836820084
957,0.995,1,0.984644914,0.992263056,0.905,0.980582524,0.737226277,0.841666667
958,0.995625,0.998062016,0.988483685,0.993249759,0.9225,0.990740741,0.781021898,0.873469388
959,0.995625,0.998062016,0.988483685,0.993249759,0.8925,0.935185185,0.737226277,0.824489796
960,0.995625,0.998062016,0.988483685,0.993249759,0.8925,0.935185185,0.737226277,0.824489796
961,0.996875,1,0.990403071,0.995178399,0.8775,0.892857143,0.729927007,0.803212851
962,0.995625,1,0.986564299,0.993236715,0.8925,0.943396226,0.729927007,0.823045267
963,0.99625,0.998065764,0.990403071,0.994219653,0.91,0.971962617,0.759124088,0.852459016
964,0.995625,0.998062016,0.988483685,0.993249759,0.8775,0.91509434,0.708029197,0.798353909
965,0.994375,1,0.982725528,0.991287512,0.9125,1,0.744525547,0.853556485
966,0.99625,1,0.988483685,0.994208494,0.9,0.98019802,0.722627737,0.831932773
967,0.9975,1,0.992322457,0.996146435,0.895,0.927927928,0.751824818,0.830645161
968,0.995625,0.996138996,0.990403071,0.993262753,0.8875,0.942307692,0.715328467,0.813278008
969,0.99625,0.998065764,0.990403071,0.994219653,0.9,0.953271028,0.744525547,0.836065574
970,0.995625,1,0.986564299,0.993236715,0.8975,0.98,0.715328467,0.827004219
971,0.9925,1,0.97696737,0.988349515,0.89,0.96039604,0.708029197,0.81512605
972,0.998125,1,0.994241843,0.997112608,0.9075,0.962962963,0.759124088,0.848979592
973,0.995625,0.996138996,0.990403071,0.993262753,0.8825,0.941176471,0.700729927,0.80334728
974,0.99625,1,0.988483685,0.994208494,0.905,0.980582524,0.737226277,0.841666667
975,0.995625,1,0.986564299,0.993236715,0.8775,0.94,0.686131387,0.793248945
976,0.99625,1,0.988483685,0.994208494,0.895,0.97979798,0.708029197,0.822033898
977,0.994375,1,0.982725528,0.991287512,0.8775,0.923076923,0.700729927,0.796680498
978,0.99625,0.998065764,0.990403071,0.994219653,0.895,0.952380952,0.729927007,0.826446281
979,0.995625,1,0.986564299,0.993236715,0.8775,0.958333333,0.671532847,0.789699571
980,0.99375,0.998050682,0.982725528,0.99032882,0.875,0.948453608,0.671532847,0.786324786
981,0.994375,1,0.982725528,0.991287512,0.8725,0.921568627,0.686131387,0.786610879
982,0.995,0.998058252,0.986564299,0.992277992,0.88,0.932038835,0.700729927,0.8
983,0.996875,1,0.990403071,0.995178399,0.9025,0.945454545,0.759124088,0.842105263
984,0.994375,0.998054475,0.984644914,0.991304348,0.8875,0.903508772,0.751824818,0.820717131
985,0.994375,1,0.982725528,0.991287512,0.8925,0.960784314,0.715328467,0.820083682
986,0.994375,1,0.982725528,0.991287512,0.9025,0.980392157,0.729927007,0.836820084
987,0.998125,1,0.994241843,0.997112608,0.9075,0.946428571,0.773722628,0.851405622
988,0.995,1,0.984644914,0.992263056,0.87,0.876106195,0.722627737,0.792
989,0.995,1,0.984644914,0.992263056,0.89,0.96039604,0.708029197,0.81512605
990,0.996875,0.998069498,0.992322457,0.99518768,0.8775,0.9,0.722627737,0.801619433
991,0.994375,0.998054475,0.984644914,0.991304348,0.8875,0.950980392,0.708029197,0.811715481
992,0.995,1,0.984644914,0.992263056,0.885,0.90990991,0.737226277,0.814516129
993,0.995,0.998058252,0.986564299,0.992277992,0.905,0.99009901,0.729927007,0.840336134
994,0.99375,0.998050682,0.982725528,0.99032882,0.89,0.96969697,0.700729927,0.813559322
995,0.9975,0.998073218,0.994241843,0.996153846,0.9,0.936936937,0.759124088,0.838709677
996,0.996875,1,0.990403071,0.995178399,0.8975,0.98,0.715328467,0.827004219
997,0.9975,1,0.992322457,0.996146435,0.89,0.926605505,0.737226277,0.821138211
998,0.99625,1,0.988483685,0.994208494,0.89,0.942857143,0.722627737,0.818181818
999,0.998125,1,0.994241843,0.997112608,0.8975,0.944444444,0.744525547,0.832653061
