,accuracy_score(train),f1_score(train),accuracy_score(test),f1_score(test)
0,0.98622128,0.980990572,0.757665853,0.620386032
1,0.986727905,0.981700446,0.757591894,0.620190971
2,0.985943931,0.980598531,0.757296058,0.618525063
3,0.986380294,0.981212155,0.753864359,0.611885992
4,0.986114039,0.980840761,0.756600843,0.617049501
5,0.986450556,0.981309746,0.757162932,0.618289195
6,0.986261958,0.981051429,0.755402707,0.61679644
7,0.986128831,0.980863124,0.756719178,0.615948628
8,0.986354408,0.981179999,0.75837586,0.621287645
9,0.986165811,0.980916284,0.75682272,0.618366684
10,0.986191697,0.980951895,0.756482509,0.617699649
11,0.985736843,0.980310278,0.755417499,0.616828494
12,0.986132529,0.980870275,0.755876045,0.616489288
13,0.986213884,0.980982697,0.756482509,0.616595636
14,0.98644316,0.981306982,0.757858147,0.620079837
15,0.986402482,0.981240466,0.755950004,0.617857556
16,0.986187999,0.980948446,0.756378966,0.617883161
17,0.985980911,0.980657867,0.755550625,0.617471413
18,0.986232374,0.981005199,0.754884994,0.615691459
19,0.98640618,0.981248533,0.757370017,0.618703364
20,0.986151019,0.980895099,0.757739812,0.619717656
21,0.986413576,0.981263132,0.756778345,0.618836783
22,0.986180603,0.980937855,0.756837512,0.617439669
23,0.986250864,0.981029257,0.754988536,0.614701093
24,0.986236072,0.981014079,0.756216256,0.617317203
25,0.986409878,0.981254686,0.758494194,0.621086588
26,0.985918045,0.980566471,0.75666001,0.617854073
27,0.986236072,0.981013691,0.756305007,0.616316169
28,0.986432066,0.981282427,0.75731085,0.617686124
29,0.986143623,0.980885286,0.754500407,0.614157852
30,0.986247166,0.981028124,0.758287109,0.620796881
31,0.98666504,0.981613673,0.757532727,0.619886838
32,0.986494932,0.981374189,0.757192515,0.619803127
33,0.986191697,0.980951118,0.753169144,0.612497968
34,0.986587382,0.98150424,0.75911545,0.621657412
35,0.986269354,0.981063948,0.757414392,0.619895239
36,0.985943931,0.980601897,0.75640855,0.617539133
37,0.985744239,0.980317875,0.756704386,0.618216424
38,0.986250864,0.981030032,0.755979587,0.616838927
39,0.986372898,0.981198308,0.756674802,0.618081352
40,0.986232374,0.981007331,0.757680645,0.619058692
41,0.986158415,0.980903548,0.755476666,0.614778738
42,0.986154717,0.980899713,0.756615635,0.618077155
43,0.986114039,0.980849556,0.755964796,0.616182766
44,0.986121435,0.98085917,0.757162932,0.61814714
45,0.985936535,0.980594266,0.756955846,0.619379647
46,0.986420972,0.981273332,0.755269581,0.61456028
47,0.986169509,0.980920898,0.755225205,0.61410382
48,0.986339616,0.981152292,0.758420235,0.620344972
49,0.985796011,0.980389554,0.756630427,0.617576645
50,0.98623977,0.981023149,0.757044597,0.617320193
51,0.985784917,0.980371932,0.756896679,0.617212065
52,0.986236072,0.981012142,0.756793137,0.6189218
53,0.986147321,0.980893994,0.757414392,0.619807122
54,0.986450556,0.981316227,0.755787294,0.617043978
55,0.986631758,0.981569381,0.756290215,0.618381433
56,0.986284146,0.981081453,0.756955846,0.618460467
57,0.985866273,0.980494427,0.757355225,0.618156425
58,0.986106643,0.980833295,0.755313956,0.614603234
59,0.986343314,0.981162873,0.756231048,0.617793033
60,0.986347012,0.981167877,0.756941055,0.618941608
61,0.98646165,0.981325335,0.754737076,0.614117154
62,0.986102945,0.980832594,0.75772502,0.620249936
63,0.986084455,0.98080151,0.757503143,0.619293112
64,0.986195395,0.980956122,0.75763627,0.617038682
65,0.986084455,0.980798375,0.757976481,0.619594532
66,0.986195395,0.980954567,0.756023963,0.617024241
67,0.98648014,0.981348081,0.757991273,0.62019175
68,0.986165811,0.980911999,0.75714814,0.618150526
69,0.986191697,0.980952867,0.755639376,0.615938997
70,0.986195395,0.980953401,0.757858147,0.619302326
71,0.986679832,0.981632195,0.75666001,0.617907328
72,0.98660957,0.981529751,0.755358331,0.616700271
73,0.986321126,0.981132268,0.757517935,0.619854834
74,0.986017891,0.980709479,0.756319799,0.617328688
75,0.986217582,0.980985179,0.75362769,0.612037641
76,0.985807105,0.980406971,0.757015014,0.617434034
77,0.986568892,0.981476948,0.756142297,0.615495848
78,0.986672436,0.981623308,0.755535833,0.616480635
79,0.98640618,0.981250638,0.757769396,0.619286744
80,0.986236072,0.981014079,0.757059389,0.619532987
81,0.986539308,0.981438231,0.757784188,0.620799852
82,0.986261958,0.981045435,0.755624584,0.615710265
83,0.986550402,0.981455137,0.75550625,0.615756561
84,0.986088153,0.980813171,0.758997116,0.62159463
85,0.985821897,0.980437179,0.756837512,0.617368433
86,0.986557798,0.981461743,0.759263368,0.621942438
87,0.986003099,0.980688677,0.754870202,0.615516681
88,0.986254562,0.98103465,0.756378966,0.617137012
89,0.986339616,0.981154984,0.757370017,0.619287455
90,0.986402482,0.981244293,0.758035648,0.61933352
91,0.986687228,0.981647447,0.756009171,0.617773143
92,0.986065965,0.980774333,0.755032912,0.616012428
93,0.986598476,0.98152359,0.757251683,0.619737238
94,0.98633222,0.981150551,0.757399601,0.61779031
95,0.986091851,0.980805838,0.757236891,0.619140444
96,0.985718354,0.980290287,0.75608313,0.617454647
97,0.986173207,0.980925318,0.756023963,0.615237473
98,0.985899555,0.980544628,0.757488351,0.618054747
99,0.986043777,0.980738215,0.755402707,0.614311704
100,0.985899555,0.980542245,0.757754604,0.620032018
101,0.986210186,0.980983319,0.757858147,0.619514689
102,0.986139925,0.980868962,0.757946897,0.618981093
103,0.985980911,0.980654314,0.757000222,0.617437474
104,0.986143623,0.980884116,0.756719178,0.618637976
105,0.98631373,0.981119948,0.754515199,0.61311078
106,0.985992005,0.980671103,0.760284003,0.622923356
107,0.985762729,0.980350526,0.757651061,0.62016043
108,0.986417274,0.98126527,0.75788773,0.619896893
109,0.986506026,0.981388445,0.755935212,0.616046912
110,0.986224978,0.981002361,0.756896679,0.617158564
111,0.986413576,0.981261221,0.757207307,0.618314575
112,0.986568892,0.981473925,0.757266474,0.618620433
113,0.986158415,0.980902574,0.757828563,0.620209706
114,0.986506026,0.981389015,0.757991273,0.621246846
115,0.986054871,0.980756375,0.756748761,0.617655948
116,0.986395086,0.98123792,0.758109607,0.619600363
117,0.985899555,0.980538869,0.758065232,0.619999071
118,0.986280448,0.981077028,0.756112714,0.616326151
119,0.98635071,0.981174802,0.759840249,0.622559048
120,0.986361804,0.981185017,0.757976481,0.620265503
121,0.986169509,0.98091973,0.756467717,0.618305745
122,0.986317428,0.981132653,0.755476666,0.616459015
123,0.986187999,0.980947474,0.755876045,0.616132484
124,0.98623977,0.981019083,0.755816877,0.615681892
125,0.986398784,0.981236417,0.757088973,0.61920883
126,0.986243468,0.981026797,0.758568153,0.621422276
127,0.986310032,0.98111764,0.755373123,0.615574152
128,0.98648014,0.98135607,0.756955846,0.619114954
129,0.986121435,0.980852139,0.754811035,0.613396772
130,0.985903253,0.980540894,0.755358331,0.615058769
131,0.986165811,0.980916284,0.75682272,0.618153946
132,0.985914347,0.98055849,0.755521041,0.614606165
133,0.986010495,0.980695138,0.754884994,0.616189925
134,0.98633222,0.981152858,0.756586051,0.618261112
135,0.986106643,0.98083525,0.758124399,0.619100862
136,0.986213884,0.980984249,0.760816508,0.626213592
137,0.986077059,0.980793658,0.758701279,0.622462913
138,0.986095549,0.980822393,0.755565417,0.615581455
139,0.986328522,0.981139968,0.754944161,0.615123708
140,0.986306334,0.981119954,0.757946897,0.61995448
141,0.986273052,0.981064123,0.755580209,0.615828141
142,0.985862575,0.980485838,0.755402707,0.61547763
143,0.986317428,0.981125531,0.756260632,0.616683726
144,0.986321126,0.98112784,0.756275423,0.615875976
145,0.986476442,0.981350115,0.755077287,0.615502508
146,0.986091851,0.98080721,0.75714814,0.618469976
147,0.986358106,0.981182124,0.759647955,0.622563936
148,0.985755333,0.980338312,0.75763627,0.620708813
149,0.986546704,0.981452781,0.758227942,0.620404561
150,0.9863692,0.981202892,0.755846461,0.615960912
151,0.986032683,0.980725363,0.755787294,0.615133573
152,0.986228676,0.981005039,0.757739812,0.620246707
153,0.985821897,0.980432985,0.756097922,0.615739554
154,0.986139925,0.980881258,0.756157089,0.616476281
155,0.985936535,0.980593473,0.756704386,0.618393578
156,0.985873669,0.980501848,0.757103765,0.61945262
157,0.985710958,0.980268197,0.756674802,0.618683357
158,0.986502328,0.981389515,0.758198358,0.620252282
159,0.98644316,0.981298781,0.758346276,0.621171014
160,0.986372898,0.981205404,0.755890836,0.61589666
161,0.9863692,0.981206151,0.756926263,0.618307667
162,0.986143623,0.980879824,0.755950004,0.614680399
163,0.986339616,0.981154407,0.757503143,0.619009993
164,0.985984609,0.980661292,0.756260632,0.615628645
165,0.986243468,0.981020408,0.754174987,0.613268797
166,0.98625826,0.98104159,0.757517935,0.619925344
167,0.986110341,0.980834583,0.756157089,0.617685939
168,0.987105101,0.982229402,0.756452925,0.617990302
169,0.985892159,0.980527269,0.755447082,0.615305861
170,0.986502328,0.98138287,0.757488351,0.618125917
171,0.986402482,0.981247163,0.757710229,0.618341954
172,0.986376596,0.981212325,0.757251683,0.618020157
173,0.986121435,0.980853311,0.758094815,0.621049217
174,0.986224978,0.980998485,0.755994379,0.616139992
175,0.986232374,0.981005199,0.756305007,0.61805958
176,0.986106643,0.980829579,0.757739812,0.618655118
177,0.986469046,0.981338393,0.756748761,0.617993449
178,0.985514964,0.979999489,0.753879151,0.612875457
179,0.98659108,0.98150868,0.756334591,0.617236332
180,0.986036381,0.980733711,0.757651061,0.619401598
181,0.986543006,0.981444182,0.75747356,0.61931739
182,0.985814501,0.980417781,0.75640855,0.617343619
183,0.986317428,0.981127071,0.754382072,0.613666504
184,0.986173207,0.980921231,0.756260632,0.61671939
185,0.986339616,0.981161519,0.755728127,0.617128814
186,0.986139925,0.980877746,0.754707492,0.614519166
187,0.986298938,0.981093949,0.755713335,0.615974887
188,0.98627675,0.981068355,0.756053546,0.616714697
189,0.986757489,0.981745146,0.754958953,0.615406045
190,0.986432066,0.981290826,0.75640855,0.618531388
191,0.986672436,0.981621059,0.75346498,0.612530513
192,0.98657259,0.981484031,0.756556468,0.618303261
193,0.986465348,0.981332245,0.757281266,0.619112834
194,0.985969817,0.980638708,0.75772502,0.619950345
195,0.98631373,0.981121296,0.755698543,0.615477743
196,0.986261958,0.981042533,0.757976481,0.620388845
197,0.986125133,0.980854408,0.757000222,0.61830855
198,0.986598476,0.981517559,0.757370017,0.619305127
199,0.986017891,0.980707904,0.756881887,0.618317774
200,0.985895857,0.980533069,0.757606686,0.618862658
201,0.986280448,0.981076835,0.755313956,0.61592756
202,0.986077059,0.980788954,0.758183566,0.620836812
203,0.986302636,0.981106475,0.757355225,0.619485038
204,0.986409878,0.981258701,0.756023963,0.615703635
205,0.985973515,0.980655559,0.75657126,0.617270169
206,0.986727905,0.981702499,0.75666001,0.619480489
207,0.986236072,0.981013498,0.754677908,0.613520378
208,0.986254562,0.981036585,0.754603949,0.613322767
209,0.986358106,0.981179628,0.75756231,0.619809789
210,0.986017891,0.980706526,0.754367281,0.613220292
211,0.986217582,0.980986925,0.756852304,0.616149823
212,0.986243468,0.981021376,0.757651061,0.619807862
213,0.986727905,0.981703245,0.757088973,0.619402985
214,0.986395086,0.981239259,0.758508986,0.621434865
215,0.986347012,0.981169222,0.757591894,0.618564379
216,0.986250864,0.981031193,0.75534354,0.615599145
217,0.986391388,0.981234638,0.757207307,0.618917162
218,0.986173207,0.980925124,0.757236891,0.617703238
219,0.98629524,0.981092416,0.756704386,0.6181987
220,0.986054871,0.980762265,0.757355225,0.618405136
221,0.986310032,0.981117447,0.757547519,0.620235861
222,0.986003099,0.980676255,0.756852304,0.618430826
223,0.985958723,0.98061974,0.75575771,0.616588492
224,0.986261958,0.981046789,0.75592042,0.615549498
225,0.986690925,0.981646838,0.757872938,0.621272067
226,0.986383992,0.981219268,0.756748761,0.618613604
227,0.986036381,0.980736856,0.758819614,0.620699281
228,0.986187999,0.980946891,0.755239997,0.615463271
229,0.9863692,0.981202126,0.757325642,0.618731118
230,0.98662806,0.981556666,0.757355225,0.618901589
231,0.986306334,0.981107239,0.757384809,0.618717746
232,0.98642467,0.981274134,0.758035648,0.619899619
233,0.986672436,0.981623308,0.756290215,0.616801563
234,0.98644316,0.981303359,0.756023963,0.617326342
235,0.9865541,0.981458629,0.755654168,0.616363594
236,0.986324824,0.981136118,0.757488351,0.619420135
237,0.985992005,0.980672483,0.757784188,0.619124043
238,0.986040079,0.980741859,0.756068338,0.616746845
239,0.986550402,0.981452867,0.755979587,0.616821127
240,0.986202791,0.980966908,0.756807928,0.618015381
241,0.986561496,0.981472795,0.756186673,0.616451425
242,0.986191697,0.980950923,0.756068338,0.616764658
243,0.986376596,0.981211175,0.757651061,0.619701964
244,0.986361804,0.981192118,0.757961689,0.620039475
245,0.986025287,0.980717125,0.757443976,0.62008248
246,0.986114039,0.980840957,0.754677908,0.614418897
247,0.986065965,0.980769231,0.755595,0.616466656
248,0.986147321,0.98089029,0.757251683,0.618499663
249,0.986380294,0.981214647,0.757828563,0.620227325
250,0.986265656,0.981051987,0.757059389,0.618295064
251,0.986476442,0.981351827,0.755831669,0.615463461
252,0.986491234,0.981368044,0.756216256,0.616480115
253,0.986469046,0.981338964,0.757946897,0.620271964
254,0.985980911,0.98064503,0.757932106,0.620134166
255,0.986391388,0.981231576,0.75879003,0.621866667
256,0.986306334,0.981105311,0.758168774,0.620875171
257,0.98651712,0.981409531,0.755816877,0.616325013
258,0.98638769,0.981227337,0.757177724,0.618161518
259,0.986487536,0.981361137,0.755994379,0.617492928
260,0.986195395,0.980954567,0.75518083,0.614653908
261,0.98662806,0.981559112,0.757088973,0.618536585
262,0.986491234,0.981372034,0.755787294,0.616617128
263,0.986269354,0.981059311,0.757591894,0.619379413
264,0.986232374,0.981016628,0.75501812,0.614783458
265,0.985766427,0.980353925,0.75640855,0.616148431
266,0.98631373,0.981122066,0.756127505,0.617515369
267,0.986232374,0.981005587,0.756171881,0.615488687
268,0.985918045,0.980567264,0.757296058,0.617600447
269,0.986383992,0.981221184,0.75550625,0.616095692
270,0.986269354,0.981064914,0.757991273,0.619166221
271,0.986117737,0.980844202,0.754870202,0.613958256
272,0.985921743,0.980579008,0.7546927,0.615470228
273,0.986298938,0.981097421,0.756645219,0.618318486
274,0.986594778,0.981512176,0.758405443,0.621509513
275,0.986180603,0.980930268,0.755284372,0.61518422
276,0.986543006,0.981443425,0.757784188,0.620395484
277,0.986217582,0.980984403,0.756719178,0.617395957
278,0.986210186,0.980972839,0.756068338,0.615442017
279,0.986250864,0.981035644,0.756881887,0.618919546
280,0.986136227,0.980874498,0.754574366,0.61379824
281,0.986383992,0.981225397,0.756482509,0.61823157
282,0.986047475,0.980749509,0.756541676,0.617757031
283,0.986487536,0.98136798,0.757902522,0.620774346
284,0.986287844,0.9810853,0.75763627,0.6192103
285,0.986210186,0.980978081,0.755713335,0.616634555
286,0.986380294,0.981208896,0.757355225,0.617960781
287,0.986380294,0.981211197,0.756733969,0.618103288
288,0.98623977,0.98101947,0.756452925,0.616531197
289,0.986306334,0.981108974,0.757088973,0.618908382
290,0.986187999,0.980945141,0.757651061,0.618834915
291,0.986173207,0.980923177,0.755905628,0.616891861
292,0.986302636,0.981100691,0.756305007,0.616316169
293,0.986509724,0.981396108,0.75714814,0.619248609
294,0.986003099,0.980687889,0.757355225,0.61934376
295,0.986206488,0.980971524,0.75624584,0.61711471
296,0.986291542,0.981096476,0.756201464,0.617142857
297,0.985988307,0.980658598,0.756512092,0.616785008
298,0.986099247,0.980821526,0.756201464,0.616572838
299,0.986339616,0.981157483,0.758612529,0.621500638
300,0.986328522,0.981144585,0.75763627,0.618465479
301,0.98633222,0.981145551,0.756319799,0.617683917
302,0.986306334,0.981113214,0.760150876,0.623301196
303,0.986291542,0.981092426,0.759307744,0.621686971
304,0.986139925,0.980875014,0.754751867,0.615634273
305,0.986243468,0.9810237,0.757680645,0.620312428
306,0.986702019,0.981667839,0.75657126,0.617198949
307,0.986298938,0.981104748,0.756290215,0.617050948
308,0.986162113,0.980913811,0.759100658,0.622046879
309,0.986162113,0.980909722,0.757621478,0.619337453
310,0.986469046,0.981330013,0.755580209,0.615935292
311,0.986476442,0.981343645,0.755698543,0.617242178
312,0.98660957,0.98153672,0.755698543,0.617295393
313,0.986169509,0.980918562,0.757266474,0.618354342
314,0.986217582,0.980982268,0.755846461,0.616103824
315,0.986054871,0.980756179,0.759559204,0.623002528
316,0.98640618,0.981247577,0.757961689,0.619898255
317,0.986587382,0.981503486,0.754189779,0.614485222
318,0.986432066,0.981284336,0.754899786,0.614220525
319,0.986184301,0.980942665,0.755077287,0.616144288
320,0.986620664,0.981549665,0.758139191,0.620318124
321,0.986051173,0.980755691,0.756393758,0.616616617
322,0.986432066,0.981295404,0.757902522,0.61923927
323,0.986698321,0.981655727,0.755964796,0.615646259
324,0.985821897,0.980435581,0.757961689,0.619597815
325,0.986413576,0.981254911,0.755816877,0.616983759
326,0.986139925,0.980877941,0.756393758,0.617595839
327,0.986661342,0.981610168,0.756867096,0.617841947
328,0.986091851,0.980808777,0.754973745,0.614901778
329,0.986014193,0.980702309,0.757222099,0.61878992
330,0.98649863,0.981382613,0.757044597,0.619254039
331,0.986291542,0.98109204,0.757325642,0.619226663
332,0.986291542,0.981085673,0.755668959,0.615610165
333,0.986287844,0.981080667,0.757695437,0.619780424
334,0.986302636,0.98110609,0.755846461,0.61599665
335,0.986716811,0.981691218,0.757370017,0.618809695
336,0.986003099,0.980691632,0.75682272,0.618968155
337,0.986147321,0.98088717,0.757325642,0.618269812
338,0.986269354,0.981057186,0.757044597,0.618706038
339,0.986213884,0.980985995,0.757029805,0.619310281
340,0.986139925,0.980879502,0.755476666,0.616067074
341,0.986224978,0.981002749,0.757044597,0.617783259
342,0.986539308,0.981435391,0.756778345,0.617791311
343,0.986236072,0.981010398,0.75337623,0.611723062
344,0.985699864,0.980256608,0.757828563,0.619751022
345,0.986576288,0.981492623,0.755950004,0.6169704
346,0.98638769,0.981224273,0.755373123,0.615609892
347,0.986291542,0.981096476,0.756201464,0.617799833
348,0.986642852,0.981583456,0.754766659,0.615381046
349,0.986487536,0.98136722,0.758257525,0.619602914
350,0.986395086,0.981229688,0.759204201,0.622760874
351,0.986210186,0.980974393,0.758183566,0.61963704
352,0.986224978,0.980996546,0.757443976,0.618562456
353,0.98627675,0.981076078,0.755772502,0.615656789
354,0.986080757,0.980787488,0.758760447,0.620323594
355,0.986261958,0.981045435,0.75772502,0.620267545
356,0.986084455,0.980801902,0.75862732,0.62096999
357,0.986432066,0.981286818,0.756955846,0.617251741
358,0.986191697,0.980949757,0.756955846,0.616698159
359,0.986095549,0.980812998,0.756467717,0.61661699
360,0.986228676,0.981002326,0.755535833,0.615999442
361,0.985925441,0.980578264,0.75805044,0.619489613
362,0.986169509,0.980920898,0.755047704,0.615134331
363,0.986117737,0.980851628,0.756452925,0.617795213
364,0.986058569,0.980761773,0.757296058,0.618489583
365,0.986054871,0.980752643,0.756911471,0.618346493
366,0.986139925,0.980870914,0.758168774,0.619374665
367,0.986302636,0.98110686,0.755654168,0.615363122
368,0.98631373,0.981118985,0.756970638,0.61813787
369,0.986402482,0.981240274,0.758272317,0.620059518
370,0.986417274,0.981264506,0.756793137,0.618408838
371,0.986702019,0.981662417,0.758597737,0.623216512
372,0.986128831,0.980861952,0.755077287,0.613780556
373,0.986128831,0.98086898,0.756097922,0.616186774
374,0.985773823,0.980364134,0.756290215,0.617068749
375,0.986036381,0.980738232,0.755461874,0.615677887
376,0.986121435,0.980847448,0.758819614,0.621333519
377,0.986195395,0.980950486,0.757621478,0.620413269
378,0.986361804,0.981187321,0.755432291,0.615881424
379,0.986576288,0.981488092,0.757133348,0.618827626
380,0.986339616,0.981150176,0.75879003,0.621392584
381,0.986003099,0.980686509,0.756216256,0.617281657
382,0.986287844,0.98108144,0.757591894,0.618777333
383,0.98642467,0.981279482,0.756837512,0.619159041
384,0.986650248,0.981593653,0.755313956,0.615749129
385,0.986417274,0.981266226,0.755654168,0.616417044
386,0.98640618,0.981251211,0.756586051,0.617817827
387,0.986173207,0.980931933,0.757798979,0.619492471
388,0.9863692,0.981194261,0.755831669,0.616535415
389,0.986128831,0.980863319,0.755698543,0.616495611
390,0.986273052,0.981069917,0.758967532,0.621706326
391,0.986180603,0.9809363,0.755979587,0.617744514
392,0.986487536,0.98137007,0.756068338,0.617954361
393,0.98638769,0.981219675,0.757932106,0.619993034
394,0.985818199,0.980431777,0.757192515,0.619008936
395,0.986287844,0.981085493,0.756260632,0.617626584
396,0.986036381,0.980727811,0.757547519,0.618911441
397,0.98638769,0.981228103,0.75698543,0.618825549
398,0.986428368,0.981280095,0.757798979,0.620251403
399,0.986284146,0.981080295,0.756674802,0.617655262
400,0.985441004,0.979897573,0.756719178,0.617342547
401,0.986273052,0.981065861,0.756911471,0.618062657
402,0.98570726,0.980268632,0.756615635,0.617277633
403,0.98627675,0.981067389,0.754411656,0.614269451
404,0.986265656,0.981051794,0.756364174,0.618841552
405,0.986483838,0.98135556,0.754677908,0.615901248
406,0.986273052,0.981061224,0.755476666,0.615083708
407,0.986380294,0.981210813,0.757340433,0.619011124
408,0.986642852,0.981584958,0.757710229,0.619529871
409,0.986583684,0.981500178,0.761363804,0.627525223
410,0.986487536,0.98136684,0.75534354,0.615991828
411,0.986162113,0.980908748,0.756216256,0.615943886
412,0.986465348,0.981337956,0.75731085,0.619477236
413,0.986339616,0.981156138,0.755284372,0.615541922
414,0.986509724,0.981395159,0.756541676,0.618342029
415,0.986491234,0.981372604,0.754766659,0.614880717
416,0.985810803,0.980411976,0.754293321,0.614298651
417,0.985955025,0.980613547,0.755994379,0.616300707
418,0.986347012,0.981164034,0.757710229,0.61937073
419,0.98666504,0.981609922,0.753849567,0.612666713
420,0.986199093,0.980961709,0.757059389,0.619109462
421,0.986432066,0.9812851,0.757296058,0.618329844
422,0.986132529,0.980867933,0.755609792,0.616285011
423,0.985910649,0.98055805,0.756763553,0.61765253
424,0.98666504,0.981609735,0.756364174,0.618010622
425,0.986125133,0.980852258,0.756763553,0.617421246
426,0.986328522,0.981136504,0.756778345,0.618022162
427,0.98638769,0.981224082,0.758020856,0.621293145
428,0.986069663,0.980776395,0.754027069,0.611626223
429,0.986180603,0.980933576,0.755387915,0.614800494
430,0.98631373,0.981114938,0.75756231,0.619421353
431,0.986169509,0.980919146,0.757266474,0.620226799
432,0.986324824,0.981137465,0.759736706,0.622633181
433,0.986491234,0.981367663,0.756349382,0.618226487
434,0.986173207,0.980925318,0.759292952,0.621865923
435,0.985518662,0.980006127,0.754396864,0.614291024
436,0.985881065,0.980512454,0.757222099,0.618825333
437,0.985840387,0.980450821,0.75485541,0.615413176
438,0.986065965,0.980772567,0.754603949,0.614078347
439,0.986579986,0.981490643,0.754929369,0.614894705
440,0.986176905,0.980928571,0.753095185,0.611362049
441,0.985673978,0.98021895,0.755136454,0.615702479
442,0.986247166,0.98103122,0.759174617,0.622276872
443,0.986395086,0.981232369,0.756881887,0.617571781
444,0.986487536,0.981364179,0.754677908,0.61479503
445,0.986243468,0.981020795,0.758435027,0.621046525
446,0.985866273,0.980494029,0.753139561,0.611368558
447,0.986176905,0.980926625,0.756941055,0.619188876
448,0.986594778,0.981516701,0.755136454,0.615952116
449,0.986062267,0.980769918,0.757532727,0.620344636
450,0.985844085,0.980462809,0.755032912,0.614259427
451,0.986273052,0.981062384,0.756009171,0.616653885
452,0.986457952,0.981319186,0.757015014,0.616827226
453,0.986213884,0.980984443,0.758065232,0.620157919
454,0.985929139,0.980576726,0.757015014,0.617005899
455,0.986280448,0.981078765,0.757103765,0.618480054
456,0.986102945,0.980830052,0.757754604,0.619749704
457,0.986361804,0.98118924,0.75714814,0.620428168
458,0.986191697,0.980948785,0.756970638,0.619816735
459,0.986435764,0.981291632,0.758346276,0.620801708
460,0.986202791,0.980969043,0.754470823,0.614648868
461,0.986017891,0.980710463,0.757325642,0.619562193
462,0.985932837,0.980591243,0.757946897,0.618625897
463,0.986147321,0.980888535,0.754737076,0.614726863
464,0.986439462,0.981293584,0.757325642,0.61926201
465,0.986099247,0.980819961,0.755491458,0.615617152
466,0.986269354,0.981061437,0.756778345,0.618713043
467,0.986088153,0.980805927,0.757236891,0.619969435
468,0.98638769,0.981220442,0.756231048,0.61651231
469,0.986054871,0.980758142,0.757577102,0.620282199
470,0.986376596,0.981211942,0.756911471,0.617440291
471,0.986014193,0.980701128,0.756852304,0.617809812
472,0.986816657,0.981829858,0.755772502,0.615674682
473,0.986054871,0.98075775,0.756733969,0.618493087
474,0.986539308,0.98143558,0.753819984,0.611969877
475,0.986735301,0.98170654,0.757695437,0.619214766
476,0.986187999,0.980946891,0.757177724,0.618197042
477,0.98627675,0.981070866,0.757843355,0.619376439
478,0.986457952,0.981323759,0.75879003,0.622006908
479,0.986420972,0.981268555,0.756438133,0.617301167
480,0.986184301,0.980938386,0.755003328,0.615413193
481,0.986494932,0.981371909,0.755254789,0.615709773
482,0.986787073,0.981783699,0.756260632,0.616665891
483,0.986502328,0.981387427,0.756793137,0.617503373
484,0.986269354,0.981052352,0.755269581,0.61545613
485,0.986169509,0.980917978,0.757177724,0.616627744
486,0.986254562,0.981036585,0.757103765,0.61899348
487,0.986154717,0.980898154,0.755639376,0.6150261
488,0.985969817,0.980638313,0.757517935,0.620224719
489,0.98653561,0.981435877,0.756896679,0.617087207
490,0.986158415,0.980904133,0.755417499,0.616170292
491,0.9863692,0.981202317,0.755728127,0.61616772
492,0.986228676,0.981002908,0.755861253,0.616296641
493,0.986195395,0.980954567,0.758257525,0.620732868
494,0.986213884,0.980980562,0.758494194,0.620169827
495,0.98640618,0.98124949,0.75657126,0.619183154
496,0.986420972,0.981272377,0.756733969,0.617606027
497,0.986383992,0.981223482,0.756911471,0.617529324
498,0.986062267,0.980768544,0.755787294,0.615187395
499,0.986213884,0.980975127,0.756305007,0.618148105
500,0.986265656,0.98105508,0.757754604,0.617850893
501,0.986372898,0.981200994,0.75772502,0.618534131
502,0.986395086,0.981235432,0.756926263,0.617579298
503,0.98631373,0.981121296,0.757651061,0.620001855
504,0.986047475,0.980749902,0.756053546,0.618629174
505,0.98631373,0.981118407,0.75788773,0.620179143
506,0.98633222,0.981146705,0.754914577,0.613713193
507,0.986132529,0.980866761,0.756201464,0.617409471
508,0.986513422,0.981400354,0.757296058,0.618844081
509,0.985574132,0.980084441,0.755136454,0.61477241
510,0.986254562,0.981041615,0.758819614,0.621192761
511,0.986761187,0.981748662,0.75714814,0.61986571
512,0.986243468,0.981020795,0.755387915,0.614961932
513,0.986354408,0.981181534,0.758124399,0.620867146
514,0.9863692,0.98120155,0.756645219,0.617395349
515,0.986402482,0.981246207,0.755683751,0.616481297
516,0.986051173,0.98075196,0.758272317,0.620905632
517,0.986110341,0.98083204,0.756319799,0.617257562
518,0.986154717,0.980892695,0.754825826,0.613717402
519,0.985984609,0.980662279,0.75534354,0.614344339
520,0.986173207,0.980924151,0.755713335,0.617078996
521,0.986210186,0.980980603,0.755550625,0.615692293
522,0.985977213,0.980653653,0.755210413,0.615506145
523,0.986361804,0.981188472,0.755728127,0.614806867
524,0.986151019,0.980894319,0.756260632,0.617484563
525,0.986099247,0.98081722,0.756112714,0.617323493
526,0.98633222,0.981145166,0.755935212,0.616724739
527,0.986317428,0.981128611,0.75485541,0.615306051
528,0.986176905,0.980927404,0.758435027,0.620094447
529,0.986531912,0.981424243,0.756896679,0.618792476
530,0.986546704,0.981448808,0.757591894,0.618528864
531,0.986280448,0.981070656,0.75747356,0.618821779
532,0.985999401,0.980681899,0.754456031,0.614186771
533,0.986254562,0.98103852,0.756467717,0.617809555
534,0.98629524,0.981099551,0.757000222,0.617829061
535,0.986487536,0.981372159,0.757000222,0.617917946
536,0.986028985,0.980719375,0.756319799,0.617825825
537,0.985851481,0.980475009,0.755846461,0.616923505
538,0.986106643,0.98082997,0.755654168,0.614249352
539,0.986165811,0.980907323,0.757577102,0.619683011
540,0.98627675,0.981068934,0.757798979,0.619810532
541,0.986413576,0.981263705,0.757739812,0.618903574
542,0.986265656,0.981056046,0.755092079,0.614172861
543,0.986206488,0.980966086,0.756630427,0.617754339
544,0.986343314,0.981164218,0.75756231,0.619509704
545,0.986446858,0.981306266,0.757044597,0.618404851
546,0.986280448,0.981079151,0.756763553,0.617581395
547,0.986136227,0.980874303,0.756275423,0.616715904
548,0.986088153,0.980796325,0.754796243,0.614533194
549,0.985940233,0.980592337,0.756157089,0.617934039
550,0.986524516,0.981416317,0.757458768,0.618150486
551,0.986224978,0.980996352,0.756275423,0.616840686
552,0.986280448,0.981074518,0.755772502,0.617278227
553,0.986469046,0.98134296,0.756275423,0.617072207
554,0.986169509,0.980918562,0.75731085,0.619070837
555,0.985836689,0.980449808,0.755092079,0.614190842
556,0.986439462,0.981296637,0.757059389,0.617744263
557,0.98631373,0.9811238,0.757266474,0.619733976
558,0.986265656,0.981054307,0.759159825,0.620625379
559,0.986565194,0.981476666,0.755816877,0.616681373
560,0.986099247,0.980824657,0.756793137,0.619433386
561,0.986557798,0.981462877,0.756334591,0.616808951
562,0.986291542,0.98109069,0.75960358,0.62088271
563,0.986491234,0.981364242,0.756556468,0.615628941
564,0.986154717,0.980900103,0.755639376,0.615097856
565,0.986247166,0.981028124,0.756556468,0.618444846
566,0.986106643,0.980827035,0.757798979,0.619898788
567,0.986176905,0.980930517,0.756097922,0.616704247
568,0.985999401,0.980681505,0.754811035,0.614995122
569,0.986010495,0.980696123,0.756393758,0.618234081
570,0.986232374,0.98100578,0.756556468,0.617753623
571,0.986635456,0.981567619,0.756926263,0.618732744
572,0.986291542,0.981088954,0.754884994,0.613810622
573,0.986228676,0.980998255,0.756201464,0.617409471
574,0.986165811,0.980916673,0.756127505,0.616982228
575,0.985881065,0.980514045,0.758080024,0.620401532
576,0.985980911,0.980654709,0.757103765,0.618816593
577,0.985821897,0.980431587,0.755239997,0.613378817
578,0.986398784,0.981241011,0.75666001,0.618244262
579,0.986125133,0.980859487,0.756201464,0.618224775
580,0.986110341,0.980836344,0.757665853,0.620509138
581,0.986184301,0.980939553,0.757340433,0.62014032
582,0.986143623,0.980879824,0.756763553,0.617688087
583,0.986361804,0.981190199,0.757029805,0.617163101
584,0.986091851,0.980816412,0.755713335,0.616403038
585,0.986391388,0.981227746,0.757429184,0.619486275
586,0.986439462,0.9812974,0.757828563,0.619450514
587,0.98648014,0.98135588,0.758020856,0.620202911
588,0.985936535,0.9805907,0.75624584,0.6164374
589,0.985918045,0.980565281,0.75862732,0.62184835
590,0.985962421,0.980629491,0.754515199,0.615619789
591,0.98629524,0.981090293,0.758006065,0.619870812
592,0.98622128,0.980991542,0.757591894,0.618457813
593,0.986509724,0.981397815,0.755121663,0.615277358
594,0.986199093,0.980961321,0.756719178,0.619167805
595,0.98657259,0.981484409,0.758109607,0.619936319
596,0.986191697,0.980951506,0.754796243,0.614497337
597,0.986062267,0.980773449,0.75501812,0.614101309
598,0.986287844,0.981084142,0.755565417,0.61752112
599,0.98662806,0.981567572,0.756275423,0.616269592
600,0.985699864,0.980263057,0.756615635,0.617882025
601,0.985851481,0.980468431,0.757784188,0.618591759
602,0.986539308,0.981444665,0.758153983,0.620173768
603,0.986010495,0.980704985,0.755521041,0.6151446
604,0.986069663,0.980771881,0.757991273,0.619732714
605,0.986232374,0.981007137,0.757399601,0.618625741
606,0.98622128,0.980992899,0.75682272,0.618384401
607,0.985958723,0.980632393,0.757207307,0.619500209
608,0.986224978,0.981000811,0.755950004,0.616436127
609,0.986247166,0.981029866,0.75772502,0.618960102
610,0.986114039,0.980838219,0.754337697,0.614054657
611,0.986702019,0.981661108,0.753775608,0.611963262
612,0.986273052,0.981060645,0.758035648,0.619014347
613,0.986228676,0.981000582,0.758124399,0.618638929
614,0.986454254,0.981321802,0.757591894,0.620331758
615,0.986058569,0.980762362,0.755890836,0.616450136
616,0.986531912,0.981429358,0.756009171,0.616529118
617,0.9863692,0.981200208,0.756423341,0.616431017
618,0.986269354,0.981057379,0.754204571,0.612431487
619,0.98644316,0.98129859,0.75772502,0.62032036
620,0.9863692,0.981195988,0.753982694,0.612614711
621,0.985844085,0.980457622,0.754988536,0.615773602
622,0.986176905,0.980927793,0.757399601,0.618235144
623,0.986594778,0.981515759,0.756452925,0.617635447
624,0.986187999,0.980948057,0.757103765,0.618710381
625,0.986080757,0.980793959,0.755239997,0.616265857
626,0.986620664,0.981554932,0.75608313,0.617490141
627,0.986347012,0.981166148,0.756112714,0.616540304
628,0.986561496,0.981464101,0.756349382,0.61709052
629,0.98662806,0.981560804,0.756038755,0.61650429
630,0.986217582,0.980989447,0.755668959,0.617319989
631,0.986269354,0.981059311,0.75763627,0.619599285
632,0.986095549,0.980815543,0.757074181,0.618575377
633,0.98633222,0.981148628,0.755239997,0.615784708
634,0.986472744,0.981345681,0.756719178,0.61821305
635,0.98561481,0.980139078,0.756068338,0.615943548
636,0.986058569,0.98076511,0.754796243,0.613220094
637,0.986358106,0.981184619,0.756512092,0.619055333
638,0.986269354,0.981062982,0.755254789,0.614438179
639,0.985977213,0.980653061,0.755787294,0.616581514
640,0.986169509,0.980912719,0.756911471,0.617813953
641,0.985844085,0.980465002,0.755816877,0.615681892
642,0.986228676,0.981000388,0.755417499,0.614900901
643,0.986457952,0.981318614,0.75714814,0.618008376
644,0.98627675,0.981068355,0.758006065,0.619676399
645,0.986328522,0.9811417,0.757015014,0.617059468
646,0.986339616,0.981159213,0.756512092,0.618171696
647,0.986139925,0.980874038,0.757710229,0.619812459
648,0.986310032,0.981117255,0.757651061,0.620283675
649,0.986509724,0.981396108,0.755166038,0.61517716
650,0.986139925,0.98087599,0.756630427,0.61818013
651,0.986372898,0.981210962,0.760136085,0.623496633
652,0.986261958,0.981050076,0.757828563,0.620244943
653,0.98638769,0.981223124,0.755890836,0.615574553
654,0.986247166,0.981028124,0.75592042,0.61594321
655,0.986365502,0.981196355,0.755062495,0.614665022
656,0.986483838,0.981355751,0.759366911,0.622271756
657,0.986058569,0.98076138,0.755683751,0.616303111
658,0.986321126,0.981133423,0.757000222,0.617953488
659,0.986261958,0.981052975,0.757118556,0.620294145
660,0.986077059,0.980787189,0.756482509,0.616452718
661,0.986561496,0.98147204,0.757414392,0.618746513
662,0.98635071,0.981172114,0.758834406,0.619811585
663,0.986391388,0.981227746,0.755225205,0.616696007
664,0.986206488,0.980969582,0.754293321,0.614906688
665,0.98644316,0.981302787,0.755402707,0.615942029
666,0.986402482,0.981252517,0.757458768,0.618931418
667,0.986032683,0.980732836,0.756127505,0.61691103
668,0.986561496,0.981461832,0.755358331,0.615022928
669,0.986121435,0.980851943,0.75747356,0.61947642
670,0.986520818,0.98141662,0.756378966,0.617617013
671,0.985958723,0.980626068,0.755831669,0.616000186
672,0.98570726,0.980270848,0.757296058,0.62023793
673,0.98644316,0.981302405,0.755254789,0.616226748
674,0.985951327,0.980617841,0.758686488,0.620922019
675,0.986243468,0.981019827,0.756068338,0.616372392
676,0.98653561,0.981430954,0.755269581,0.614739783
677,0.986420972,0.981274096,0.75895274,0.622340672
678,0.986117737,0.980849088,0.756955846,0.618300927
679,0.986310032,0.981112438,0.758997116,0.622453945
680,0.986317428,0.981127071,0.756807928,0.618564833
681,0.985910649,0.980561224,0.756393758,0.616491628
682,0.986054871,0.98075991,0.754160195,0.613326509
683,0.986021589,0.980714483,0.75763627,0.619510949
684,0.986439462,0.981299499,0.758242734,0.620612813
685,0.986801865,0.981807802,0.756807928,0.61875942
686,0.986206488,0.980974824,0.756793137,0.617663473
687,0.986361804,0.981186361,0.756009171,0.616100728
688,0.98627675,0.981068934,0.757872938,0.620023677
689,0.986502328,0.981388946,0.760624214,0.62463758
690,0.986587382,0.98151329,0.755476666,0.616334393
691,0.986091851,0.980811714,0.756896679,0.618243479
692,0.986631758,0.981566374,0.757902522,0.620510561
693,0.986491234,0.981372034,0.756733969,0.619569743
694,0.986284146,0.981078751,0.75698543,0.619425977
695,0.985844085,0.980464205,0.756349382,0.616983677
696,0.986539308,0.98143255,0.75714814,0.61944277
697,0.986025287,0.980721847,0.754145403,0.612825829
698,0.986509724,0.981395159,0.75682272,0.617976484
699,0.986247166,0.981031414,0.755595,0.617744361
700,0.98633222,0.981149397,0.756541676,0.617098988
701,0.98649863,0.981382043,0.756112714,0.617589758
702,0.986173207,0.98092162,0.754515199,0.614028559
703,0.986176905,0.980936741,0.757118556,0.617944064
704,0.986243468,0.981023894,0.758435027,0.62141549
705,0.98657259,0.981486863,0.756393758,0.618570072
706,0.986040079,0.980736159,0.755713335,0.617610966
707,0.986176905,0.980927404,0.754914577,0.615684364
708,0.985685072,0.980240019,0.756438133,0.61774538
709,0.986247166,0.981030833,0.757192515,0.618778885
710,0.986162113,0.980903681,0.757577102,0.619099635
711,0.986398784,0.981241202,0.756216256,0.616533656
712,0.986472744,0.981345301,0.756719178,0.617289122
713,0.986524516,0.981418781,0.757577102,0.619382707
714,0.98631373,0.981117829,0.756023963,0.617379605
715,0.986091851,0.980808581,0.757118556,0.618954794
716,0.986054871,0.980759517,0.754973745,0.615527446
717,0.986058569,0.980757648,0.756097922,0.617024736
718,0.986310032,0.981110896,0.75518083,0.61406086
719,0.986454254,0.981321612,0.757296058,0.618897199
720,0.986358106,0.981184811,0.758849198,0.621766466
721,0.986506026,0.981395278,0.756896679,0.618580148
722,0.986176905,0.980928377,0.755476666,0.615602837
723,0.986210186,0.980978663,0.7564973,0.617411918
724,0.985862575,0.980488826,0.756615635,0.617953005
725,0.986383992,0.981221184,0.757503143,0.620509259
726,0.986147321,0.98088639,0.755861253,0.61540254
727,0.98635071,0.981177491,0.755728127,0.616132032
728,0.986465348,0.981335482,0.756704386,0.617506163
729,0.986073361,0.980777476,0.757192515,0.619309353
730,0.986380294,0.981216371,0.75805044,0.620970919
731,0.986195395,0.980951652,0.755787294,0.616474633
732,0.985862575,0.98049022,0.754840618,0.614145365
733,0.986025287,0.980713976,0.756970638,0.618793503
734,0.98627675,0.981069707,0.754825826,0.614866278
735,0.986432066,0.981285673,0.758331484,0.621191746
736,0.986095549,0.980813977,0.755935212,0.615653389
737,0.986154717,0.980896985,0.755491458,0.615438303
738,0.986746395,0.981724729,0.756009171,0.615545974
739,0.986132529,0.980866175,0.756763553,0.618521784
740,0.986043777,0.980742147,0.757281266,0.619536739
741,0.986069663,0.980776199,0.755861253,0.615241159
742,0.986546704,0.981446538,0.758183566,0.62022023
743,0.986043777,0.980739788,0.756778345,0.618553831
744,0.986502328,0.981390843,0.756630427,0.618038305
745,0.986139925,0.980874038,0.754470823,0.61423691
746,0.986261958,0.981049109,0.754426448,0.614104412
747,0.986520818,0.981409416,0.756807928,0.618050877
748,0.986176905,0.980933435,0.756793137,0.618762753
749,0.986383992,0.981214861,0.7546927,0.614952403
750,0.98623977,0.981015984,0.756157089,0.617419759
751,0.985899555,0.980538471,0.756645219,0.616771488
752,0.986328522,0.981142662,0.756452925,0.618662714
753,0.98627675,0.981068548,0.755387915,0.615176972
754,0.986605872,0.981527194,0.755121663,0.61511636
755,0.98644316,0.981304312,0.758035648,0.620217311
756,0.986531912,0.98142879,0.755772502,0.615907135
757,0.986738999,0.981714903,0.759455662,0.623773829
758,0.98627675,0.981069707,0.756926263,0.618059268
759,0.986128831,0.980865076,0.757222099,0.619055356
760,0.986069663,0.980782279,0.757991273,0.620895799
761,0.986269354,0.981058925,0.755890836,0.616396643
762,0.986432066,0.981292543,0.757384809,0.620482206
763,0.986409878,0.98125851,0.757798979,0.619792876
764,0.985951327,0.980616655,0.757222099,0.619002298
765,0.986106643,0.980834468,0.759174617,0.622346965
766,0.986420972,0.981273523,0.755269581,0.616543445
767,0.985618508,0.980147933,0.755831669,0.615355936
768,0.986269354,0.981058538,0.757606686,0.619057582
769,0.985725749,0.980294862,0.754248946,0.614846068
770,0.986476442,0.981346881,0.75666001,0.618350539
771,0.985699864,0.980260639,0.755639376,0.616527391
772,0.986321126,0.981131883,0.75657126,0.619006829
773,0.986472744,0.981347393,0.7564973,0.616145129
774,0.986709415,0.981674859,0.758582945,0.622067848
775,0.986317428,0.981124375,0.756260632,0.617289112
776,0.98648014,0.981354739,0.756260632,0.616004847
777,0.98631373,0.98112611,0.755195622,0.61490134
778,0.986210186,0.980982349,0.757503143,0.619240059
779,0.986006797,0.980690725,0.754308113,0.613738896
780,0.986065965,0.980766482,0.753494564,0.613475589
781,0.986132529,0.980864223,0.757606686,0.621118587
782,0.986398784,0.981247706,0.756867096,0.618905196
783,0.986202791,0.980969238,0.756674802,0.618488798
784,0.986236072,0.981016209,0.757458768,0.618203833
785,0.985966119,0.980630936,0.757118556,0.618317062
786,0.986284146,0.981084541,0.754796243,0.615266786
787,0.985995703,0.98067157,0.755225205,0.614031814
788,0.986409878,0.981257937,0.758479402,0.621651682
789,0.986139925,0.980878917,0.756186673,0.616219237
790,0.986254562,0.981036005,0.755550625,0.616299048
791,0.986180603,0.980929295,0.758109607,0.620571243
792,0.985921743,0.980575639,0.754204571,0.612919006
793,0.98633222,0.981145743,0.757414392,0.619895239
794,0.986224978,0.981002749,0.755979587,0.618080796
795,0.98633222,0.98114305,0.757532727,0.618631055
796,0.986439462,0.981297019,0.755639376,0.615366705
797,0.986642852,0.981580826,0.75657126,0.618441492
798,0.986324824,0.981139389,0.756793137,0.618054265
799,0.986395086,0.981232177,0.756733969,0.617534884
800,0.986121435,0.980857022,0.754618741,0.616288483
801,0.986409878,0.9812522,0.757443976,0.618562456
802,0.985951327,0.980608938,0.757517935,0.618829493
803,0.986347012,0.981171911,0.753760817,0.612887473
804,0.986602174,0.981522377,0.755683751,0.61582118
805,0.98623977,0.981020632,0.755062495,0.61598757
806,0.98653561,0.981429438,0.757606686,0.619888196
807,0.986524516,0.981415938,0.755239997,0.615499012
808,0.985836689,0.980453998,0.755595,0.616751328
809,0.986801865,0.981809656,0.757088973,0.617701834
810,0.986317428,0.981128226,0.756378966,0.616958928
811,0.986365502,0.981195204,0.756674802,0.61790393
812,0.986358106,0.981182892,0.756305007,0.616441226
813,0.986110341,0.980833214,0.757710229,0.619865398
814,0.986361804,0.981194803,0.758020856,0.621503436
815,0.986195395,0.980955733,0.756319799,0.617896739
816,0.986021589,0.980710743,0.756201464,0.616572838
817,0.986395086,0.981234666,0.757192515,0.617357048
818,0.986195395,0.980952235,0.756970638,0.616837687
819,0.986469046,0.981337631,0.755979587,0.61653611
820,0.986284146,0.981080488,0.75821315,0.619364754
821,0.986195395,0.980957094,0.756201464,0.616376501
822,0.986003099,0.980690647,0.756231048,0.617722106
823,0.986376596,0.981212134,0.755861253,0.615043732
824,0.986531912,0.981429548,0.755535833,0.616480635
825,0.98662806,0.981561933,0.753746025,0.614486847
826,0.986764885,0.981750131,0.757266474,0.619186856
827,0.986073361,0.980786891,0.756438133,0.618294775
828,0.9863692,0.981203659,0.757399601,0.618749855
829,0.986154717,0.980903415,0.757591894,0.619273302
830,0.986579986,0.981497061,0.756112714,0.616397562
831,0.986199093,0.980962486,0.757503143,0.619452182
832,0.986236072,0.981009817,0.759529621,0.621956608
833,0.986187999,0.980947669,0.757443976,0.619412338
834,0.986650248,0.981594779,0.756378966,0.616976744
835,0.986428368,0.981280668,0.755269581,0.615831147
836,0.986354408,0.981180383,0.754958953,0.615798506
837,0.985866273,0.980491838,0.756378966,0.617047991
838,0.985962421,0.980626327,0.756778345,0.616579224
839,0.986487536,0.981364369,0.759825457,0.624343521
840,0.986380294,0.981210238,0.755787294,0.61577845
841,0.986583684,0.981496782,0.755935212,0.615724999
842,0.986202791,0.980973896,0.757370017,0.618153037
843,0.9863692,0.981201934,0.757710229,0.618430861
844,0.986561496,0.981462967,0.756467717,0.617223101
845,0.986173207,0.98092454,0.756837512,0.61852273
846,0.985858877,0.980487606,0.755609792,0.616106696
847,0.986021589,0.98071153,0.756719178,0.61711093
848,0.986254562,0.981036779,0.757828563,0.620614543
849,0.986358106,0.981184235,0.756009171,0.615778808
850,0.986250864,0.981036224,0.759011907,0.621028146
851,0.985955025,0.980622449,0.75731085,0.619441932
852,0.986531912,0.981424243,0.759100658,0.621976696
853,0.986250864,0.981034483,0.757739812,0.618974502
854,0.987031141,0.982128206,0.756334591,0.617325249
855,0.986328522,0.981141123,0.75534354,0.615777736
856,0.986298938,0.981106097,0.757976481,0.619523765
857,0.98623977,0.981016565,0.756970638,0.616390381
858,0.986265656,0.98105566,0.757872938,0.618962266
859,0.986287844,0.981089544,0.757577102,0.619506419
860,0.986102945,0.980830443,0.756364174,0.616891122
861,0.986110341,0.980830475,0.75763627,0.620057971
862,0.985862575,0.98048524,0.754411656,0.613497218
863,0.98640618,0.981246429,0.757162932,0.618750145
864,0.985855179,0.980476626,0.755654168,0.616523899
865,0.986058569,0.980762165,0.754973745,0.616613049
866,0.986043777,0.980739002,0.75763627,0.618731821
867,0.986398784,0.981237757,0.755062495,0.613820285
868,0.986247166,0.981030059,0.757651061,0.619807862
869,0.98625826,0.981040236,0.755565417,0.616313358
870,0.986450556,0.981311081,0.754737076,0.614386381
871,0.986162113,0.980910501,0.758701279,0.620336537
872,0.986128831,0.980860585,0.755476666,0.616654685
873,0.986372898,0.981200035,0.756097922,0.615918567
874,0.986476442,0.9813465,0.755802086,0.615488529
875,0.986210186,0.980977498,0.757177724,0.619082978
876,0.986017891,0.980701799,0.754544782,0.61362578
877,0.986302636,0.981101462,0.755062495,0.614629151
878,0.986565194,0.981474966,0.756586051,0.617640225
879,0.986236072,0.981012723,0.755668959,0.615985493
880,0.986243468,0.981021376,0.756452925,0.618114345
881,0.986483838,0.981360695,0.758124399,0.620972602
882,0.986006797,0.980695847,0.756068338,0.617865832
883,0.986250864,0.981032161,0.758390652,0.620457292
884,0.986380294,0.981209855,0.755535833,0.61671189
885,0.986735301,0.981706166,0.755831669,0.616089495
886,0.985692468,0.980252245,0.757266474,0.618460823
887,0.986358106,0.981189608,0.758065232,0.620510441
888,0.98666504,0.981608234,0.757074181,0.619688303
889,0.98629524,0.981092416,0.756157089,0.617099854
890,0.986232374,0.981009075,0.757177724,0.61855191
891,0.986343314,0.981167676,0.756674802,0.618294041
892,0.986358106,0.981185195,0.758553361,0.61987378
893,0.98644316,0.981300307,0.755772502,0.616085753
894,0.98657259,0.981485919,0.758035648,0.620763203
895,0.986273052,0.9810676,0.75944087,0.622466746
896,0.986099247,0.980821135,0.756319799,0.616205386
897,0.985936535,0.980593869,0.756526884,0.618221459
898,0.986147321,0.980890485,0.756216256,0.616462265
899,0.986191697,0.980955004,0.758553361,0.621706181
900,0.986298938,0.981098385,0.756171881,0.616668992
901,0.986487536,0.98136608,0.757754604,0.621016824
902,0.986650248,0.981593841,0.755476666,0.616423417
903,0.986128831,0.980860585,0.756793137,0.617965519
904,0.986291542,0.981094355,0.756556468,0.619010139
905,0.986106643,0.980830166,0.755358331,0.615720625
906,0.98642467,0.981279864,0.757266474,0.620015746
907,0.986509724,0.981395349,0.758316693,0.619908344
908,0.98627675,0.981071638,0.756482509,0.61636334
909,0.985906951,0.980554039,0.755861253,0.617488238
910,0.986457952,0.981321092,0.758227942,0.620210517
911,0.985980911,0.980655893,0.756867096,0.618799137
912,0.98622128,0.980987468,0.755802086,0.616328523
913,0.986173207,0.980927654,0.755062495,0.61522017
914,0.986328522,0.981144778,0.755994379,0.617262181
915,0.98635071,0.981172114,0.758065232,0.621125782
916,0.985962421,0.980632455,0.756482509,0.616488457
917,0.98666504,0.981611235,0.754825826,0.614454188
918,0.986154717,0.980897959,0.756881887,0.616876457
919,0.986106643,0.980826057,0.75772502,0.619526586
920,0.98662806,0.981568887,0.756793137,0.617645691
921,0.986513422,0.981394851,0.755935212,0.616118375
922,0.986779677,0.981776847,0.75756231,0.619509704
923,0.98648014,0.981351886,0.758390652,0.619998139
924,0.986291542,0.981085866,0.756423341,0.616823735
925,0.986102945,0.980822617,0.756349382,0.616609254
926,0.986506026,0.98139395,0.757917314,0.619713728
927,0.986147321,0.980891655,0.757340433,0.619099584
928,0.986358106,0.981182316,0.754633533,0.615074024
929,0.986173207,0.980936211,0.755979587,0.616089921
930,0.986114039,0.980838219,0.758198358,0.61984605
931,0.98642467,0.981278145,0.757503143,0.620263134
932,0.986302636,0.981103198,0.756763553,0.618698697
933,0.986017891,0.980706329,0.756452925,0.617333302
934,0.986191697,0.980949368,0.757932106,0.620539337
935,0.986165811,0.980915894,0.757828563,0.621544152
936,0.986273052,0.981064702,0.753435397,0.61174388
937,0.986228676,0.981006977,0.75550625,0.615845864
938,0.985973515,0.980640946,0.754707492,0.614339868
939,0.98622128,0.980983004,0.757266474,0.617553836
940,0.986040079,0.980734193,0.759500037,0.623049637
941,0.986413576,0.981257588,0.757577102,0.618957941
942,0.98625826,0.98104101,0.754973745,0.614489516
943,0.986372898,0.981196005,0.755994379,0.616104259
944,0.985892159,0.980521901,0.756319799,0.615811567
945,0.985969817,0.98063772,0.758716071,0.621320457
946,0.98648014,0.981350745,0.756127505,0.615732432
947,0.986114039,0.980841934,0.757355225,0.618795315
948,0.986306334,0.981109552,0.755831669,0.615355936
949,0.986750093,0.981735695,0.755846461,0.617456197
950,0.98662806,0.981559864,0.757532727,0.619109583
951,0.985888461,0.980520873,0.756778345,0.615862633
952,0.986284146,0.98107373,0.755802086,0.616185804
953,0.986021589,0.980708971,0.75640855,0.617236891
954,0.986317428,0.981125531,0.75763627,0.619422572
955,0.986054871,0.98075775,0.757015014,0.619119386
956,0.986339616,0.981157483,0.757296058,0.61857827
957,0.986321126,0.98113323,0.756541676,0.617881271
958,0.985966119,0.980639237,0.755802086,0.615900049
959,0.986051173,0.980755102,0.755816877,0.616396338
960,0.986102945,0.980823204,0.756186673,0.616522811
961,0.986324824,0.98113015,0.755876045,0.616969922
962,0.986180603,0.980928906,0.756733969,0.61741032
963,0.985943931,0.980600709,0.757088973,0.617541572
964,0.986173207,0.980923761,0.756009171,0.616546947
965,0.986476442,0.981348213,0.755668959,0.615949779
966,0.985999401,0.980675983,0.754426448,0.61370934
967,0.986180603,0.980934938,0.757665853,0.618742873
968,0.986191697,0.980948008,0.756674802,0.618240891
969,0.986420972,0.981273905,0.756793137,0.618072009
970,0.986587382,0.981498768,0.756926263,0.619615287
971,0.985903253,0.980545859,0.759100658,0.62311395
972,0.986543006,0.981441532,0.755713335,0.615492072
973,0.985910649,0.980553883,0.755195622,0.614201128
974,0.986202791,0.980970402,0.756763553,0.619686387
975,0.986328522,0.981142277,0.757932106,0.620239946
976,0.986265656,0.981052567,0.756556468,0.617842381
977,0.986021589,0.980709168,0.755595,0.614372068
978,0.986539308,0.981433497,0.757236891,0.618041333
979,0.986084455,0.980799355,0.756970638,0.617835876
980,0.986125133,0.980858901,0.755387915,0.616319807
981,0.986287844,0.981083177,0.755742918,0.616146354
982,0.98649863,0.981379764,0.757902522,0.620175907
983,0.98633222,0.981146897,0.756955846,0.619132612
984,0.986114039,0.980843107,0.756038755,0.616486455
985,0.986376596,0.981210409,0.755979587,0.61746087
986,0.985947629,0.980608089,0.756645219,0.617555442
987,0.98646165,0.981325526,0.754648325,0.61395955
988,0.985910649,0.980558646,0.758272317,0.620059518
989,0.986202791,0.980973896,0.756837512,0.616332532
990,0.986250864,0.981033322,0.755772502,0.616085753
991,0.986428368,0.981278949,0.756171881,0.617131974
992,0.985899555,0.980538869,0.75550625,0.61561359
993,0.986058569,0.980766091,0.75550625,0.615524179
994,0.985718354,0.980290488,0.757798979,0.619810532
995,0.98568877,0.980247645,0.755077287,0.61496605
996,0.986154717,0.980894645,0.757074181,0.618025352
997,0.986335918,0.981153825,0.756896679,0.617888447
998,0.98623977,0.981013272,0.756837512,0.618682007
999,0.986088153,0.98080338,0.75608313,0.61645811
avg,0.986255069,0.981038984,0.756635915,0.617740683
